scenario,attempt_id,status,failure_category,elapsed_seconds,wall_seconds,duration_bound_seconds,duration_bound_kind,score,average_gpus,request_sla_pass_fraction
1,worker-36-e95aeed420e84f1986f5947def193848,completed,,13670.417636156082,227.47079308499815,,,18.337583622687802,39.99999999999429,0.4173623511904762
1,worker-37-9614f03ca0794ec49d7f0b049bc9cae5,completed,,11608.173701047897,92.48393741203472,,,14.013174058292082,87.99999999999474,0.6810546875
1,worker-61-1d92c91897d04ea49bae6b6782bdfe1b,completed,,12375.731256008148,406.8623740859912,,,16.60871321097892,111.99999999999945,0.9999497767857143
1,worker-39-13fa0847b9364fb7aa8b624331966645,completed,,11608.615271091461,92.92073728196556,,,15.083081163195377,79.99999999999505,0.6678943452380952
1,worker-30-6ae729ffacb84df485ce7b0ad440ec82,completed,,183.56500101089478,169.32275371899595,,,4.040260639245882,207.99999999995532,0.4982552083333333
1,worker-56-ba5d4bd210ae4f42985d7ca724cb6b56,completed,,14293.455052137375,188.91070645395666,,,19.09683391203821,39.99999999999754,0.4353143601190476
1,worker-33-483af134f2ce49dc9ebfe3ea88221b9a,completed,,9918.497946023941,1536.6265933639952,,,0.022131558641965223,48.00000000002187,0.0010026041666666666
1,worker-43-268052c2bd00412fb42eb76aac08043f,completed,,12121.664284944534,152.79697587701958,,,19.998661908441253,71.99999999998185,0.8339155505952381
1,worker-4-8e8ce9d5e16e462a83c2e16f5390c6d9,completed,,1503.2477531433105,348.2965556199779,,,0.015977631843801902,183.99999999998178,0.002654389880952381
1,worker-7-3de52b413b774a659fe0157d25bf6ab3,completed,,87.18238115310669,72.96039823198225,,,0.8785405487163029,176.00000000000543,0.12205543154761905
1,worker-12-fab0deecedc04702b4d06a9b146d7aba,completed,,540.2427401542664,526.0230158400373,,,1.8831650270059233,72.00000000000954,0.10801897321428572
1,worker-33-adda8b06edaa42d9b3e5742a160cdb43,completed,,10892.284805059433,109.58774326503044,,,15.664988942624923,112.00000000000527,0.9420163690476191
1,worker-33-db59d8b8d65e44818aef6318ac93073c,completed,,10372.868947029114,250.15339925000444,,,11.972467029117317,152.00000000000784,0.9845740327380952
1,worker-37-16ee8765d7c244e192404ae54155ce5e,completed,,12958.59059214592,104.77739808004117,,,1.253975694444409,16.00000000000045,0.009929315476190477
1,worker-5-66244d4204dd4cc3a6e53acd04337da0,completed,,169.96269512176514,155.748956995958,,,0.0040015691773503965,208.0000000000016,0.0012202380952380952
1,worker-7-c5173e151c8344ad84579e81136ddb57,completed,,1254.143273115158,99.18951819703216,,,0.08872793692128962,32.00000000000241,0.004295014880952381
1,worker-5-091c9798fddc45bd84c4ce08b8c4f2f2,completed,,1231.477648973465,76.52577968599508,,,13.230109230331696,63.99999999996313,0.5306956845238096
1,worker-52-64a9aab296e942a3981c7d4e8eea7e80,completed,,13011.572287082672,157.75795869599096,,,13.66184847609029,47.999999999964714,0.4515922619047619
1,worker-24-e4f23b07330748f3a1b08a00e83958de,completed,,101.86672902107239,87.64696578501025,,,1.8341984049478275,256.00000000001245,0.29439174107142857
1,worker-1-6a3a75b23f56427ba9959675c2899789,failed,virtual_cap_incomplete,1526.2007110118866,371.2490350479493,,,,,
1,worker-16-1963ecf7e4bb43b98659732103fdba4e,completed,,238.5435230731964,224.32777174102375,,,8.018569604084881,232.00000000005684,1.0
1,worker-33-a3bbb4e0efd5487987443c57ed4b674d,completed,,12331.9009411335,363.5839995550341,,,20.494291614060252,87.99999999998707,0.9698418898809524
1,worker-16-e8dac7428db5420d880bb64b1a497ce7,completed,,1343.084990978241,188.13266275200294,,,1.0843938078701223,32.00000000000732,0.022297247023809523
1,worker-11-5f2c62110cc64a2db49b2f565030f7a3,completed,,917.9028029441833,903.6836290109786,,,0.01023781105324112,191.99999999999292,0.0020870535714285713
1,worker-41-b25c2b88f2c64033b26a45f57a16ffc8,completed,,13012.449943065643,158.63544623699272,,,13.618106915519405,47.99999999996424,0.45004464285714285
1,worker-62-578376facba045ee976876831753f312,completed,,12934.07957816124,80.26584113598801,,,13.047519531258853,47.999999999967436,0.42164620535714287
1,worker-61-015a7685f23243eda86ce960c07105a0,completed,,14208.055794000626,103.5112165749888,,,13.748263406645844,47.99999999996494,0.4552436755952381
1,worker-36-e983ff60e0264c9a9b4c9d4b473e0bbe,completed,,10890.314548969269,107.08128370699706,,,16.405415108617706,104.00000000000334,0.9160230654761905
1,worker-53-3a2fa5baebe4457990f618699978af71,completed,,13583.954308986664,141.008194627997,,,29.498664062504197,39.99999999999431,0.6657979910714286
1,worker-47-c37672ff1e694ffb90f939a02c4908d3,completed,,12541.253950119019,572.3887087710318,,,3.103942740483826,71.99999999999335,0.14264322916666666
1,worker-26-2780d16d8b754e58a0c7fa5776b70df3,completed,,4058.9327580928802,2903.9811798449955,,,0.002658534356725444,151.99999999998298,0.0003627232142857143
1,worker-32-8de0c54347a34e43a7734b8d369db2cc,completed,,618.3959360122681,604.1501673250459,,,3.1113663325968184,175.99999999999903,0.3749869791666667
1,worker-24-a1e152045a8f4a5f82b851397c4c534b,completed,,1570.8736979961395,415.92298321594717,,,2.058469413807362,135.99999999998863,0.2432440476190476
1,worker-38-1b6a7beac10546a08a4c2da3944a68f9,completed,,13288.004457950592,434.19082496804185,,,0.08586275077168291,47.99999999995641,0.004224330357142857
1,worker-31-9386483148f349a8be19c67f69ce9d54,failed,virtual_cap_incomplete,273.6604940891266,259.4133491250104,,,,,
1,worker-51-dce44f0247674a518128c7001d5be4c7,completed,,14292.005049943924,187.4586997659644,,,32.8217742091108,47.99999999999143,0.8577883184523809
1,worker-4-e39b8ba313ad4f8f9612692a5fd91357,completed,,132.14193105697632,117.92865749401972,,,0.09961733217593238,15.999999999998964,0.0012388392857142856
1,worker-18-1cf3ec3bd4964ca4abf1c4a8d5d51cff,completed,,1246.7053320407867,91.75294171803398,,,1.5283592988547448,152.0000000000031,0.19476190476190477
1,worker-35-3eb45c5fa93f4a8d8a2510050168942f,completed,,10878.77012515068,96.07318218,,,16.974622034141216,96.00000000001302,0.8780915178571429
1,worker-25-06dd46ea0d3046e5a0c5e7404e70b034,completed,,113.12413001060486,98.90498637896962,,,1.0440058352623534,95.99999999999929,0.08781808035714286
1,worker-12-3efcc53739ad47afb32a61a6572a2257,completed,,1622.7328169345856,467.77970967895817,,,0.0053961226851855235,159.99999999998997,0.0007570684523809524
1,worker-58-3ab4f8beeb1042f3858473bb66b8131e,completed,,13745.92422914505,302.97732090594945,,,19.080840386285015,63.99999999999901,0.6725316220238096
1,worker-1-73cdff7078e04777b483f08df2062739,completed,,154.20358109474182,139.98247254401213,,,12.238938802083744,143.99999999999517,0.947710193452381
1,worker-60-6805efa1824e4d7aa3b528a03abf5f4d,failed,runner_error,14119.313616991043,14.768579156021588,,,,,
1,worker-55-18808469286d4eb49c30fc9bb28e57be,completed,,12300.182507038116,331.3138854849967,,,22.291878761576932,79.99999999998974,0.9585435267857143
1,worker-14-7a202a2200664dc5b260df65123e4a14,completed,,1232.7627379894257,77.80999841401353,,,0.001344184027777883,79.99999999999373,0.0001171875
1,worker-6-fffad115f3a4493392eff682bfafd244,completed,,1407.1521990299225,252.20003080699826,,,0.01862437307099122,95.99999999998163,0.0015755208333333333
1,worker-18-f25b7b09fe62446480c57cee0d406aae,completed,,245.9917860031128,231.78077532199677,,,13.084595162715232,136.00000000002737,0.9654371279761905
1,worker-17-59bb27447bbd40c29b8adf7cb0cb1fb3,completed,,1391.5495879650116,236.5982014440233,,,0.05306688850310397,95.99999999996824,0.01119047619047619
1,worker-25-d7e590a4953f4dc0912ac1c0630d70ca,completed,,1375.5658841133118,220.61494876799406,,,0.012222415123457522,239.99999999998562,0.0033147321428571427
1,worker-22-7fb0a540cee14d5184a545c44e4d2ba1,completed,,142.32543301582336,128.1052225889871,,,1.9557818829573077,127.99999999999139,0.1787779017857143
1,worker-37-f0bd25d81d3c43df8ba63f9e192af496,completed,,14245.838958024979,141.29354838101426,,,34.386763888891686,39.999999999996746,0.7850948660714285
1,worker-44-3aab603411044e65b83ea4ac442a3659,completed,,12119.930412054062,151.06331417395268,,,29.807836371527426,48.00000000000057,0.8264806547619048
1,worker-51-693e8648bcfd457fbaabcb0b68c06030,completed,,13243.813431024551,389.9986914540059,,,0.07883342978402737,47.99999999995327,0.0039453125
1,worker-31-a1c9b8587bc445e48489421c2c1006bd,completed,,1347.7374501228333,192.78492622100748,,,0.8936775716149281,127.99999999995063,0.12280877976190477
1,worker-34-e9e6e7cc9e374a5b8887f14564a6cab0,completed,,12522.898656129837,554.5816468629637,,,11.072533275464194,167.99999999998133,0.9999534970238095
1,worker-34-fc0dd1b2a7cf4ce3a8f23e6d1addd907,completed,,11382.438482046127,89.7791496309801,,,18.871607638887387,80.00000000000637,0.8155989583333333
1,worker-35-480d04494888466987fb1f638246da60,completed,,11382.513611078262,89.85446847602725,,,18.871607638887387,80.00000000000637,0.8155989583333333
1,worker-48-3ded7d25ff644cbd8ab4a25d74b5018b,completed,,12456.445652961731,487.57851176697295,,,12.91880658436548,143.99999999996277,1.0
1,worker-11-2c049aa429e94c0aa7d6a5da58c94524,completed,,1619.1234979629517,464.1699664070038,,,5.055082925612463,175.99999999992363,0.5039732142857143
1,worker-49-b5d5a2869b104061b05391f9fbcc97cc,completed,,14504.705567121506,400.16026933596004,,,7.305213879244225,47.999999999997385,0.20697916666666666
1,worker-19-b4b2fcc47f1b412bab59c62d4f6ee472,completed,,1524.0723559856415,369.1205646210001,,,7.699253713354135,239.9999999998326,0.9945479910714285
1,worker-52-0c996bc77c1f499397117e8342c58781,completed,,12335.693177938461,366.82751052401727,,,19.330479721264563,95.999999999966,0.9976804315476191
1,worker-37-bda2e7d0fc664a03bd0d9b45eb0b7675,completed,,12090.337578058243,122.02124805399217,,,6.1830457621091615,103.99999999998488,0.4330059523809524
1,worker-61-4d22c499f080460186b5fe568aa7fc7d,completed,,12932.084088087082,78.26944235200062,,,11.453923128865316,47.99999999996945,0.39374255952380954
1,worker-9-07eaa03a9478445c80f625a1390e19e6,completed,,1457.592926979065,302.6415024169837,,,8.506664255402923,215.9999999999571,0.9874683779761905
1,worker-39-2adce08dbdb941cead8a6f47ce76d84b,completed,,12456.140587091446,487.8241507980274,,,10.569932659935741,175.9999999999487,1.0
1,worker-57-41018f2c0a6045ae99bc52cf1e7c7aec,completed,,13552.62038898468,109.67402610101271,,,3.036192129629854,39.99999999999704,0.12939174107142856
1,worker-21-ed7569b8b36a44d3ad795d2d28d19daf,censored,,8355.529775857925,,7200.578712814022,upper_bound,,,
1,worker-3-7b433051cd034680a6874fb8c02ca410,completed,,293.5821099281311,279.3671193179907,,,3.1877141892636356,168.00000000000176,0.33881510416666666
1,worker-63-a97e611fab6c49e49e2ce8fcbe7eddf3,completed,,12952.694818973541,98.88003350497456,,,20.546587456598907,31.999999999997375,0.4531138392857143
1,worker-52-e9e2d296b3304ef4944847f3586e0604,completed,,14295.016076087952,190.47047148295678,,,30.74898582176195,55.999999999995104,0.940210193452381
1,worker-34-a4d1c80b63b24cdbbdda06d0816c2c36,completed,,13586.979269981384,144.03282378002768,,,32.74915104166964,39.99999999999636,0.7414267113095238
1,worker-36-94b3cac8e31c4c90a81e045138f78f93,completed,,12370.408977031708,402.0923157230136,,,13.739495804398056,80.00000000000054,0.6125725446428572
1,worker-13-d8ae0004d5524cb288e10756331daa24,completed,,103.43548798561096,89.21294678101549,,,0.0,47.9999999999996,0.0
1,worker-15-29635861fce84f8b96ccc3425a754ecf,completed,,94.48003005981445,80.26309491001302,,,7.709842592591679,40.000000000004746,0.22444940476190475
1,worker-46-586dfb9714d74828b1b1c604f7e80e5a,completed,,12532.589574098587,563.7203523429926,,,11.86985433418562,152.0000000000069,0.9700706845238095
1,worker-50-3a800fb3aaa54186be4b1034e6d6ea91,completed,,12374.246042966843,405.372024331009,,,15.502567901236564,119.99999999998455,1.0
1,worker-27-7f060880b8e7492c8a681de0747f7020,completed,,1242.7671620845795,87.81396306195529,,,3.3769277510692577,103.99999999997284,0.29975074404761903
1,worker-23-4192bb1f90864612a20e6bc5dbde9049,completed,,481.28222012519836,467.06059267400997,,,3.387384760060178,208.00000000002234,0.45146205357142855
1,worker-45-330e7612dc69481ba97d212e1079d562,completed,,12426.226792097092,457.35825324000325,,,11.6269259259304,159.9999999999384,1.0
1,worker-17-c52316cc25f645f3a36808128ab3ccff,completed,,135.6168200969696,121.40212983899983,,,0.0,80.00000000000036,0.0
1,worker-63-80e3d307278c4f2092e4f6d9ece1ff9b,completed,,14298.545150995255,193.99996216897853,,,30.74898582176195,55.999999999995104,0.940210193452381
1,worker-33-b660931cf1ab460aa50c6b92acf3835e,completed,,12934.667655944824,80.85345564503223,,,12.365389901627246,47.99999999997331,0.40119605654761903
1,worker-41-f2bbb63a87f840168fb13399e5f9ab03,completed,,12372.056975126266,403.1912787060137,,,17.811636173436654,103.99999999997894,0.9954947916666667
1,worker-21-a70cc1c9e4e4478bbc31f2698b7cdd0d,completed,,118.94807600975037,104.70930699602468,,,0.00047805059523806873,112.00000000000621,3.348214285714286e-05
1,worker-51-126ee1ab6e8540a5a0beece608e32b6d,completed,,12401.923612117767,433.0564039910096,,,16.568850756451738,111.99999999997753,0.9976097470238096
1,worker-32-86a77615891740ffb0f4f58f6ccd0b0d,completed,,1326.544338941574,171.59101682400797,,,0.3073025173610978,224.00000000000966,0.08136346726190476
1,worker-35-7fe90393b1b64871b4da2f51ba208c2e,completed,,12057.847703933716,89.53091053001117,,,5.738316695603765,79.99999999997333,0.34541108630952383
1,worker-28-4dda99ee938a44bd943ed8b3be9a9151,completed,,1487.4501299858093,332.4979476729641,,,0.0036062143874649286,207.9999999999688,0.0006733630952380953
1,worker-34-5a617e1991d24f749a64680c8ba59ece,completed,,10499.286275148392,376.57088829699205,,,7.26682870370369,256.00000000000045,1.0
1,worker-22-c46ce8ec1df24c46b5be68e49c24a76a,completed,,1260.348731994629,105.39724670001306,,,6.277324942130013,39.999999999997556,0.17261904761904762
1,worker-56-a6e206808ed3452381fde5a54a653db5,completed,,12167.567634105682,198.6961458940059,,,30.47509693287387,55.99999999999357,0.9309207589285714
1,worker-59-de8adb6ee7b949f682ccd5fa6c499448,completed,,12538.25251698494,569.352589112008,,,11.072533275464194,167.99999999998133,0.9999534970238095
1,worker-64-591c031e5eff4db2a940c5a7ab15be45,completed,,14242.908664941788,138.36240859603276,,,30.140097511577494,39.99999999999546,0.6810379464285714
1,worker-62-e1019bdadc23424ab2e6c7ec987924cc,completed,,14289.305274963379,184.76054219098296,,,26.95219184028235,47.99999999999186,0.7111551339285714
1,worker-40-3c8bc41058534f698b34588b363a8c21,completed,,13200.968271017075,347.1532058810117,,,0.08581283757722526,47.99999999996378,0.004220610119047619
1,worker-23-6856a915a5d841a1a1770409e3b3c61a,completed,,1801.2816309928894,646.3286567340256,,,4.808390118634649,223.99999999998184,0.6015383184523809
1,worker-42-8769ac9d64d94235a59e5e3c3fa82b62,completed,,12263.51334309578,294.6461635279702,,,17.85157407407856,103.99999999997387,0.9988969494047619
1,worker-39-eaec580360ac44149422ce30a59a7556,completed,,13014.56282711029,160.7474806670216,,,15.881395543982112,39.99999999999841,0.4348344494047619
1,worker-29-68d0087f0b1348c9989fa5858dc070b5,completed,,71.62763500213623,57.387959715968464,,,7.607011959876721,23.99999999999944,0.13156622023809525
1,worker-40-b34da6944a634c528788623b312c1771,completed,,12429.784681081772,460.92635450395755,,,9.30154074074085,199.99999999999767,1.0
1,worker-34-f45ca3f029ef4646a6570325a7bbbfc1,completed,,8477.335828065872,95.46610501100076,,,0.5785570384836981,256.0000000000434,0.14891927083333334
1,worker-35-2d1f3dd8b12945ce9edc6fca46c12b10,completed,,12934.248502016068,80.4354760160204,,,12.929463011195766,47.999999999972175,0.4191238839285714
1,worker-64-574b917a29c646beb1d3b8bbd210195d,completed,,12136.575006961823,167.70348548603943,,,7.046910445603147,143.99999999997354,0.6341369047619048
1,worker-9-71600324fa30481d9544119057200309,completed,,140.61947202682495,126.40280988800805,,,0.0016709346064815369,159.99999999999469,0.00045200892857142857
1,worker-54-8d4d96d996b44092bae3757402058cf9,completed,,12474.278162956238,505.4125315749552,,,11.073262786597466,167.99999999997956,1.0
1,worker-54-d37d30ea8138443b959c809eb0c23913,completed,,13678.977010965347,236.03078944794834,,,25.867518807873825,63.99999999999146,0.8928087797619048
1,worker-47-1fdf8c39fdcc4c1d804615ded7ccd64f,completed,,13651.726146936417,208.7793625309714,,,22.06322820215929,48.000000000002615,0.598173363095238
1,worker-33-9909ddf7f24d44d5931722f9f9c2562d,completed,,11718.995176076889,203.83925591496518,,,13.397433810765882,95.9999999999857,0.7320703125
1,worker-58-93a7e6f043b5464984322f61c9e5c64b,completed,,12263.926718950272,295.0541239629965,,,12.214341115381274,151.99999999992497,0.9988988095238095
1,worker-30-73f744522a874af3a384835565b05739,completed,,1307.632588148117,152.68053159496048,,,2.6072592089378253,183.99999999995575,0.3527827380952381
1,worker-14-eb2f6551cf10414290d70a15a657ab24,completed,,318.8328969478607,304.61476632597623,,,8.295300305884874,224.000000000037,0.9992057291666666
1,worker-36-55f8902714a04ecbb8c45e92790b6bda,completed,,11672.910588979721,157.75454763497692,,,11.241819540893822,72.00000000000794,0.4885584077380952
1,worker-56-68d17d2aa13b40b1af546bd573655ff3,completed,,12930.521837949753,76.70807007001713,,,13.289497974545364,47.99999999996992,0.43540736607142855
1,worker-33-f72ce960a8c8446b91bc34d8dd5f4a46,completed,,14248.481176137924,143.93620531394845,,,33.70476678241123,39.999999999995474,0.7676264880952381
1,worker-44-f01e508cdf82469487abaa4a37ba47f8,completed,,14247.11791396141,142.57142011402175,,,34.386763888891686,39.999999999996746,0.7850948660714285
1,worker-41-1d4d5a88026c4e3185eae852a7d97eef,completed,,14244.706265926361,140.16045177797787,,,34.386763888891686,39.999999999996746,0.7850948660714285
1,worker-44-0127d0ac443340dc91b306ecedee4f32,failed,virtual_cap_incomplete,13246.141241073608,392.3279810179956,,,,,
1,worker-39-a664e2a5bd0e4c17ba5500eb276f60b0,completed,,14292.962522029877,188.41658817999996,,,32.661852575238704,47.99999999998939,0.8540625
1,worker-36-a75c5fb905444a1280569636ea715e47,failed,runner_error,12869.50588607788,15.69147919001989,,,,,
1,worker-49-aac80e718854450dbb3d40e19be30688,completed,,12956.234313964844,102.41942042298615,,,13.80656298226329,47.99999999996453,0.45802269345238095
1,worker-60-5187a730a53c4a419a59316200589e1b,completed,,12945.927958011627,92.11279234301765,,,25.58808015046135,24.000000000001513,0.41733816964285714
1,worker-42-e22038f30577443db020533487ae5ec2,completed,,14254.525589942932,149.98012297099922,,,26.93660855517064,47.99999999999842,0.7290569196428571
1,worker-55-4f3eaa3b9c3c4610a5b4d64e41bfb031,failed,runner_error,14141.268861055374,36.724393850017805,,,,,
1,worker-26-44d5bca38e144a6b8d5d415a57e8932a,completed,,152.83138799667358,138.59222404600587,,,12.273187692901507,143.99999999999682,0.9492838541666667
1,worker-59-5a8c2e84ef5d4763bb4c595f2898494c,completed,,13637.309540987015,194.36289519700222,,,9.646313244048377,55.999999999995595,0.3951841517857143
1,worker-45-a85a84c1131d47f8adeeb687ac9fb6ed,completed,,13246.88012099266,393.0651243449538,,,0.172723283179002,24.000000000001435,0.004244791666666667
1,worker-10-65a9432685de4023bb8eda7c2fe59207,completed,,1261.4765150547028,106.52312061295379,,,0.717876880787311,47.99999999998168,0.0215625
1,worker-64-030e1fbaeeb842d9afb518bafb80189e,completed,,13218.13780093193,364.3243076360086,,,0.0789585744599323,47.9999999999661,0.003947172619047619
1,worker-7-69dab3d8efce48bfad2e2c2ad1dc8e73,completed,,1140.1552059650421,204.48943045100896,,,12.25855589313484,143.99999999997505,0.9589229910714285
1,worker-49-e085f2d2405e476e9d0d8a78fea126ac,completed,,12404.819076061249,435.951802364958,,,10.569932659933768,175.99999999998155,1.0
1,worker-34-6753362265334a70ac6fddc2d2eac975,completed,,10891.628778934479,108.93155769800069,,,15.664988942624923,112.00000000000527,0.9420163690476191
1,worker-20-e79456eedf6e4e02a292089e7865b8c4,failed,virtual_cap_incomplete,337.1321539878845,322.917022308975,,,,,
1,worker-50-c9f58258c14444c5990e79f67ef9c305,completed,,13271.398525953293,417.5839125160128,,,0.24720558449070587,16.000000000002256,0.004006696428571429
1,worker-2-371f97f0329848b29e29e0b0b18cebfd,completed,,1248.4481630325317,93.4953589499928,,,9.689104938276333,191.9999999999063,1.0
1,worker-57-5140a3d1304d4821b07fe6cfc90a0f0e,completed,,12520.643545150757,551.7781919730478,,,11.599333912037055,159.99999999999974,0.9977548363095238
1,worker-8-b5e3903fbaa2459889370a419d130ccc,completed,,1255.2323710918427,100.27923825394828,,,0.012098343460648519,63.99999999999803,0.0010435267857142856
1,worker-29-ccb3e0a7d64942a48e8e222027e689d8,completed,,1429.8401679992676,274.8866087780334,,,1.0081961805555881,79.9999999999974,0.06301525297619047
1,worker-42-bf17cae08cc1475883af26ac60a0e0f7,completed,,12965.29099202156,111.4771216380177,,,1.366132089120361,16.00000000000011,0.010608258928571429
1,worker-46-cbc92d5968ed45969ae478be0242b4f9,completed,,13631.356657981873,188.4100966900005,,,32.8217742091108,47.99999999999143,0.8577883184523809
1,worker-13-938114a5e52446399e66d766449d6013,completed,,1589.222629070282,434.2718246849836,,,3.173702437789773,127.99999999998302,0.3336532738095238
1,worker-28-2e338629dd9d4a25ab44d5c229411b10,completed,,235.77008414268494,221.52266036398942,,,3.774668354552914,239.99999999997172,0.5296242559523809
1,worker-35-bd3a0028b7df4045a9406db481688611,completed,,14238.792062044144,134.24720062699635,,,33.30774233217327,32.00000000000256,0.6032384672619048
1,worker-3-8fe158b7c79c4923b320efdd9f23f7c4,censored,,8355.52947807312,,7200.576832164952,upper_bound,,,
1,worker-43-225025aa90dc4d09b588994bf607c28c,completed,,14289.552237987518,185.00656908296514,,,26.95219184028235,47.99999999999186,0.7111551339285714
1,worker-48-fa7a2d950661468b944c7838b3e9f0d8,completed,,13698.441164016724,255.49523412098642,,,21.777755249672005,55.99999999999308,0.6717987351190476
1,worker-58-36cf7997f5af44dcbe56b689699fb536,completed,,12930.274130105972,76.46014050295344,,,13.290103443296198,47.99999999996692,0.4354780505952381
1,worker-38-5c29a9ca3d894958a03626ca493f1628,completed,,11609.959459066391,94.26489496399881,,,19.035391203702428,80.00000000000537,0.8221856398809524
1,worker-53-7e18bbcda5eb4205a86e0ed59a232a71,completed,,12459.171849012375,490.3026627340005,,,11.073262786599095,167.99999999995487,1.0
1,worker-29-00cb0218ef3a4bbca52a995f9c96faf3,completed,,1063.4185719490051,127.75284276902676,,,13.377523318353731,136.00000000001413,0.9802790178571429
1,worker-15-4bfc27f810a343c1854d8fb0943dd9ab,completed,,1090.4507060050964,154.78486453404184,,,12.214127375728513,152.00000000003087,0.9982310267857143
1,worker-2-ad76d8a1d7c64af4b2982ba22423063e,completed,,328.01170206069946,313.80585571198026,,,3.6004418041091713,127.99999999998667,0.28191778273809526
1,worker-35-a49c6ba492fc4b5dab5d7e2ad4948e01,completed,,8582.826874017715,200.95523200399475,,,4.2675506365740254,24.000000000000274,0.07985863095238095
1,worker-15-d6e6efdd8d7a4447bd571f83a9ba386c,completed,,1731.0468969345093,576.0932365790359,,,8.273974609376763,191.9999999999591,0.8587816220238095
1,worker-60-7abe62cd5c1c4434969244ca548b43ef,completed,,12446.811182975769,477.94251811900176,,,14.408073020008134,111.99999999998818,0.8725334821428572
1,worker-10-1e5279a9fd4f4f94ae0a083eac279be6,failed,virtual_cap_incomplete,694.14524102211,679.9236893299967,,,,,
1,worker-27-ea03704fdd9f4c5a94811d677ae169f3,completed,,585.7369379997253,571.4919056359795,,,1.9204011468854418,88.00000000000367,0.13351748511904762
1,worker-40-ef85003ffbcd4ca6a757bb25a9fb1a68,completed,,14247.051255941391,142.505203120003,,,29.99251649305817,39.99999999999652,0.6774330357142857
1,worker-34-d36bcdb9c5d14b37b9e92279f2268c8b,completed,,11756.65113902092,241.49498024699278,,,12.873868344908672,119.9999999999882,0.8576841517857143
1,worker-8-3d2072aa400840578a04c0599d17b835,completed,,539.9418339729309,525.7172551809927,,,3.3750115740734636,240.0000000000434,0.5142912946428572
1,worker-55-90a3a45d51b44c0f9ac3925c28d75a4e,completed,,12931.221240997314,77.40717725100694,,,15.42603124999946,40.00000000000141,0.41566778273809524
1,worker-20-9e2a80af3b3a4ed197eb92fd7d0c5f8d,completed,,1665.7131979465485,510.7603157660342,,,10.659624510328984,103.99999999998685,0.6176227678571429
1,worker-62-330dc7a1461847baa539392be4b0f7a3,completed,,12162.354371070862,193.47911371698137,,,32.8217742091108,47.99999999999143,0.8577883184523809
1,worker-63-6977cc5548f246579a5ad57ee9d29f88,completed,,12402.860247135162,433.99097270105267,,,16.695125385804758,95.99999999998684,0.8674813988095238
1,worker-36-493fc79597d54bafb78ee47d6753cd02,completed,,11382.264996051788,89.60576331696939,,,18.319006076386646,80.00000000000979,0.7964099702380952
1,worker-35-b020ec3d472e4ee4acc8d59780c92c97,completed,,10336.934370040894,214.21888548898278,,,7.266828703704711,255.99999999996453,1.0
1,worker-19-03a534b897994ba1993a6d71ac93b81f,completed,,164.4876639842987,150.26584249699954,,,1.542981113215256,88.00000000001324,0.10304873511904762
1,worker-43-bb5cfe6fa92d4c57b64fec55e1578794,completed,,13012.075334072113,158.26197217701701,,,13.618106915519405,47.99999999996424,0.45004464285714285
1,worker-38-d8d11b2d9df44799916ab07a81996f7d,completed,,12146.29643201828,177.97989521099953,,,12.682896752454774,135.99999999995933,0.9505636160714286
1,worker-6-db306cd3b5ab4f6ebb0b8b58a87a4117,completed,,195.64363598823547,181.4278497400228,,,2.0164012896826433,111.99999999999424,0.16336495535714285
1,worker-35-e1bf16c11ab34c3ab8421ebcaa35f180,completed,,11694.03409409523,178.87788228300633,,,13.130950376156418,80.00000000000604,0.6117671130952381
2,worker-52-5f9ce0f83db74d30b74db20e04413be3,completed,,16955.711074113846,211.28500137402443,,,12.120070334760904,103.99999999997367,0.7541796875
2,worker-1-b2517de51ab44ebdb14144064a87cd20,completed,,483.9453480243683,469.7521480820142,,,2.340839391637802,127.99999999999613,0.20600818452380953
2,worker-74-a8045f2a78bc4993b9e635945e4fd92b,completed,,24803.568598031998,274.023730136978,,,2.328995044849617,127.9999999999956,0.1997935267857143
2,worker-20-c8b530f4585f414fab279fb2d927effb,completed,,1218.781630039215,1204.5805820929818,,,4.864436406893368,71.99999999999461,0.24627046130952382
2,worker-98-b40a0a9c218e45e998152055d99e8320,completed,,32994.823300123215,406.0460466219811,,,17.887578347582934,103.99999999997333,1.0
2,worker-38-ef67221e241f40f9b64271a867b09d1a,completed,,17282.555864095688,538.1279366159579,,,10.569898003472336,175.99999999999812,0.9999981398809524
2,worker-70-fe47182c5eec49b4b96ae2cce159f46f,completed,,24975.28576898575,445.74339634302305,,,11.891550088330604,151.9999999999726,0.978056175595238
2,worker-114-2782fb9f218f44e5a14c4256c08824a9,completed,,32367.750002145767,321.42516785196494,,,13.597019675934696,119.9999999999226,0.8800948660714286
2,worker-19-ce83e926742e4cd391c955f64d4c010e,completed,,7273.582229137421,199.89796443999512,,,9.687798454379665,191.999999999984,0.9992559523809523
2,worker-47-250c9edc2fa648f4aaac82cd3d776158,failed,virtual_cap_incomplete,15355.427555084229,81.53018164500827,,,,,
2,worker-84-fcae3799998d459d9f5d0a189d6b44fd,censored,,31729.047246932983,,7199.503494785982,upper_bound,,,
2,worker-2-31256e50fdcf4c4881c488b8613850a2,completed,,383.7924470901489,369.5963636970264,,,2.576069912918681,168.00000000001242,0.2807626488095238
2,worker-38-9104bdab09e144c4948dca32cf13bfd1,failed,virtual_cap_incomplete,15327.472754001617,53.573113932972774,,,,,
2,worker-11-dc4b448768d14cbcb11696236a0a62d9,completed,,297.4248580932617,283.2209771310445,,,1.9702110460069857,127.99999999999731,0.18000558035714287
2,worker-39-65ffe1ffd968462ea056fc4361a9b1ed,failed,virtual_cap_incomplete,15351.42341709137,77.52509960200405,,,,,
2,worker-43-d23dad56065541c692c6fea17e4aa923,failed,virtual_cap_incomplete,15351.059964179993,77.16029227804393,,,,,
2,worker-3-2ae2b56204b04b28928d9a4820b9c764,completed,,7892.346023082733,604.033356881002,,,5.069708478011209,175.99999999993233,0.5049534970238095
2,worker-67-61adf61ba5c348049f7485ded096d95d,failed,virtual_cap_incomplete,27162.22302699089,2632.686211797991,,,,,
2,worker-45-a7f524dcc2584dfe94ae0bcfd119491b,completed,,17310.086127996445,565.6572945649968,,,12.235957297754146,152.00000000005141,0.9998456101190476
2,worker-1-c7c5622dc34a42a7b2ae35aeb8e5711c,censored,,14489.392621994019,,7201.080822933,upper_bound,,,
2,worker-41-07072c323777410aa7058078fe758f3a,completed,,17339.874684095383,595.4468325310154,,,8.303159877233705,223.99999999995785,0.9998828125
2,worker-98-661cd3be1c754408ab96c34f844f81ee,completed,,32154.714398145676,108.39040869602468,,,13.363812655807044,103.99999999998288,0.8117522321428572
2,worker-41-f7ef2851216e451aa34e203204362032,completed,,15783.806215047836,122.13599187700311,,,18.607065840698453,88.00000000000094,0.8780803571428571
2,worker-89-c97a9ac553c64aa1a3ce960d47f2e866,completed,,30147.608870983124,5618.051273988036,,,0.0016739004629630846,191.99999999998604,0.0005152529761904762
2,worker-100-7a6a5534ef224e9dbe4eff59834e0231,completed,,32367.940664052963,321.6197478750255,,,13.520631558649463,119.99999999993355,0.8756343005952381
2,worker-37-a617eda5c37240208a0ae03870e921f1,failed,virtual_cap_incomplete,15353.751164197922,79.85158334299922,,,,,
2,worker-56-7819aec3e17143fda49711a6b9c3744c,completed,,17026.616180181503,282.1889726530062,,,10.769670062746636,151.99999999995808,0.9181473214285715
2,worker-51-235d9c0d700b4f91b62036cf0fcfb0b1,failed,virtual_cap_incomplete,15354.065087080002,80.16502185899299,,,,,
2,worker-115-72e79ec79f1846488be42689714c8b4c,completed,,40873.4962580204,436.3922028269735,,,19.357404996150116,95.99999999995963,0.999125744047619
2,worker-95-1dfb02cc83d24c3f9bdcbe2d31774da7,completed,,32382.977191209793,336.65793965698685,,,12.749302752462995,127.99999999996481,0.880102306547619
2,worker-23-44e73e2abd0c40ef84612d3760bfd609,failed,virtual_cap_incomplete,1605.5504341125488,1591.3461512269569,,,,,
2,worker-17-9ff1e06be804477eb7f8b87856290384,completed,,261.79655408859253,247.5992932880181,,,8.01841235632283,231.99999999997132,0.9996335565476191
2,worker-6-6da7ff4ee857451fb836fd6c28e444a0,completed,,7765.095329999924,476.78358951502014,,,0.471303801360128,127.99999999995266,0.0821000744047619
2,worker-132-7d3632e2aec34819b6e4fb20e76dabde,completed,,40553.27455615997,115.62532388797263,,,19.081705246917387,95.99999999998086,0.9847767857142857
2,worker-6-f64f4ad42107473a86642a11ad6e0b8b,failed,virtual_cap_incomplete,475.5328760147095,461.33567091001896,,,,,
2,worker-21-eda94f47eff44a61af810295952a4c12,completed,,8002.86799120903,714.5551055260003,,,7.372747757524497,191.99999999996487,0.7910081845238095
2,worker-48-b3095f5333af4c8d9804934a5f783000,completed,,16962.124915122986,217.69667868397664,,,8.607369845248929,216.0000000000355,0.9994847470238095
2,worker-33-1354404e37344db1a36f45e0a623622a,completed,,15067.307619094849,550.6085452379775,,,0.360214301215335,255.99999999995933,0.05917410714285714
2,worker-80-19eb136c281345e8888bb771f7551417,completed,,24773.684717178345,244.1362840119982,,,7.266811297379277,256.00000000007356,0.999897693452381
2,worker-54-57ab98e81f77496aafac47186238cd3f,completed,,15780.081459999084,117.86825520102866,,,19.366038773148365,79.9999999999991,0.8337388392857142
2,worker-34-fad1b8cfaa244abab47e1a757453d433,completed,,15061.165269136429,544.4676796599524,,,7.17235128312945,231.9999999998819,0.9234412202380953
2,worker-36-3fce4a25835e4da4891727bafaa51338,failed,virtual_cap_incomplete,15360.526974201202,86.6141251869849,,,,,
2,worker-87-3effbb30b09a4ce2a17455c1167d3415,completed,,24704.552145004272,175.01088280195836,,,12.17457457663063,152.00000000002404,0.9935584077380952
2,worker-34-cf4d8752810348fa87edd40d2b378607,failed,virtual_cap_incomplete,15347.657850980759,74.30537691200152,,,,,
2,worker-126-70290b78c00f449ba186949c9bbf9ae8,completed,,40670.25375199318,232.5999124890077,,,19.322957175936608,95.99999999994692,0.9969791666666666
2,worker-65-c38c45f3d69b4fe2b570cfde20dd065b,completed,,25022.49559211731,493.5052319590468,,,0.008958695023148402,255.99999999999272,0.002771577380952381
2,worker-61-8c4981d220244b7688210e49af96cb48,completed,,17026.57003712654,281.5973054339993,,,12.776065266929038,127.99999999998043,0.9174107142857143
2,worker-39-17e96abadd5048cd9e7fd45d1aa391be,completed,,15774.00497508049,112.33378616702976,,,19.017183159722318,79.9999999999996,0.8193787202380952
2,worker-49-1e31dc03958e4881a0bfa7fbcffab49c,failed,virtual_cap_incomplete,15344.554485082626,70.64829846902285,,,,,
2,worker-96-18b2daa2e3d44eb48f7e87d7a87a2c80,completed,,32369.6756131649,323.35360867501004,,,13.81426052518039,127.99999999993717,0.9503962053571429
2,worker-47-71ad0942c7e445bab83c50e94e29b43b,completed,,15776.937041044235,115.2654237219831,,,19.29879253472358,79.99999999999436,0.8309393601190476
2,worker-4-16a1d21987c84e708f9e38ae84e8efa2,completed,,345.2222261428833,331.02859178802464,,,13.1618937227685,135.99999999998332,0.9686681547619047
2,worker-43-fd544ec1fd154772ad7fcf1fc4ef0c51,completed,,17151.662298202515,407.2351565019926,,,2.1115173791951762,128.00000000002578,0.2275967261904762
2,worker-35-82564f1bf2314e40a8efb3832f1f6ed3,completed,,15036.820459127426,520.1276368190302,,,10.11037037037295,183.99999999995305,1.0
2,worker-19-8cae133998014046b160d0746d1b35e7,completed,,121.09892010688782,106.8937161709764,,,0.816875197285372,175.99999999999602,0.11288504464285715
2,worker-110-9a053e8f7f3c4e9a85e0868ddb48e7fa,completed,,32369.583774089813,323.2523786749807,,,13.603014660500367,119.9999999999423,0.8801395089285714
2,worker-9-b36234bc8c5048bbb8e1e873478d7405,completed,,1734.0171480178833,1719.8170114019886,,,0.012560221354166247,192.00000000000642,0.0033537946428571427
2,worker-24-2187c6c3f7fc4aea8d9e4ae4aa646036,completed,,410.98250007629395,396.78296570503153,,,8.30030247602553,223.99999999998929,0.9995145089285714
2,worker-124-56b88ef8087348b1b553e052f09cca39,completed,,40767.362169981,329.70484389102785,,,12.989281749795655,87.99999999995872,0.6838485863095238
2,worker-27-7540793f5eca445f907256bc03422975,completed,,7563.845997095108,275.5358315250487,,,0.10225694444445325,239.99999999997934,0.023214285714285715
2,worker-25-3c86b391fa0c4148816ebb0f8bfb2b0a,completed,,6308.317476987839,6294.112012799014,,,0.0,48.000000000000426,0.0
2,worker-53-b9a1805cb43b43c7b6483c4f3d7a62c1,completed,,15781.207700014114,118.98946309799794,,,19.335084056711473,80.00000000000617,0.8323735119047619
2,worker-8-c6b9ffe327024f60853cb39dddbf84b7,completed,,261.40596103668213,247.2114593439619,,,0.004788940081908943,207.99999999999514,0.0014304315476190476
2,worker-15-58b17593da5342f082df7f29da61c33b,completed,,153.36083102226257,139.1613331940025,,,7.755241608795892,40.00000000000209,0.22567336309523808
2,worker-45-ac3c1577a27d4912979e318c4c0d53b4,completed,,16165.008009195328,215.22866424603853,,,0.2927493851273192,63.99999999999904,0.018229166666666668
2,worker-45-58f508781531434eb8536105a98e391c,failed,virtual_cap_incomplete,15348.397593021393,74.49737605295377,,,,,
2,worker-128-792f50ab193c45c8ae79226aed4f91bd,completed,,40670.4377720356,232.78083528898424,,,17.887578347584537,103.99999999996402,1.0
2,worker-94-359ddb9a763f48669d74f24c4be11e6d,completed,,32353.971435070038,307.6461143359775,,,14.739934510032242,119.99999999998879,0.9504389880952381
2,worker-129-d016088edad44e67b513d177faa7c5cc,completed,,40793.61909008026,355.96458247397095,,,23.1995915798763,79.99999999994762,0.9978087797619047
2,worker-125-fc0f5c103eeb4b8cae931942a8ca4e04,completed,,40643.13067603111,205.4758583320072,,,15.293442892468455,87.99999999998778,0.7900372023809524
2,worker-73-64aee7f33e164b48b6a3c0af246cd8b1,completed,,24657.896420001984,128.34976096701575,,,15.970037856867213,96.00000000000043,0.8317057291666666
2,worker-55-15bb44583d4a41f2b6868d0fec6ac75a,completed,,15779.866594076157,117.64919091097545,,,19.29390653935,80.00000000000767,0.8308463541666666
2,worker-22-3c870c6acaa74b84b76d0475e7d8c795,completed,,138.11044216156006,123.90877781400923,,,1.767523238570559,256.0000000000062,0.2848623511904762
2,worker-17-ed4e6c838f7548b794019b3af59d7941,completed,,13423.69868516922,6135.387913068,,,0.0036864948830416327,151.99999999997127,0.0005152529761904762
2,worker-42-96a2eb0cadf34c1cb0dd7c5cb6875753,completed,,16070.33627820015,120.55681114899926,,,18.02231705071672,87.99999999999399,0.8528552827380952
2,worker-36-1c45c71304874465b62bb32b4ac7feb7,completed,,15783.454585075378,121.78272001299774,,,18.98604398148085,80.00000000000266,0.8201618303571429
2,worker-40-5c11e55adfae49aa96fe34753f0b1131,failed,virtual_cap_incomplete,15327.483735084534,53.57844684203155,,,,,
2,worker-41-ea04dcb4bb95451eab0bb434e0804fc3,failed,virtual_cap_incomplete,15344.349078178406,70.44796407199465,,,,,
2,worker-48-6230674bb0294917af8bbd28a3430128,failed,virtual_cap_incomplete,15343.229271173477,69.32965857401723,,,,,
2,worker-104-840acc9454a840c9a1dd3baee4afba66,completed,,32695.436554193497,106.6586903409916,,,17.662143540782463,103.99999999996403,0.9849906994047619
2,worker-10-c6b5d3995d344b1fa858c6f5dc9e11fc,completed,,199.11964011192322,184.91540185100166,,,12.001224279835172,144.00000000000261,0.929516369047619
2,worker-4-3f0d29890e4e4dd49957a82a2a07e6e4,completed,,7385.34609413147,97.03498936101096,,,13.211234085655935,63.99999999996227,0.5300465029761905
2,worker-10-e49ce625c87646ce977be19db3a51758,censored,,14489.392901420593,,7201.082617359993,upper_bound,,,
2,worker-75-c7852e6a76cc4605a42a5ba183f5b8c1,completed,,24637.67480301857,108.13357360096416,,,1.2605689897487078,223.99999999999454,0.19433221726190475
2,worker-99-3d389bcb27b24a2bafe5ac22bf935137,completed,,32389.365195035934,343.0294802649878,,,13.715642457570748,119.99999999992107,0.8863969494047619
2,worker-50-0fbb4eedaeee47f2a423b5a9ddf54a53,completed,,16085.568129062653,135.78888082801132,,,0.0002084366732804206,112.00000000000145,4.836309523809524e-05
2,worker-115-d6a74070cab943368c56036759c86a1b,completed,,40066.61044001579,259.70706678100396,,,20.055668928879783,87.9999999999661,0.9468582589285715
2,worker-34-cb06132a16094ac8890fb871439e8f47,completed,,15774.466596126556,112.79594600602286,,,19.19391001157452,79.99999999999814,0.8265308779761905
2,worker-68-b3c2aecba91940c1ad0b3635733d2ef3,completed,,25148.785837173462,619.2460613220464,,,7.2667659957316015,256.00000000001614,0.9996391369047619
2,worker-88-9e8385125e72470d8c5b87f6b0e1f819,completed,,24684.735283136368,155.18483785900753,,,15.109321469908057,119.99999999999484,0.9721205357142857
2,worker-119-c8dcc848d4564a119a9be3b6bcd67095,completed,,40706.36223697662,268.7077004950261,,,19.102679157025726,95.99999999997928,0.9842280505952381
2,worker-109-511d2d6812f44809886f280dec410701,completed,,33028.15890312195,439.38131572003476,,,17.886878449967853,103.99999999997985,0.9999758184523809
2,worker-52-ad570c4d336f4066a1903438985e1f98,completed,,15357.415630102158,83.51086861803196,,,2.1753559027778278,15.999999999999632,0.026551339285714286
2,worker-34-5ef13dfe1eaa44c6976b0eabe114da30,completed,,16088.333604097366,138.55446825601393,,,0.8765931230710059,47.999999999999,0.03722284226190476
2,worker-13-b5516526a8b3457d8969608019463dd0,completed,,7920.722983121872,632.4114976369892,,,0.01673839253918102,207.99999999991013,0.0029110863095238096
2,worker-81-f01dc7620e7e4d60893222b0d34fa8e2,completed,,25030.453099012375,500.90463615301996,,,0.008864965691137735,223.99999999999577,0.0023995535714285716
2,worker-31-0283017310e944559b6055ddad5bb7e9,completed,,7748.700904130936,460.38879333098885,,,10.57463063123204,104.00000000000149,0.6135900297619048
2,worker-113-4128272d2ebc4792b011a94b7b5b7181,completed,,32366.693885087967,320.37289693101775,,,13.714826208050054,127.99999999994331,0.9441889880952381
2,worker-33-6c4f4da2423742dba2b89e694d575038,completed,,15776.44705915451,114.77654491201974,,,19.268849681712656,80.00000000000126,0.8300223214285715
2,worker-102-eef25269c299443d9dc0708853137db0,completed,,32377.67680621147,331.35276744602015,,,12.297788525136994,111.99999999995703,0.7493136160714285
2,worker-97-f5aec2a6c31149cfa98adde3059d4863,completed,,32359.165030002594,312.84952062298544,,,14.73509837963379,111.99999999996838,0.8886328125
2,worker-40-ffe5b1e339df42d48bebc35bdafff36c,completed,,15777.886085987091,116.21650857297936,,,14.032671875001677,79.99999999999044,0.6221502976190476
2,worker-111-42de2f53b1f44c16b7428bb1593f7369,completed,,32360.657513141632,314.3369201340247,,,14.778345196761375,119.99999999998282,0.9524051339285714
2,worker-44-79708085cc6547479451328d7d2b6ddf,failed,virtual_cap_incomplete,15341.08761715889,67.18758913804777,,,,,
2,worker-21-4a083645548640caa30b08b23e9b3e42,completed,,112.38869404792786,98.16447972797323,,,8.661135223766435,23.999999999997222,0.14644903273809523
2,worker-50-d534a0684e9b4e86915e5273d7182857,completed,,16875.782422065735,131.35386698396178,,,15.788142583693006,103.99999999997664,0.8845572916666666
2,worker-127-2d96965c6dec44cbaaccc80db1b5159c,completed,,40635.89421916008,198.2401117690024,,,17.887085559117622,103.99999999999527,0.9999832589285714
2,worker-103-e0e3eb98e077488193789e1384b252ef,completed,,32212.233117103577,165.9157821299741,,,15.16228269676058,39.99999999999652,0.35149181547619046
2,worker-37-409cbd812cc1416ab8c43dd2c7d7c420,completed,,15774.00917506218,112.33782257599523,,,19.214174334490462,80.00000000000115,0.8275037202380953
2,worker-78-200e985772784328922f099457b28347,completed,,24784.04227900505,254.50075134797953,,,0.0067981288580251705,239.9999999999831,0.0021651785714285714
2,worker-45-48ac5a6dd3ad436fbcb090b74dad4626,completed,,15776.151840209961,114.4810748330201,,,19.251474392361608,79.99999999999794,0.8288913690476191
2,worker-12-01810569cf1748428a7ff92120141ac8,completed,,226.8676941394806,212.66813425597502,,,1.1170605468749775,96.00000000000193,0.09265252976190476
2,worker-134-917baa78243045cea0c601d37d24b5ae,completed,,40558.833396196365,121.17603551701177,,,18.807154345104838,95.99999999997688,0.9706808035714286
2,worker-109-02c79645cf384fc48489ec291d0dc2ea,completed,,32312.35613512993,266.03636875603115,,,16.299154782578363,111.99999999996143,0.9808035714285714
2,worker-5-6fe5b6ba7e0f43d7863d20b86b540b21,failed,virtual_cap_incomplete,7715.490390062332,427.179480219027,,,,,
2,worker-76-8d659b821e734bbab10614c669833d12,failed,virtual_cap_incomplete,26987.828332185745,2458.2766472219955,,,,,
2,worker-7-22c03c6bd29a471f8b194bc10f181087,completed,,224.15203309059143,209.9525702429819,,,0.0019375723379629899,159.99999999999778,0.0004985119047619048
2,worker-69-4a057e2fcb58487a9700cf28f4395a41,completed,,24755.69538116455,226.1556734839687,,,0.001905715811965911,207.9999999999892,0.0005970982142857143
2,worker-133-679fe106303f4039a249be57318734b1,completed,,40551.12733101845,113.46955595799955,,,16.866506196956244,95.99999999997675,0.8936235119047619
2,worker-16-e8dfcb3f34804efd82125a62d9326fcc,completed,,232.57451915740967,218.3693203459843,,,1.481480955387101,88.0000000000062,0.1028218005952381
2,worker-5-f46bc46b13354077876f90183fd58a40,completed,,265.68329906463623,251.48591837502318,,,4.084622292493429,111.99999999999882,0.2773065476190476
2,worker-47-16d0d83fcee44a5d8f7ef4767f5c87c0,completed,,16993.222987174988,248.79671644902555,,,12.238566870735417,152.0000000000056,0.9999888392857142
2,worker-123-39315709e61c4629b3a4ef55a7de6d6d,completed,,40674.4145860672,236.75990889401874,,,20.870901199504637,87.99999999995916,0.9859821428571428
2,worker-131-19f7e69f832e4c3f937ab6406346e4fe,completed,,40803.761149168015,366.107132122037,,,23.210100147901038,71.9999999999687,0.893539806547619
2,worker-21-7c0df5bce6434a1ab72768b82aecc555,completed,,7200.197252035141,126.513050345995,,,17.757847583910984,96.00000000000568,0.9129947916666666
2,worker-91-f44b0a957b94433ebcac3f5443db3e17,completed,,32377.88536810875,331.5666561750113,,,11.082727237656083,119.99999999998091,0.7273009672619047
2,worker-2-bf692062bd3b43cc9242cdecb6f87f40,completed,,7591.346978187561,303.0355986409704,,,0.06393795814044029,95.99999999998771,0.005751488095238095
2,worker-12-b70f3874a3c545518ac839ff4687d64e,completed,,7590.077884197235,301.7674097099807,,,0.07051613136576829,95.99999999996251,0.013969494047619048
2,worker-59-10941efb93604d7db48e474a6b88f805,completed,,17289.65243411064,544.676361345977,,,10.569932659935361,175.999999999955,1.0
2,worker-40-2bcfad782ffa42c3a6a485c9524fd8e3,completed,,17454.608604192734,710.1819690880366,,,0.5393991729357525,192.00000000007273,0.062232142857142854
2,worker-90-d259ea128c3643b7a023a131bdb084d2,completed,,32491.878202199936,445.55928026197944,,,0.29979456018527684,55.999999999982876,0.007029389880952381
2,worker-18-f9759e5867464fbd938e4f140c8a5706,completed,,7398.356968164444,110.04511019104393,,,0.0006924189814815954,79.99999999998683,3.162202380952381e-05
2,worker-52-026f4ebc103143849ed4707c2852d9d9,completed,,15776.436142206192,114.76442155399127,,,19.056047887733616,79.99999999999103,0.8228218005952381
2,worker-28-ba0dc57d68ed496b917bbaa1b75faf6c,completed,,7569.684732198715,281.37354240199784,,,2.0374183524562843,183.99999999994873,0.28583333333333333
2,worker-42-07b023a5754a42c5a4a8529221f7eb29,completed,,17094.291763067245,349.86335814301856,,,7.232506646050703,255.99999999998744,0.9973009672619048
2,worker-85-a3e07aad92df427aa9a43d9ed1dabe4a,completed,,24843.98189997673,314.4395551739726,,,3.4313283661265324,192.0000000000006,0.400249255952381
2,worker-92-56ca8bf008ab4d68bbcdc8fa1f738d23,completed,,32366.746224164963,320.42643773398595,,,12.579802846170326,87.99999999999795,0.6129241071428572
2,worker-63-e9ea7f7e5a034da3bff7f6e1c909f367,completed,,16875.669459104538,130.69481991796056,,,10.110269914955774,183.99999999999895,0.9999962797619047
2,worker-46-8cc145c464ee486db3d48f7a3cbd6c45,completed,,15776.96439409256,115.29314180702204,,,19.321021412038625,79.99999999999343,0.8320498511904761
2,worker-56-343268e58e4641aaa62ac5f471623c85,completed,,15779.175004005432,116.95682447002036,,,19.231204137730835,80.00000000000267,0.8279278273809524
2,worker-108-db35473904124ba7b35ae14da4b4d7c6,censored,,39790.59414601326,,7201.816489946039,upper_bound,,,
2,worker-103-84841e58753947aaa3913a6484521b99,completed,,32818.47801113129,229.70062259299448,,,19.349243103789888,95.99999999995524,0.9983928571428572
2,worker-19-fbec299201c2402498c57bf9b0c9fc40,completed,,7433.4080901145935,145.0950848790235,,,0.09454282407407982,31.999999999998053,0.004637276785714285
2,worker-13-0b55ed975b284cfa8e8b31acb66ce9a3,completed,,391.2395420074463,377.04384954302805,,,0.0,79.9999999999983,0.0
2,worker-16-54780e4e697348128a136038f82397bd,completed,,7822.703822135925,534.3932804249926,,,8.523899819958167,216.00000000001722,0.9894996279761905
2,worker-28-5bc224818d21480bb488af1683e3146e,completed,,359.3279650211334,345.10202157497406,,,4.1165116964922985,207.99999999999326,0.5025799851190477
2,worker-15-eaff38323a224df58869b675181d80b9,completed,,7823.696425199509,535.386559186969,,,2.5928906249998156,136.00000000000966,0.2773251488095238
2,worker-62-87ff9ab3a7bd4332834dc880f991c67a,completed,,17310.105830192566,565.1297881379724,,,10.566846393624424,175.99999999998857,0.9998084077380952
2,worker-86-fd2a7d3c87084f1ca345a14171cb5454,failed,virtual_cap_incomplete,25565.212215185165,1035.649663846998,,,,,
2,worker-26-a7a9369f6a26435384ac0439e978d645,completed,,173.98044204711914,159.7592394349631,,,0.0002979290674603124,112.0000000000019,8.370535714285714e-05
2,worker-32-77efbfc9e9c946348a75a28ce12e598c,completed,,455.6218421459198,441.38788727100473,,,3.7318624131947624,239.99999999997956,0.5205450148809524
2,worker-51-30ee02aa8aac4d798d246708b3359ab7,completed,,17232.697025060654,488.27016118500615,,,7.17701383721939,223.99999999998516,0.9027418154761905
2,worker-35-6c095dc1c1234231a3ae3c2b283ce470,failed,virtual_cap_incomplete,15323.267666101456,49.91531306901015,,,,,
2,worker-44-24a34391c93d4a0f86a14541362e89bc,completed,,15827.437184095383,165.76742732297862,,,1.349295862268596,79.99999999999541,0.08354910714285714
2,worker-64-81db0ea751004f8ba81b3f28a7317e96,completed,,16984.929764032364,239.95614875899628,,,14.380488040130096,95.99999999995568,0.8141852678571428
2,worker-117-4b5016de41ad46ad88c52e742ea5a930,completed,,40672.049099206924,234.39207846601494,,,20.885387152791466,79.99999999994758,0.9013002232142857
2,worker-112-cf7d9cf1925a4fa7b5666bb0ea400f73,completed,,32815.893054008484,227.115569794958,,,19.201221547077953,95.99999999994975,0.9898270089285715
2,worker-14-37fb812f648943909e4792dca0832ab4,completed,,7411.718059062958,123.40596029598964,,,9.689104938273974,191.99999999995305,1.0
2,worker-36-49446484753c4fd882c32121cef2dbd0,completed,,16889.599924087524,145.17219763697358,,,15.661195126493475,111.99999999996153,0.9420256696428572
2,worker-105-d3b5f522868841579c84f361c20b7fa6,completed,,32354.228691101074,307.9094757299754,,,15.378267264662172,119.99999999998691,0.9914769345238095
2,worker-43-6f370ee6d9e449e1ba5053f3e5bc0843,completed,,15778.282299041748,116.61130479199346,,,19.326122829860743,80.00000000000152,0.8322247023809524
2,worker-55-d57ae51d6d1d48fd965b507a2c22371b,completed,,17000.105135202408,255.67783592600608,,,12.63021141975495,119.99999999998228,0.8721223958333333
2,worker-50-956356f598994b2b8c294468280737b7,completed,,15775.650361061096,113.98027306603035,,,19.255237123843475,79.99999999999633,0.8293954613095238
2,worker-72-9c59497816bb42d39a90e5181018a704,failed,virtual_cap_incomplete,26247.15425801277,1717.6133053699741,,,,,
2,worker-14-8ffe4a9ec9334290b7ea15cf3f6d9370,completed,,735.9979870319366,721.7923740629922,,,3.281583767361144,239.99999999999758,0.4937053571428571
2,worker-49-8bb7cfebb9814ddaa3c9fe11b5dffc90,completed,,15777.16473698616,115.49436981399776,,,19.28747612847328,79.99999999999561,0.830952380952381
2,worker-48-eb31d5c5ba254658b555e2956dbda496,completed,,15864.622693061829,202.95272432401543,,,15.35771108217535,80.000000000003,0.7068433779761905
2,worker-3-727a8b85925a4336816ab1e04c491e42,completed,,7054.516965150833,7040.323281308985,,,0.11239221643518336,16.00000000000026,0.001402529761904762
2,worker-71-3b8619bc5aa84782b596786bcf22ce49,completed,,24975.457116127014,445.91336050996324,,,0.03970949074073731,40.00000000000345,0.0012183779761904762
2,worker-51-59f6d818647e468080dc0fd64d1d318d,completed,,15778.165463209152,116.49397488799877,,,17.84688078703745,79.99999999999815,0.7748102678571429
2,worker-46-55bf66fd19f5417080b06426d4cd174d,completed,,15352.596310138702,78.69796138699166,,,2.0499544270833687,15.999999999999723,0.025238095238095237
2,worker-66-5bbfad5baeb14beea69d4d8ba02ae651,completed,,25148.60578918457,619.0658006019657,,,4.721416648582806,255.99999999996584,0.6924665178571429
2,worker-79-fdbbb6ce18e64c82be82c9dcc5078700,completed,,24991.072748184204,461.5359602890094,,,0.003138283880471533,175.99999999999147,0.000703125
2,worker-27-e2d0532580334ea982192065f454236f,completed,,195.55373120307922,181.3321946169599,,,12.204149948563964,143.99999999994935,0.9417336309523809
2,worker-120-afb289b065cc41079c95a62dafd444c5,completed,,40563.49273109436,125.8359014709713,,,18.07898497782387,95.99999999996012,0.9321186755952381
2,worker-82-95bc599abe5d41b0871a86e0d508641d,completed,,24725.170210123062,195.62352846201975,,,9.298485937500287,199.99999999999383,0.9986625744047619
2,worker-108-f2b31e6e3eb24393a7590eb285ded16b,completed,,32346.50698518753,300.1783756070072,,,14.623825135033835,119.99999999997563,0.9443880208333333
2,worker-29-266649edca4246789ddff672a50d93c5,completed,,8127.783284187317,839.4710762010072,,,4.9837618840936795,224.00000000001063,0.622241443452381
2,worker-8-6173974011c74323af00758c666ef3f7,completed,,7470.909737110138,182.59901070297929,,,6.032158564815122,39.99999999999797,0.16643229166666668
2,worker-77-703dfd990e7f474fa999522ccb55904c,completed,,24706.640351057053,177.09857935103355,,,12.857668708206369,143.99999999998167,0.9947358630952381
2,worker-23-f74e6246f76b4484b3776f9f4c3ca66b,completed,,7441.061196088791,152.74875491700368,,,3.7789200498591184,103.99999999995684,0.31177269345238096
2,worker-34-92c0dcefefa64ce48cec95eb9c8bdfe7,completed,,16885.807700157166,141.3790217450005,,,12.236891066645914,151.99999999995512,0.9999069940476191
2,worker-93-6c3597daafd3447fbef2d55193691f2d,completed,,32370.15832400322,323.8368777179858,,,13.743760579433165,127.99999999994337,0.9458575148809524
2,worker-54-827b6c09d75947cea78066411221628b,completed,,16910.06998515129,165.6425868590013,,,1.3823119212966246,111.9999999999734,0.12246837797619048
2,worker-7-caedc586ce8e47438ba6b9229324e8b3,completed,,7661.207033157349,372.89664494397584,,,0.024514392109504627,183.99999999997132,0.003939732142857143
2,worker-31-ac6ce4b00bef4f979ecae0038698466e,failed,virtual_cap_incomplete,1129.5907080173492,1115.360331707052,,,,,
2,worker-122-2ae00b5a96c44422bae95324e3f6ed97,completed,,40656.65313100815,218.99425918399356,,,21.95041710071165,79.99999999993729,0.9426078869047619
2,worker-42-6b56091dde2a4e3dacc1a4adc2cd08c9,completed,,15776.334676027298,114.66312595800264,,,19.378611834492368,79.99999999999329,0.8349032738095238
2,worker-118-df219020db24476aad80bc71745d3ead,completed,,40672.16777420044,234.51356597302947,,,20.91507746739305,87.99999999995416,0.9884170386904761
2,worker-25-45f3ce466c234a84b05e2401fb367cc0,completed,,7440.338772058487,152.0261741639697,,,0.3791497878088033,47.99999999997957,0.011625744047619048
2,worker-38-77f6f50256214ea1846fbb6990ae877c,completed,,15786.417613983154,124.74819374398794,,,14.855017650463177,79.99999999999886,0.6589043898809523
2,worker-37-cd9d64c0d8e747fa873e12aab91096ea,censored,,23946.155424118042,,7201.726321908995,upper_bound,,,
2,worker-11-afe546db061b4fa19183fbc458fca1fa,completed,,7732.335281133652,444.02426252601435,,,7.729870659726709,239.9999999998607,0.9980505952380953
2,worker-121-0c7b94e017ce476c82f9e4a799ed24aa,completed,,40915.01986408234,477.3640023340122,,,17.869708978815396,103.99999999997173,0.9992243303571429
2,worker-39-6dfa500bbf774ad286d2923e9f00e05f,completed,,16340.051762104034,390.27289008902153,,,0.02086998456790249,95.99999999999422,0.0022563244047619046
2,worker-33-7a4a762fe796493c96d4a035c828c1ab,failed,virtual_cap_incomplete,15346.543615102768,73.19108738197247,,,,,
2,worker-53-fcf7728b5ac94cc69635f4bc294d5dab,completed,,17056.509625196457,312.08210057596443,,,12.238256502807516,151.99999999993327,0.9999702380952381
2,worker-9-4d23b3dc275a4609a9a9019f8a33bbd2,completed,,7721.9153690338135,433.6027438340243,,,0.1881637524801362,224.00000000002683,0.06234561011904762
2,worker-44-f4e5aef213dc42989491e5c196f7f00f,completed,,17126.52874803543,382.1005632120068,,,14.532993797025874,127.99999999994542,0.9999720982142857
2,worker-42-2d19ff0f0b4b44ddb79a4bac5a219930,failed,virtual_cap_incomplete,15354.82283616066,80.91810186696239,,,,,
2,worker-57-b8f0b9f4c9b142f1a2fb5a4411b9ebcf,completed,,17025.91194009781,280.94660037604626,,,14.499907678678076,127.9999999999708,0.9980598958333333
2,worker-18-9838a646afb24e919be6d3deb13fdc74,completed,,582.1432449817657,567.938477727992,,,2.5473049657231432,207.99999999998298,0.349453125
2,worker-39-94a5917a07fa4567b236cc41376fbd3f,completed,,17469.19963502884,724.7706497210311,,,7.238803213614419,255.99999999998533,0.9963039434523809
2,worker-58-f1d556e8aa2c4819ab32bfa76afe5586,completed,,17263.86324119568,518.890537254978,,,11.07311115245031,167.99999999995114,0.9999944196428572
2,worker-37-64a1d07bf15d4fef85ef805d5a83de2b,completed,,16530.49693799019,580.7179420280154,,,1.4835408528646032,127.99999999999828,0.13753348214285716
2,worker-101-7604460542204446a658bf0aa3fc2168,completed,,32989.25431609154,400.4765382439946,,,17.886962807162952,103.9999999999719,0.9999795386904762
2,worker-35-dfd8151eff004f4ead3b4e7588788b8a,completed,,15781.409713983536,119.74043214699486,,,14.756712094905431,80.00000000001071,0.6567020089285714
2,worker-22-4189df3a67f14a8fa85d5ef5b23e83ec,completed,,7172.989787101746,99.30544854799518,,,13.29661644345106,56.00000000000557,0.42529947916666666
2,worker-22-95fee02d72304072a3320b4d16ba6799,completed,,7848.443984031677,560.1311985090142,,,0.9500988136573452,80.00000000000524,0.05907552083333333
2,worker-24-89e4eb3faa644cc29f37917afe1a9e8b,completed,,7522.548187017441,234.23666027298896,,,0.2785217737268641,31.999999999998593,0.006095610119047619
2,worker-104-d57f94d412d74a7b84c0791e382aa46b,completed,,32352.769267082214,306.447283585032,,,14.691858796298735,119.99999999998009,0.9476785714285715
2,worker-32-0b6ccc48f6154902806f19937f3e77a3,completed,,7479.113384008408,190.80178278597305,,,2.6176546509507173,151.99999999997533,0.3090848214285714
2,worker-83-5fb0fd4cbaa24c71ae1fbf46d0b8bfe4,completed,,24969.91120815277,440.37033364904346,,,0.0036078960905349716,144.0000000000003,0.0007087053571428572
2,worker-65-e4dde88cf4454ba4a40bd12bb22d54b5,completed,,24077.843312978745,118.6530965710408,,,1.2973410790600273,103.99999999998411,0.14242931547619048
2,worker-26-ea3a8c31d93c4810a5ab087983bff20b,completed,,7916.8218450546265,628.5118531080079,,,6.118788972078762,127.99999999997456,0.5379668898809524
2,worker-30-9d541c749b444dac89011750a08768af,completed,,1509.7775330543518,1495.5490882140002,,,2.037429503367117,87.9999999999951,0.1400502232142857
2,worker-49-7972ff0be6e24a24b436e310344dd25a,completed,,17392.63687801361,648.2103562859702,,,9.301022280094328,199.9999999999627,0.9999739583333334
2,worker-20-ec9f072846f144bb97fe27cb0a97c866,completed,,7440.619887113571,152.30766169301933,,,0.004139539930555708,63.999999999997634,0.00032738095238095237
2,worker-130-eeca0cc1c52446ea89795fa107cbce7a,completed,,40877.1312520504,439.47701250598766,,,20.51777843539844,87.9999999999879,0.9707589285714285
2,worker-35-0a63aee44e424ca48cec113474388744,completed,,17198.580663204193,454.1530197079992,,,15.435160590283058,103.99999999996442,0.8690048363095239
2,worker-29-cda0b33330fc4c1790f24d1111860385,completed,,1137.454745054245,1123.2250682439771,,,3.393309461805556,176.0,0.39813988095238095
2,worker-60-e1b73ba6f6c24b53846c6e412c6c1484,completed,,16929.66920399666,184.6943890590337,,,10.08761555203327,183.99999999999525,0.9977976190476191
2,worker-107-a22cabe92b2240479827b109da005931,completed,,32355.662867069244,309.33421455603093,,,14.826876253859682,119.99999999998658,0.9555450148809523
2,worker-46-2270d3ceee904acb8cf5e845403c43e3,completed,,16911.071745157242,166.64530977996765,,,7.499400481631928,247.9999999999635,0.9998772321428572
2,worker-101-98094b72af22445d9a8dfc823f08064e,completed,,32348.941986083984,302.61413738597184,,,14.653295814045201,119.99999999998369,0.9457347470238096
2,worker-116-420f81e966a0462f9b803c9a40e7d046,completed,,40625.48623299599,187.83697018999374,,,20.926905381948757,87.99999999998187,0.9906008184523809
2,worker-112-49944bc808834f069d6189ca22d614d1,completed,,32311.64094018936,265.31837867799914,,,14.519146502463473,127.99999999996488,0.9992299107142857
2,worker-50-82a2ad1c022f4299aa3a2afe43067f1e,failed,virtual_cap_incomplete,15343.561489105225,69.65616959304316,,,,,
2,worker-106-ee76760e0a024280ad1dcde81b51ec62,completed,,32384.61648416519,338.2911416659481,,,11.25745553626743,119.9999999999787,0.7373418898809524
2,worker-30-dddd8bbea864496ab25bc5d95a92839c,completed,,8268.576128005981,980.2637760550133,,,0.008473307291667913,159.99999999997647,0.0011886160714285714
2,worker-33-6775fbe9c29349b9b704af1a51db1836,completed,,16975.773341178894,231.34716649801703,,,10.186193287039542,119.9999999999705,0.7366889880952381
3,worker-67-bea2c94227034fe690d09910e145b71d,completed,,15184.123936891556,297.065210011031,,,16.97730738953766,96.65114464151286,0.8848846726190476
3,worker-64-83ea4bbe5f51471ca7d961557ffe3b78,completed,,16891.446440935135,252.85542564897332,,,21.16998660080373,66.7338215860118,0.7524144345238095
3,worker-42-895124504c2e4a9788ea069ef64723ba,completed,,20348.318778038025,225.15698593697743,,,38.949267587382714,25.58579229082073,0.5592373511904762
3,worker-48-0babb516d76b4aa38373b60953a0334f,completed,,15217.613756895065,330.5617928740103,,,13.66309178252988,132.81437447022122,0.9768526785714285
3,worker-24-0651426f27524e1f90f448b13fb27f96,completed,,7491.934633970261,348.3842511869734,,,3.128432306377044,68.76754776410597,0.14817150297619047
3,worker-59-5cfab0e803074dafa0ec254394671aad,completed,,15194.266555070877,307.20277440804057,,,19.108985218362836,90.007007163921,0.914521949404762
3,worker-51-50931a61f65e4fa0b9fd8618cfc4812f,completed,,20439.534859895706,316.3908606970217,,,0.6651608816158517,107.09837639565916,0.0633891369047619
3,worker-66-9173f85ebe044ed3b5c02ffe7cfd5e4c,completed,,15998.980143070221,340.4814711830113,,,25.727631028000854,35.7694349344679,0.518422619047619
3,worker-22-fa3ca18b688e49079d2ad592ffb9e742,completed,,3093.1299760341644,1304.5038336589932,,,3.218217257957109,255.98424910681405,0.5153497023809523
3,worker-49-50c6334a29dd46e0914cae5190b4f226,completed,,17952.06588792801,207.23778148397105,,,33.46113847866557,23.6938880037835,0.45590401785714285
3,worker-44-513b79b7403f4684a21f630feab40cc9,completed,,16913.07079100609,274.47622884303564,,,19.333565665078947,80.77900651677201,0.8300446428571429
3,worker-42-c7e4c55ebf9f403c977e6b47cee7119c,completed,,16932.293371915817,293.6992721889983,,,20.59519209068403,78.56683799042092,0.8581510416666667
3,worker-44-54289f2920ed45aea8009c6e0d15bd8b,completed,,19205.917469978333,231.6518123600399,,,21.248340004331393,56.68506044493239,0.6610956101190476
3,worker-21-ca609940d90845b59ebbdb952cce41a1,completed,,4019.9113340377808,2231.2933799879975,,,4.8707907343109635,71.99999999999609,0.24679129464285715
3,worker-53-7507bc79a32f4405abdd9a412f746a8c,completed,,19226.080461025238,251.81442429695744,,,26.133794341742995,67.58885871050006,0.9462760416666667
3,worker-53-b80edf209e1a4e1fabe950c82289f323,completed,,15272.214662075043,385.16236427699914,,,10.500908081006859,175.56392148469163,0.9920256696428571
3,worker-61-5e10416a98434f8e9f2c73926b9754a3,completed,,17939.35598897934,194.52987444901373,,,27.34993202623089,22.444139249839477,0.35429873511904764
3,worker-69-b8eb5c0f1a174a5b981d6f181e7a21ab,completed,,20399.82921910286,276.6675226390362,,,31.474964458314666,20.104418092209983,0.3649683779761905
3,worker-30-3cd900cee51145099dff48b1dfd3c787,completed,,9016.42273902893,1872.8692595760222,,,0.47573807036994853,178.99618767046866,0.05775669642857143
3,worker-62-e12bdfdc6cb042d485fab4ecec7d0c3c,completed,,15215.446810007095,328.39259858900914,,,17.392407442304393,104.1259467506907,0.9726450892857142
3,worker-58-eac54ab6ff2e454484e00df4f75db873,completed,,18073.248517036438,328.4225417809794,,,20.881117074406347,30.407449101842705,0.42378162202380953
3,worker-44-9a7f83c94e8647b2a6326a0a0958b5a1,completed,,20362.598515033722,239.44244836899452,,,39.95916549626744,26.624782964891367,0.5941741071428571
3,worker-41-1c8c173a4c91486ba0dd3938802bd1cf,completed,,16926.39654302597,287.80290185898775,,,19.322774433518816,80.30935844097424,0.8248065476190476
3,worker-28-6a7156f150ea405e809f334681e54a48,completed,,3184.424381017685,1395.8025783920311,,,2.4871162389413426,255.9680351793396,0.41513206845238093
3,worker-69-611007bbb4c14976ab60968a0e2e004e,completed,,17244.735555887222,207.26471198204672,,,27.933356003574644,49.4785252941754,0.7268638392857143
3,worker-41-1d5314cc39854d97aa615d3fa00ee181,completed,,19200.269305944443,226.00337723101256,,,25.138475878345723,55.99142817879108,0.742485119047619
3,worker-47-e199dd7f176a4bd5879c4fa8cab07141,completed,,17937.630908966064,192.80182153795613,,,33.129769673799416,21.856068874225212,0.41737723214285716
3,worker-71-d30fc0c9442c49a1a7c2615645a04ab1,completed,,17954.67918395996,209.8511259740335,,,28.951093412105557,27.42541982444448,0.44809895833333335
3,worker-20-7a7ef88e50074dd1b756b80ecc238df4,completed,,7380.512541055679,236.9647983799805,,,14.679004228678224,35.87548845652718,0.34094122023809526
3,worker-55-73993151044748ea8e0c09f7dd09e7a1,completed,,19227.493155002594,253.2287876799819,,,22.93932270021862,70.07257638493006,0.8529296875
3,worker-20-08ecf976ad6241858aa096d75b2cbcc1,completed,,2129.3458580970764,340.7248957970296,,,16.834693675507573,97.84181126459579,0.8858072916666667
3,worker-55-492ba77df21544d39d5710351a4196f2,completed,,20439.597362041473,316.4359321780503,,,34.624517159690726,25.28433707610387,0.4926599702380952
3,worker-59-4be2bfa9aa24415886f5ab12b9662b31,completed,,19191.22289800644,216.95738491701195,,,26.85724365653749,52.258652244078704,0.7350297619047619
3,worker-27-2426ec659d4d4de0932502fccdb1d2bc,completed,,2381.1062400341034,592.4893092670245,,,3.5005865680055037,186.95590996199962,0.3948623511904762
3,worker-48-a7b3bc9102774666847e205eb2bd8e56,completed,,16908.442516088486,269.85037389799254,,,20.672031005769504,77.95515369132835,0.8534542410714285
3,worker-52-7c048931ce374bcfa09bd2c0521680b4,completed,,15202.524802923203,315.4714031559997,,,15.95713352643482,113.00009280848012,0.9622340029761904
3,worker-67-b47581c6f280420391bafea51c72db09,completed,,20455.962531089783,332.8128494609846,,,38.98801566211035,25.705380328122242,0.5605394345238095
3,worker-23-42bb1e085ca142aa8114d6e6bd3bcb61,completed,,8744.96175289154,1601.4151936410344,,,0.0012276660798937748,187.2342283261586,0.0002659970238095238
3,worker-70-53aa6344da6943af8901624ca413f329,completed,,17950.81331396103,205.98721139098052,,,34.28497091347839,23.670190196613856,0.46526971726190475
3,worker-51-eff08acd7a364f26b9848b82b6dcbd10,completed,,15234.48491191864,347.43537036899943,,,15.521606503436184,118.69003227494596,0.9866499255952381
3,worker-59-ff234b04d5fb4cbe9e3e00dda033a458,completed,,20352.18077492714,229.02591729100095,,,16.49068591268543,32.02838554398774,0.34220424107142855
3,worker-44-81b7d24442f04b65b39c8353e40c1f88,completed,,17942.808690071106,197.98114895395702,,,39.679109380361915,25.20121540082528,0.5639378720238095
3,worker-34-d40020b0ea114d72aee1f2a05bf0b63c,completed,,7491.683506011963,348.13672344200313,,,1.7664959363631687,150.9176244804912,0.21280319940476192
3,worker-55-44baa293f8c24c628f2c1a1a48bf2329,completed,,16912.7989089489,274.2064401409589,,,20.082885263646325,81.78299854961584,0.8768656994047619
3,worker-66-eb8c9c49e53a4a22966b0e26235c014f,completed,,17944.42598605156,199.59663814801024,,,37.36246298133328,27.47967947020516,0.5717987351190477
3,worker-30-a6356e0ac12e46ea9c8e3e3e231f183b,completed,,5028.7111120224,3240.093290269957,,,0.02264006892333995,255.93144504883236,0.00646391369047619
3,worker-18-1be357d7e8a24e0dacc908e5681fe903,completed,,2257.190423965454,468.5736452609999,,,12.76151735065885,108.31609454623695,0.7724683779761905
3,worker-56-c34b0cf8420a46d5ace6747dbee6363e,completed,,15189.875631093979,302.80323953798506,,,20.137513277124558,87.29466966715043,0.9399981398809524
3,worker-69-2824c4b7b9dd4d5eb9637ed63b1c8bbf,completed,,15290.024390935898,402.9614834749955,,,11.146320490895462,166.2327603264824,0.9953497023809523
3,worker-41-ddc9fa15f7e248449d59e5df687c8a7a,completed,,15149.869693994522,263.56235226400895,,,19.67949751612941,85.81014778927718,0.9044084821428572
3,worker-25-3d55cfc2bb294409b29b8c837d5adba2,completed,,12804.98276090622,5661.431022935954,,,0.0014131421491769731,194.69188925901858,0.00026413690476190477
3,worker-69-1590550545d747dcbce8759fe33f797e,completed,,19250.029694080353,275.7645686069736,,,22.08073842805424,80.043839525211,0.94921875
3,worker-34-18aff58cc27047b2b0deab4439ca39cb,completed,,2092.6296010017395,303.98771769204177,,,16.071327688119705,109.83221402545689,0.9433705357142858
3,worker-46-419a5624d48d4c839c3d97cda9a2eb59,completed,,19201.051877975464,226.786385667976,,,26.380501626659775,54.91335591344564,0.7639043898809523
3,worker-53-6ef1914407e8400f8e08a944f938c0c6,completed,,20341.936573028564,218.77948769100476,,,37.903261034058495,24.39842655555631,0.5245665922619047
3,worker-33-e7d8485365314cbc87712bbc6b0b0871,completed,,7356.031503915787,212.47787908202736,,,1.1290189814727265,48.68766148623814,0.04498697916666667
3,worker-9-83e95ab7aca8425cb53db261467abb7c,completed,,2237.234941959381,448.6295951420325,,,14.426167842612184,87.45472003873202,0.7190550595238095
3,worker-23-61c6b53b427844fbabf968dc399bbecb,completed,,2056.3770151138306,267.7583449400263,,,1.9051201080294458,178.56046477631668,0.22649739583333334
3,worker-58-fbc3fae84331448fa633d03990329882,completed,,15846.820590019226,188.31818109401502,,,23.591274862278873,24.59019360294401,0.33805245535714284
3,worker-41-9a98a6069ece46f386f13dff97291896,completed,,15865.045809984207,206.54645197000355,,,37.91303400302857,26.184200619412977,0.556806175595238
3,worker-67-35954accf93644f8905fb12517722a26,completed,,18001.265711069107,256.43900751596084,,,37.66373527665171,21.40180140091158,0.459672619047619
3,worker-45-8e64e9f0f3664bd68c0628b6c44952c8,completed,,15842.428345918655,183.92445066198707,,,35.96219791092069,24.646616939242904,0.5027659970238095
3,worker-53-4fcc85e6f2fd44e39ce1f67f536aa829,completed,,17945.30037498474,200.4727607939858,,,37.77311639612728,28.45445614083599,0.5960788690476191
3,worker-25-4d101955483f42fabf7eabf8ed7b0547,completed,,2957.8800699710846,1169.267760586983,,,3.602447441727653,248.96903377614976,0.519663318452381
3,worker-19-f77dc3bee77f44e2a00a95ff6d97fb99,completed,,2568.7440938949585,780.1287079710164,,,0.006912099282633088,255.96387043086713,0.002302827380952381
3,worker-45-2338c6e9a03b45d0b0441defb4342638,completed,,20328.778043985367,205.62338190199807,,,39.309790591331364,26.581595879145155,0.5819828869047619
3,worker-38-127d4f2ba5584d91ba8449db7a142152,completed,,2825.0368580818176,1036.3867386290221,,,0.007846033053827361,255.70541627650564,0.002395833333333333
3,worker-46-0694bda54f704282b598ee16e4e8632e,completed,,15847.069878101349,188.56243875797372,,,35.37980555639117,25.53345946400573,0.5099255952380952
3,worker-53-0aad9572ae924265bb2902895ed8995e,completed,,16916.314961910248,277.7220865180134,,,21.90801774262476,79.27564431551087,0.9298065476190476
3,worker-70-aab4c2e5aba042c8a202fa108bca2e91,completed,,16902.293850898743,263.7004782439908,,,20.111888173246648,74.1025597892805,0.7928329613095239
3,worker-62-2aba98b879224d31bae8bdc6dc172b88,completed,,20381.447159051895,258.29206312500173,,,38.702428006567615,26.031821541095745,0.5601264880952381
3,worker-10-c7aad413b8e849f38c02ad5a645d0a18,completed,,7350.306683063507,206.75589530204888,,,35.94721698747617,26.38873217395298,0.5322526041666666
3,worker-42-47e5dcbcbfa7437ab5860784f0f92256,completed,,17935.82292509079,190.99437617504736,,,27.3238320649334,21.329690780703075,0.3421391369047619
3,worker-41-f7acbd430f544d0aaefa4300dbca35ad,completed,,14562.040744066238,194.21391117502935,,,28.367254034292028,30.326450489710584,0.4879073660714286
3,worker-32-1b35ee19d3bc4a33b0e551dfa86fb9a4,completed,,7426.951374053955,283.4047909329529,,,0.009551262666783284,83.45318950397775,0.0006063988095238095
3,worker-64-bb6da6bd046d4ef197290b592a2cb9c3,completed,,17947.05575489998,202.23019648401532,,,34.88404967254297,23.755758187197333,0.47186941964285717
3,worker-52-29a780bfc7c64ef0bb769ae4b496d28b,completed,,17959.41862988472,214.59343482903205,,,11.831173511788954,26.229274851107213,0.2115048363095238
3,worker-68-3d249265ddf744388f156aa039672cc9,completed,,16984.50925207138,345.91694776603254,,,5.963788224566612,29.16130186972591,0.12491443452380953
3,worker-37-5219947146c548e186d95dc5d53520a5,completed,,3388.7273728847504,1600.0800117799663,,,1.5036336498281013,39.710031951335935,0.053316592261904765
3,worker-61-63050bec03684dccb4a8e36a14247543,completed,,20329.129060983658,205.9740690519684,,,35.69235238323051,24.540176633355518,0.4826488095238095
3,worker-31-65b9b6906cd5470da92941718b4a8ed2,completed,,2054.6078131198883,265.98548996902537,,,0.08920240067525818,59.325005048190135,0.005202752976190476
3,worker-10-0165dce39497474c9e56008d4fc65182,completed,,2628.23642206192,839.6350095369853,,,2.340048556857799,127.99999999999125,0.20576636904761905
3,worker-52-7853e22414f94badb0395c92e3b50d52,completed,,16888.08602809906,249.49461570201674,,,24.909454249974115,63.74243556175292,0.8435360863095238
3,worker-54-ac65492d328d4f77833ac6be972edb7b,completed,,18107.39909005165,362.569449461007,,,21.09668658433455,31.67399596469941,0.43005952380952384
3,worker-71-2871193887ff47bca6aee068213a4593,completed,,16922.24117898941,283.64788479200797,,,22.482688341899895,77.9151758500385,0.9370238095238095
3,worker-39-8f765ba0d1304128bdf22a6c9ede9de4,completed,,7799.919150114059,656.3695207940182,,,2.0938187364304186,170.8888011104116,0.26739769345238096
3,worker-58-a180150539654f168b5c5eafdc7cd692,completed,,15202.493911981583,315.44073335803114,,,15.781832909906338,109.72965723478934,0.929765625
3,worker-50-daf921dd2cfd41058187376937e2e847,completed,,20420.702569007874,297.54617709101876,,,29.873481463748305,25.712495164559467,0.43588727678571426
3,worker-54-6ebaf0452aac4a74800a4d639a1e3b9f,completed,,15190.878367900848,303.82129113399424,,,20.68778006150695,88.14137865915102,0.9748381696428572
3,worker-63-2587d24c613e4d7db3e50c446ea5bc60,completed,,15225.584678888321,338.52616547001526,,,15.83014865625569,116.17170201198748,0.9849869791666667
3,worker-67-5b6547e4920c4d09868dcec8e3bc5855,completed,,15908.427812099457,249.92640536505496,,,29.400032391562217,22.162069309234983,0.3763690476190476
3,worker-68-6be25fd8fc754108a7a8491fbdc0598b,completed,,19216.909578084946,242.64374591998057,,,27.289104139102903,64.1924267837849,0.9317764136904761
3,worker-72-2c39cca5257c4255b61f1da7b759dddc,completed,,17926.909459114075,182.0802763190004,,,34.11176508467161,24.08679459020183,0.4663076636904762
3,worker-61-0fbd01a0a2c44c02b6eec0862f28b600,completed,,19193.33043408394,219.06522725900868,,,26.24748566470235,53.20209592029263,0.7367950148809523
3,worker-54-5c696edb3c0e4b63a51b1b12b6899414,completed,,16979.412755966187,340.8199133540038,,,5.836254988476818,28.98078839380463,0.12630952380952382
3,worker-35-a25947c3bb4549f4a5163f95696160d7,completed,,3878.747607946396,2090.099811860011,,,3.406390269885544,176.00000000004235,0.3997172619047619
3,worker-56-bf604c7ddee0447ca216e567b2511061,completed,,17020.91548895836,382.3245946440147,,,12.29707506601953,42.37895566841995,0.3169475446428571
3,worker-46-2da7e7fe66824dfb813d9629ff483cd3,completed,,17940.241254091263,195.41566455701832,,,32.963068020320264,23.062309924310096,0.4314918154761905
3,worker-56-34f79b31ba1747eea5b0ce8b36c1c4e7,completed,,20430.815865039825,307.6726801939658,,,32.92310852123902,27.79505342257841,0.5182142857142857
3,worker-59-d7c7cd77654f4ca79cbc125e69074b19,completed,,15849.469377040863,190.96701872796984,,,33.23012504496959,27.70583066860786,0.5242392113095238
3,worker-14-c0a9fd0193df4b198fac735b0078d768,completed,,2535.4179010391235,746.8092841710313,,,0.01614634165676658,255.78692907302286,0.004906994047619047
3,worker-54-e259f8c6f46d4726a5ed71222521f7c5,completed,,20352.120481967926,228.96665113401832,,,35.09088384167222,24.345636640615776,0.4854557291666667
3,worker-57-11d65ac321074cbdbdeb93f5c32124f7,completed,,20337.17904496193,214.03565507300664,,,36.62518005258391,25.460352649767053,0.5293154761904761
3,worker-71-7655d6de1ea64ce0a64871a81eb4e5fe,completed,,20449.753535985947,326.60868116497295,,,31.033002107268505,25.58362914375193,0.44691778273809524
3,worker-50-727ce226e1c14a7f97c987257c984a88,completed,,15987.266016960144,328.76394519902533,,,21.097721934877587,41.05373847801269,0.4895591517857143
3,worker-48-e9a2374b97da48fa96e4a8a7036e7546,completed,,17932.48765206337,187.6603751410148,,,27.989806691635366,22.096152497611328,0.35530691964285716
3,worker-40-bb3d03a1a2254e05aa796e86972d2952,completed,,2595.725723028183,807.0648235600092,,,3.7975515432977116,255.25558438745156,0.559404761904762
3,worker-63-9e48e66d387e4f6faef3fb411dc6c38a,completed,,17935.12228989601,190.2912446249975,,,33.057035762880375,22.51421486660452,0.4226060267857143
3,worker-72-3c0106dcdadd4fae9df3bd57d872ad68,completed,,20450.82248401642,327.6655899609905,,,41.91012861163633,25.120195796339484,0.5859802827380952
3,worker-56-4da227ca5e9741b792bde4be9577ddd8,completed,,15835.163594961166,176.6620329139987,,,11.575735701844142,21.235174379848967,0.1630059523809524
3,worker-45-968c5113b8714f6cab9459d9899cdc56,completed,,15219.61481499672,332.56833818601444,,,17.745124071610483,100.19596346949503,0.9507328869047619
3,worker-47-bc4007e739624d4ba59ef86ef93512ab,completed,,16938.183506965637,299.59169414796634,,,21.238191975206206,84.8100170538939,0.9648121279761904
3,worker-63-73cdc80fe88a4898b2632e3a89776afe,completed,,20387.319962978363,264.1584301990224,,,1.2251805620794107,126.02392248464155,0.10810639880952382
3,worker-65-f7dd0fe63f6140e987a6dad5147ffa00,completed,,17947.033221006393,202.20661770895822,,,28.729126289236607,24.68383656122714,0.40398623511904763
3,worker-50-2cc0b6b7c9b44d7a8b6546ecb4104f74,completed,,17013.27264904976,374.67844434804283,,,6.921198198871803,30.078555074125497,0.15444010416666668
3,worker-64-ab4a3c0620174d2082744454923df171,completed,,15841.78764295578,183.2833075170056,,,10.486517675181796,21.4575069086566,0.15504278273809524
3,worker-59-66221f3628ef447b9089ca82f4ee6151,completed,,16866.201982975006,227.60957278200658,,,13.371023723439526,37.63714975241763,0.3087890625
3,worker-62-8c27156e520d40899bec2096cd44d168,completed,,19194.769560098648,220.50463182898238,,,27.603268792717937,50.667411987764034,0.734892113095238
3,worker-72-a57b47a2c22f44f8ac671864165d47ce,completed,,16946.245840072632,307.65223221102497,,,5.521430769134097,25.28826972459762,0.10922619047619048
3,worker-69-9e8ab295173345dfb30fde023797def3,completed,,16176.268831014633,517.7615091929911,,,28.837545739168853,35.13684604984684,0.5663392857142857
3,worker-60-1be2b00f7fea4f12b352f322da1027e2,completed,,15845.093003988266,186.58918136399006,,,34.379683223245806,26.080891204125653,0.5065662202380953
3,worker-16-bd605346876147c6a6d4031178b413ba,completed,,2045.3461170196533,256.7292982339859,,,8.079840651639287,29.237481282119862,0.1754092261904762
3,worker-55-48dff51f69d54ed1b28f1deb6bf2732f,completed,,15849.952721118927,191.45308542001294,,,34.17802460318002,25.895514249989738,0.49671130952380954
3,worker-43-2bec89697fe94ebd9bdfbb6eb4afc490,completed,,15115.06754207611,228.01509354199516,,,3.273646350466398,15.988577711400328,0.039447544642857144
3,worker-43-93b4de7431d04b6eab00a2abff14cd88,completed,,16935.023602962494,296.4298398650135,,,18.4907264592296,83.67584329588821,0.8270070684523809
3,worker-72-fadab3dae7944758a9b16474b1676ded,completed,,15209.811710119247,322.75562028295826,,,15.462769451332402,116.76437517280249,0.9670145089285714
3,worker-19-7c1a8a1c8c074d6b9130ef26e0c75915,completed,,7944.859436035156,801.3094617370516,,,3.3310667427270393,98.876115446782,0.20654017857142856
3,worker-48-75b44dd872ee4d19ad02dea6e23da970,completed,,19219.0247130394,244.7600936590461,,,22.711557365653505,62.76604134452288,0.777397693452381
3,worker-49-2968b2a627d6466baf5e4c0be1cac50e,completed,,15235.724698066711,348.6740442989976,,,13.740006754586462,133.78243345755735,0.9848009672619048
3,worker-39-084ef208a7bc480babd4ff4dd6ac20d5,completed,,2452.0674180984497,663.4201818709844,,,4.351743898536341,250.79592610465502,0.6236625744047619
3,worker-61-ce25dffe007d40e4b423c4de2a09c55a,completed,,15846.11905503273,187.61261962901335,,,35.26161136118149,26.008393031971007,0.5238597470238096
3,worker-46-a265eddb30314438b635bf2f79ae117b,completed,,15278.697804927826,391.6517223700066,,,11.762446525664839,157.22544713097622,0.9923902529761904
3,worker-60-3bb1653192ad4201a203f6e7220ddcbf,completed,,17953.222539901733,208.39764570398256,,,25.795691718014286,24.672697322437777,0.38574590773809525
3,worker-44-5abba8b973674428a99983e861b4e7ff,completed,,15258.219369888306,371.17967401305214,,,10.97292027678045,168.28256598774357,0.9925762648809524
3,worker-41-f26e3804784848f9a846dabca3799fa6,completed,,20425.816133975983,302.66042106895475,,,35.97523310904806,22.477454537001716,0.46091145833333336
3,worker-16-b5befba836344d308b794475b71bb51d,completed,,7929.29909491539,785.7530826150323,,,10.374506075874399,52.5169568981148,0.4015159970238095
3,worker-57-f7bfe10318d04316bd68ad08f989363d,completed,,16906.734683036804,268.1426460429793,,,19.69900261305695,74.56939683240138,0.7848530505952381
3,worker-64-d00d155f527545f4b63828fd606f2f12,completed,,20352.85778903961,229.71482041000854,,,37.079337082424715,25.804745555977643,0.5336737351190476
3,worker-18-52408104da554156a18da817a59af4d4,completed,,7366.852432012558,223.3042895469698,,,16.004131612040275,31.725762307589125,0.33074404761904763
3,worker-53-0077e79d9ed7460fa67e86a508178c00,completed,,15853.739759922028,195.23259051394416,,,29.871886556336953,25.467147722673747,0.43954613095238093
3,worker-21-1073482f8aa941debfd01f91b8374d87,completed,,7979.356175899506,835.8036671259906,,,6.124095696938857,92.60842717625363,0.35593191964285714
3,worker-42-39cac1e29370440bac8c4ff1fddbe510,completed,,15265.156742095947,378.08273315196857,,,11.140773869923128,165.0919697962985,0.9884058779761905
3,worker-65-60c2edfcc2d645559017c97bb5c4052f,completed,,15996.902000904083,338.4020207930007,,,27.388168459466616,34.61401603826988,0.5352362351190476
3,worker-63-4f05d8c6e3984294aec0d26c08990880,completed,,19229.003819942474,254.73908935999498,,,25.910551755193058,68.22042148214005,0.9461123511904762
3,worker-50-da4a45c2a1ce43fdb952d48c0bd33969,completed,,17946.872793912888,202.0413174070418,,,27.188818337698653,30.663388806213835,0.4761030505952381
3,worker-57-4661334fedf94dcf9a7b6d5d763d7135,completed,,17949.28885102272,204.46203004400013,,,32.75586359708517,24.051470232366178,0.4532291666666667
3,worker-65-6a6e159e1087445295704c7a223522fc,completed,,20329.58846592903,206.43370684003457,,,38.30595010890219,24.94841779162989,0.5394642857142857
3,worker-65-7c05b8dc4b494ba2977a0109a5667387,completed,,15173.98815202713,286.9327613589703,,,21.531239181531344,81.17973223671966,0.9345442708333334
3,worker-49-8fc65baad7a1498ea6a088e1f875ab8b,completed,,16923.623745918274,285.0307943089865,,,20.900840373346345,74.39665691365721,0.8268619791666667
3,worker-43-0e2ee243e05b4df39a5c565b56c8d853,completed,,17929.071058034897,184.24241142399842,,,33.591155351817264,24.36197016643445,0.46065104166666665
3,worker-62-1b761801f8a04ac6b9780da1d39414c5,completed,,16902.94555902481,264.35158286604565,,,19.5389557482368,75.80608715698988,0.7880338541666667
3,worker-52-3c5e9b24f4fb4b2fb29b37c06effc089,completed,,15846.098165988922,187.5954265180044,,,35.57170261675586,26.6373808684212,0.5334449404761905
3,worker-43-d11cdf9c74d345ccad13ad1d29c74a94,completed,,15905.430969953537,246.93191407900304,,,36.24458289915872,20.548771263023855,0.427578125
3,worker-36-c82f334705144d4dbbcf2199835e216b,completed,,2200.5910930633545,411.9456782549969,,,12.250905065868476,151.46134644031284,0.9958891369047619
3,worker-46-1340bcb18230448184e23483e84c20d7,completed,,16890.337333917618,251.74540081701707,,,23.66634500593298,59.86670030548056,0.7547619047619047
3,worker-61-ddf1985bf8164ce3837f5965bacf37fa,completed,,15251.973828077316,364.91679045400815,,,14.676856695748674,124.41326567051769,0.9765587797619047
3,worker-58-d416f6d2b8ff428c82864eebdcda351a,completed,,20396.288379907608,273.1385234420304,,,33.50358862310435,27.1521787852125,0.5153180803571429
3,worker-57-87ffdec477374c7f828028bac4597c6f,completed,,15847.249147891998,188.74175218201708,,,10.922229444948147,23.619514306115587,0.16577752976190477
3,worker-60-5a469deebbf142688b567409eab99a31,completed,,16840.416836977005,201.82553466700483,,,6.694136865387104,22.550135314704292,0.11459077380952382
3,worker-43-d072a5d64e0b4c16a42f4c496835a9f1,completed,,19220.737504005432,246.47302800702164,,,26.226448122521447,67.50862482361336,0.9472842261904761
3,worker-12-d8a2c6b89e6346de87af56c726c9127a,completed,,2419.372894048691,630.7662680330104,,,0.00701695148650046,255.98888313960933,0.0024386160714285716
3,worker-66-9db05309ac1d49759488b5f4d7c55ea9,completed,,15110.197201013565,223.12900242599426,,,2.758739505998569,15.148684048377065,0.03282924107142857
3,worker-71-d7aa3f83e9684f88bc4e1e6bc287ece1,completed,,15247.268718957901,360.2006012740312,,,14.978376054783366,120.62069654078454,0.9675465029761905
3,worker-15-4278cb07ea2444d3abccfd4a86a751c5,completed,,2113.9233701229095,325.3092482070206,,,14.892372319323155,116.32550272138198,0.9272228422619048
3,worker-68-b2d9ccadfdcb415b90b3f1bb89f17427,completed,,15172.395097970963,285.32911128998967,,,18.266367278731835,95.198361787318,0.9308649553571429
3,worker-56-0e161920b8cc4f35bbd2c26c96c22118,completed,,17948.745347976685,203.9136627529515,,,36.49582269209126,28.53933580671308,0.5794252232142857
3,worker-55-efd28e764c274750bff7de86d07353a3,completed,,17928.643625974655,183.81626495101955,,,35.781851211102435,26.02043195149576,0.5252436755952381
3,worker-13-8000bcc6b00c46cda8c6ad23377f380b,completed,,2734.0136818885803,945.4025802980177,,,2.64515480856365,255.81591465593667,0.42758370535714285
3,worker-54-c9b575b50ef44181be3e97299013b287,completed,,15851.314959049225,192.81320564600173,,,33.80515087233288,25.24953500433449,0.47929873511904764
3,worker-44-3aae6aa4e8914d43815b000690b0f5f0,completed,,16027.642496109009,369.13615389500046,,,27.692788778120228,34.686115360206266,0.5344066220238095
3,worker-72-d8b7a4a68c35498699ced2c6e8971015,completed,,15857.610383033752,199.1074590740027,,,38.39134468032952,27.199052971114373,0.5820219494047619
3,worker-50-351938fee15a406ab383bcc27a5fff36,completed,,19217.72952389717,243.4634001639788,,,25.426727880809754,66.11090051360873,0.8943712797619048
3,worker-27-70ec863a19d14942a7301251cb94801e,completed,,7591.808096885681,448.2594515279634,,,0.020044200593959123,175.01194525534046,0.0031510416666666666
3,worker-35-c5d3515345834e28a449df47423ff240,completed,,8713.222598075867,1569.6704240150284,,,0.18833295699290867,195.05883373257754,0.019879092261904763
3,worker-17-8732e15991bd45b182454e6bbe852f51,completed,,2924.796103000641,1136.1738285309984,,,2.161486927345762,255.77457618800608,0.3702083333333333
3,worker-26-8041901be66749079953fb6e848d519d,completed,,7611.730377912521,468.18175515701296,,,3.432411284278589,88.55047659490312,0.24314360119047618
3,worker-55-121f43f09cbc4498bb6a6245cbb8c45a,completed,,15169.374476909637,282.31159797898727,,,3.8283768270791687,16.245458907287393,0.04992931547619048
3,worker-26-cadf52769ca6459f8c43674be2a5012f,completed,,2338.306093931198,549.6852124839788,,,1.9753993055557526,127.99999999998724,0.18047433035714286
3,worker-57-e40eab5d3f52424e8d304517d07aa6c3,completed,,15308.379058122635,421.32957960799104,,,10.597324191717039,174.55962658475377,0.9941741071428571
3,worker-47-985c48532e7d485a9a5f189443716d90,completed,,19216.357920885086,242.09288421098609,,,23.80132878706318,65.9788063909459,0.8345052083333333
3,worker-63-0ab3dc87c0794c19a13c3a82fbf12bbd,completed,,15850.13887310028,191.63468079303857,,,19.81052132959686,26.083479469916814,0.30306919642857144
3,worker-70-9bc62b1f49da444faa2b36588fa47e35,completed,,15856.603574037552,198.10020447097486,,,27.807529854376988,24.000750485325728,0.384140625
3,worker-59-a8299a28161442b1be20ca6f014ef988,completed,,17941.688591003418,196.86353655398125,,,28.03309372134223,21.628017965353553,0.3495796130952381
3,worker-58-de7d1bdf45c7413b9b4e5d0a14153f4a,completed,,16898.63849401474,260.04681771300966,,,5.321982523372095,26.181715863841656,0.10415550595238095
3,worker-50-94ecd3b98b6344fc8b3b89f70b42a8a7,completed,,15192.623322963715,305.56905568100046,,,15.537363735824535,111.74888013220888,0.9365662202380952
3,worker-17-475492699dc04da8848b3005287c2c75,completed,,7820.291136026382,676.7395317259943,,,0.02374226418884079,200.32889602456643,0.004618675595238095
3,worker-22-1eed230eb5df4b879be7013490b5ca40,completed,,7410.355861902237,266.80412449501455,,,2.030216242394776,59.23804526595887,0.11144159226190477
3,worker-67-614a9bfbd57d4c3a87f9cbc262952848,completed,,16905.995110034943,267.40123082196806,,,19.394613621632214,76.50987220839214,0.7929854910714286
3,worker-11-952e30e5643f442b8a1df0f9c7d6c01a,completed,,7837.034043073654,693.4881944280351,,,3.1834024349122165,61.76522047114747,0.1665531994047619
3,worker-46-b5a15c8a4b404a3087861abfea213c84,completed,,20359.289451122284,236.13357808301225,,,37.21138978227823,25.283084270928377,0.5397377232142857
3,worker-65-84aefdbe05cd43739d0c00c2760ee7ca,completed,,19184.64190506935,210.37566428398713,,,27.564758355111806,50.75017658942188,0.7353571428571428
3,worker-70-f687de7cd76f454bbd1f521a0de0ef5a,completed,,20394.45330309868,271.30957237799885,,,1.3758275821903851,128.65754702347388,0.12518973214285714
3,worker-64-a2deaa27014949ff857f534bd2227fed,completed,,15230.874536037445,343.8231857549981,,,16.050361677141904,114.41082971821584,0.9845349702380952
3,worker-71-19e91caf66074e1bbdf165dd981232ef,completed,,15856.025269985199,197.5193070139503,,,33.10121841877771,28.975578249420252,0.5434337797619048
3,worker-63-c5258f9b0eaa400a96a67503f959b00b,completed,,16987.807776927948,349.215004305006,,,7.124998957960848,28.003901106647728,0.1402232142857143
3,worker-41-fc58d4d6f77c444f95bd3b559a1bc0da,completed,,17945.094289064407,200.26600712898653,,,32.41610735667756,22.479364217868962,0.41525111607142856
3,worker-12-b92f94f0549e4bdb8e27b907588965de,completed,,8229.043719053268,1085.4943634899682,,,0.013407033915271647,197.0393287327966,0.0024925595238095236
3,worker-51-420b9067244b487692a083fde899919b,completed,,16893.62284708023,255.0297604589723,,,20.774968929684757,69.72421623486423,0.7775260416666666
3,worker-31-c25fc423a37f4f2cba1dd6e08d9e4305,completed,,7867.021022081375,723.4748310789582,,,0.010665495758665476,170.16190828603322,0.0017020089285714286
3,worker-66-b245af0b6e0a4c4cb63c4fea73092d5a,completed,,16964.020347118378,325.4258329649456,,,15.152914557129046,38.70935880157265,0.3653943452380952
3,worker-48-fb1ed63de89447a59e457744b7b50aff,completed,,20404.39501595497,281.23853363795206,,,36.52006241787551,20.478105782832188,0.42492559523809526
3,worker-29-f712534d112041a095d91dcad0d5b2e1,completed,,2164.703861951828,376.088514417992,,,3.6437792583120427,65.78568610370814,0.15560267857142857
3,worker-33-9456bdfd48bf47a5b3df9564381d22b4,completed,,7123.395544052124,5334.774266225984,,,0.015743426744910898,255.6887221498898,0.004867931547619048
3,worker-62-e0fe427b8ecf4e9d9192fabfdb79d8c9,completed,,17937.386958122253,192.56056658999296,,,23.08974323719793,23.796807037102944,0.3380933779761905
3,worker-70-028e4459c07f4f34b1a740cc3b8272a0,completed,,15215.909311056137,328.8445035800105,,,16.225866256673765,113.42487570849754,0.9856101190476191
3,worker-48-61d3f9c643d244df973217f46d3a9c91,completed,,15847.570410966873,189.0669254240347,,,34.88016514973906,25.252584148448193,0.4979092261904762
3,worker-47-f19653f1e9e34e41ba7dc9767396bb03,completed,,20711.154923915863,587.9988236320205,,,27.105487216516952,36.66167395495784,0.5579241071428571
3,worker-11-2580ca88b9e94ced97d019d3d655415b,completed,,2043.2563400268555,254.65336438798113,,,12.884299207955126,35.24583933400349,0.29378162202380953
3,worker-40-51a9227abbbf42c998976787d469657a,completed,,7984.003752946854,840.4531366759911,,,0.0008187885084240717,208.27406058205722,0.00022507440476190476
3,worker-9-c324af3568df4e94b7a9003122a5cd9b,completed,,8103.014401912689,959.4664498570492,,,5.143433474400574,167.19471088044082,0.4852176339285714
3,worker-60-84246971ff924c58959c882887c75cdd,completed,,20398.63183403015,275.487288733013,,,38.43328748734453,21.537517560506217,0.47049107142857144
3,worker-49-12e17f22e7cd421cafeaa1182767f223,completed,,20420.15156197548,297.00709644000744,,,27.007755340845108,28.449729909444756,0.4378255208333333
3,worker-66-689f643fd28b4fad9e2049fc128e9aa2,completed,,19275.778903007507,301.51318598602666,,,22.339180292038392,79.68671853446014,0.9524348958333333
3,worker-72-a5ab9479e7764728a41f3e51131191a6,completed,,19222.459742069244,248.19552793295588,,,26.073342428116245,67.51107273578671,0.9402306547619048
3,worker-65-bac7f57e237d491fad4f09ee247ef652,completed,,16902.95596408844,264.36161997402087,,,20.36681043484519,78.08226217020479,0.840522693452381
3,worker-36-2f5ca12e94fb4a62b7c5d9cfed30f486,completed,,8097.244486093521,953.6965903610107,,,0.052010266397441315,177.04882361330286,0.007881324404761905
3,worker-13-49a9458cb42f4282a780af0f15878484,completed,,7711.7070100307465,568.1560975730536,,,21.965174043401948,44.24473577304471,0.5506696428571428
3,worker-15-44ab5980e14b4f1db2943583da887db9,completed,,7641.352180957794,497.80505117599387,,,15.366138416208157,43.40567461393818,0.42265997023809526
3,worker-62-8db5ac80ff204f1d96d7c9e3225af0b7,completed,,15913.782913923264,255.27991204097634,,,30.30618976034628,23.494915058518092,0.4052436755952381
3,worker-43-fc0c7531a6b94d3389cd4e36b69a7ca7,completed,,20317.83098101616,194.6742596969707,,,28.77060944191888,27.90154989688212,0.4714099702380952
3,worker-37-c6342cc6c9154609b2246f9f04990dbe,completed,,7406.0643219947815,262.5122360920068,,,4.2533318541771585,82.99225173702145,0.2571856398809524
3,worker-68-9fd7c6069511455c9b79950cbbcf7f22,completed,,20327.634221076965,204.4779213879956,,,29.52866278312011,25.32236466722321,0.43217261904761906
3,worker-51-9ba3172241004049a07e0a43bb5bfa70,completed,,15855.12065410614,196.61604787199758,,,36.722458015297875,25.129344759164674,0.5222265625
3,worker-52-88aca95f5b644238968c6e05eed55af7,completed,,20463.70536494255,340.5596480980166,,,29.932552956521718,32.55265282734029,0.548608630952381
3,worker-68-4200639322fd473cba037a253c4b67f7,completed,,17944.9748210907,200.1436885150033,,,32.393705711390794,22.466802784754275,0.4153050595238095
3,worker-42-99b1d221acd14f3cb2d40405ce366d88,completed,,15975.282164096832,316.7758123119711,,,22.385196560060656,39.41396594989779,0.5019363839285714
3,worker-42-e4b8bacceae047a8805da1c1fe64b2b6,completed,,19270.74155807495,296.47674154205015,,,20.42870867634946,84.05752327755296,0.9334895833333333
3,worker-45-751ace9e5a254f71bda0d95c4bc1c1c7,completed,,18166.24449110031,421.41378608101513,,,22.669223199006993,35.577508416874004,0.47656622023809525
3,worker-47-1a5186104d3042e5969f915745d049f4,completed,,15183.828232049942,296.78171788796317,,,13.863773827086316,111.31359414133547,0.836899181547619
3,worker-24-ec53313770224992a10b15899ef0aad1,completed,,2588.496468067169,799.8670981129981,,,0.00504396582732768,255.1499428524945,0.0015197172619047618
3,worker-47-faa268494e374b32a28ea3e49079f43a,completed,,15847.068416118622,188.56825189100346,,,7.325222549114762,24.704182438952433,0.12254464285714285
3,worker-69-4e6bbc032f674967a2db30fbc655da60,completed,,17938.612188100815,193.78031484800158,,,33.082358342562436,22.210851883729312,0.4168768601190476
3,worker-29-52ab2ecc3b504e419e04e4730096010c,censored,,14344.683704137802,,7201.13588528597,upper_bound,,,
3,worker-28-8aa6b61684684fa4be7edb441223954f,completed,,8398.392487049103,1254.8404761700076,,,1.3678606054630449,189.86554175927242,0.22135974702380953
3,worker-60-37de0f0bdde443f483542a9a691d65b4,completed,,15218.364682912827,331.3112538490095,,,14.534343333988438,125.71879799606256,0.9839081101190477
3,worker-14-8fc6dc4d54354a54ad9ba571d5808b4d,completed,,7554.186665058136,410.63681811495917,,,5.468842065953529,95.45730303711568,0.3708779761904762
3,worker-51-f9917bbd8ee9494cb1a387e952fa20dc,completed,,17951.316179037094,206.49054366903147,,,35.50632872907991,23.976350638661494,0.4691703869047619
3,worker-38-8020cbb1d44a476eb95bbc41ec93f86c,completed,,8306.200680971146,1162.6492203600355,,,2.1747292718841043,66.71318902803263,0.09626116071428571
3,worker-68-d12db7ed1ccf4f5c9bedb05bb2a901e9,completed,,15848.936157941818,190.4364640280255,,,35.28232275092318,25.569994432203035,0.5085807291666666
3,worker-61-a781f18029504275bbddbdca795d0070,completed,,16899.11636209488,260.5248420070275,,,19.800776304016047,73.07132664097102,0.7753608630952381
3,worker-32-56bc4c1865514ada84cd51fe5eccc80a,completed,,2070.39897108078,281.7736196210026,,,0.037806020145634424,60.3721456731836,0.003364955357142857
3,worker-45-02c5e2cae6774d768c5af237517955c5,completed,,16984.455756902695,345.8646232349565,,,6.59819279379904,27.705443322796178,0.13033854166666667
3,worker-49-a903c88ea9fd435ba68f089cdd1db323,completed,,15854.654442071915,196.1486858119606,,,32.434213927938565,25.437354987513437,0.46183779761904764
