hour,requests,input_tokens,output_tokens,compliant_requests,compliant_output_tokens,gpu_hours,gpu_observed_seconds,first_admission_reused_input_tokens,max_admission_reused_input_tokens,prefill_max_reused_input_tokens,decode_max_reused_input_tokens,readmission_events,requests_readmitted,cache_history_requests,first_admission_cache_reuse_ratio,max_admission_cache_reuse_ratio,request_rate_rps,mean_isl,mean_osl,cohort_goodput_tok_s,request_sla_pass_fraction,ttft_mean_ms,ttft_p95_ms,itl_mean_ms,itl_p95_ms,average_allocated_gpus
0,24460,67348434,6560246,13775,3281463,24.80590665233128,3600.0,4723008,4723008,4723008,0,7,7,24460,0.0701279557591495,0.0701279557591495,6.794444444444444,2753.41103843009,268.2030253475061,911.5175,0.5631643499591169,1193.3701292523938,3486.0998172496425,35.655710983069426,46.23777500508546,24.805906652331284
1,29981,86271210,9084781,16333,4696590,30.1290887292203,3600.0,7576064,7588032,7576064,11968,8,5,29981,0.087816827884992,0.08795555319091966,8.328055555555556,2877.529435309029,303.01794469830895,1304.6083333333333,0.5447783596277642,1415.4090800488916,4879.792393020354,37.980941827962354,48.00469572357152,30.1290887292203
2,44602,110342367,10786099,27333,6494200,30.93421464470255,3600.0,11588544,11588544,11588544,0,2,2,44602,0.1050235219260794,0.1050235219260794,12.389444444444445,2473.9331644320882,241.82994036141878,1803.9444444444443,0.6128200529124255,1050.4447144533533,3217.166635073162,36.138572113444425,46.15158278306999,30.93421464470255
3,52509,139053669,13602154,28408,7617736,37.950531546239645,3599.9999999999986,12849792,12849792,12849792,0,0,0,52509,0.09240886696776049,0.09240886696776049,14.585833333333333,2648.1873393132605,259.04424003504164,2116.0377777777776,0.5410120169875641,1197.2684514466468,3361.25391997993,39.35446667614706,47.091522143835995,37.95053154623966
4,28160,89998336,10944512,16788,6080944,31.358419076369614,3600.0,4637504,4656512,4637504,20032,87,80,28160,0.05152877493201652,0.05173997883694205,7.822222222222222,3195.9636363636364,388.6545454545454,1689.151111111111,0.5961647727272728,1286.1790135218048,4176.943039695825,37.95410105103824,47.0643809915346,31.358419076369614
5,23552,63699456,6737408,15288,4113090,24.49787255677417,3600.0,5382784,5382784,5382784,0,0,0,23552,0.08450282526745598,0.08450282526745598,6.542222222222223,2704.6304347826085,286.0652173913044,1142.525,0.6491168478260869,1207.299577730363,4436.868682142161,35.62554354010939,45.599786641521625,24.49787255677417
6,35328,82793984,8801792,21788,5068725,27.72313117189722,3600.0,7636608,7636608,7636608,0,0,0,35328,0.09223626682827583,0.09223626682827583,9.813333333333333,2343.5797101449275,249.14492753623188,1407.9791666666667,0.6167346014492754,1041.9556978573823,3300.934406408481,35.73869704486789,46.179509640439704,27.72313117189722
7,30685,82856781,9467272,17544,5013919,28.682207423218177,3600.0,8334528,8334528,8334528,0,0,0,30685,0.10058957033341664,0.10058957033341664,8.52361111111111,2700.2372820596383,308.5309434577155,1392.7552777777778,0.5717451523545707,1349.932097194071,4451.501204035424,37.26598790649963,46.7256567697809,28.682207423218177
8,38334,102636239,12085921,22682,6584508,31.248751651980978,3600.0,7260736,7260736,7260736,0,0,0,38334,0.07074242071555252,0.07074242071555252,10.648333333333333,2677.420540512339,315.279412531956,1829.03,0.5916940574946523,1244.3438994714995,4067.624185484457,37.80678119140793,47.12094385882389,31.248751651980978
9,41522,104174227,12354834,26078,8172324,31.954061989402987,3600.0,9916224,9916224,9916224,0,0,0,41522,0.09518884167002266,0.09518884167002266,11.533888888888889,2508.892322142479,297.54910649776025,2270.09,0.628052598622417,1011.458450111046,3185.6691809192275,36.73815233129684,45.23978129012421,31.954061989402987
10,30288,85408320,9219972,17618,5291006,28.592714183420387,3600.0,6631424,6631424,6631424,0,0,0,30288,0.07764377053664093,0.07764377053664093,8.413333333333334,2819.8732171156894,304.4100633914422,1469.723888888889,0.5816825145272055,1225.9454041219706,3944.3980614438633,36.77234403158387,44.73029918971264,28.592714183420387
11,29155,84006673,8989505,16462,5248485,28.479639711680985,3599.9999999999995,6801600,6817920,6801600,16320,39,38,29155,0.08096499667353807,0.08115926695490012,8.098611111111111,2881.381341107872,308.33493397358944,1457.9125,0.5646372834848224,1256.0917750936653,3979.752641788124,38.00739642715756,46.68320832719246,28.479639711680985
12,28160,86564864,8553472,15957,4585902,28.971269898921697,3600.0,6465344,6502400,6465344,41152,69,61,28160,0.07468785487839501,0.07511592694236775,7.822222222222222,3074.0363636363636,303.74545454545455,1273.8616666666667,0.5666548295454545,1184.120691772406,3551.8027754329105,37.245610588322236,47.755546778777436,28.971269898921697
13,21783,62694322,6568563,12152,3491254,25.049953921656854,3600.0,5264832,5264832,5264832,0,0,0,21783,0.08397621717641351,0.08397621717641351,6.050833333333333,2878.1307441582885,301.5453794243217,969.7927777777778,0.5578662259560208,1098.8913144011117,2859.887118668853,36.949101861807605,46.656802549002755,25.049953921656854
14,24447,69273924,8443251,13732,4594239,26.738592672356244,3600.0,4621504,4621504,4621504,0,0,0,24447,0.06671347215728678,0.06671347215728678,6.7908333333333335,2833.6370106761565,345.3696159037919,1276.1775,0.5617049126682211,1354.7400259541625,4379.092043408007,37.766615887709165,46.43702350621068,26.738592672356244
15,20842,64637706,8126490,11181,3998056,26.456251880355207,3600.0,4065856,4085888,4065856,20544,27,22,20842,0.062902232328604,0.0632121443171266,5.789444444444444,3101.319738988581,389.9093177238269,1110.5711111111111,0.5364648306304577,1221.067459233631,3311.1661518070846,37.80181877114719,47.22505955531443,26.456251880355207
16,8704,23278080,2369536,4773,1247750,18.9978265046255,3600.0,1382272,1382272,1382272,0,0,0,8704,0.05938084240624656,0.05938084240624656,2.417777777777778,2674.4117647058824,272.2352941176471,346.59722222222223,0.5483685661764706,1337.893728186599,4726.1163289919505,35.376233894514726,44.68193220589927,18.9978265046255
17,6505,20134038,2014008,3698,1200693,18.602301842648853,3600.0,538752,538752,538752,0,1,1,6505,0.026758268758606693,0.026758268758606693,1.8069444444444445,3095.1634127594157,309.6092236740968,333.5258333333333,0.5684857801691007,1179.5450131848122,3448.3240080818514,33.921601334172486,43.75322023389851,18.602301842648853
18,2199,6439786,629960,1393,385305,16.81236129767784,3600.0,199104,199104,199104,0,0,0,2199,0.030917797578987872,0.030917797578987872,0.6108333333333333,2928.506593906321,286.4756707594361,107.02916666666667,0.6334697589813552,1055.4352157445708,3175.6940923221405,34.75187307349296,43.31275458286112,16.81236129767784
19,2048,6161408,419328,1234,241263,16.293232797645693,3600.0,208384,208384,208384,0,0,0,2048,0.033820840950639856,0.033820840950639856,0.5688888888888889,3008.5,204.75,67.0175,0.6025390625,972.1495095403588,2400.217081378398,29.48834526390996,38.20802650970499,16.293232797645693
20,2560,4393984,1233408,1837,868025,16.582586498773562,3600.0,157184,157184,157184,0,0,0,2560,0.03577254719179678,0.03577254719179678,0.7111111111111111,1716.4,481.8,241.11805555555554,0.717578125,715.4717567299434,2299.6303219690917,37.62154999802615,44.65675183217264,16.582586498773562
21,1536,1935872,696320,1520,689618,16.229600059814683,3600.0,507904,507904,507904,0,0,0,1536,0.2623644538481883,0.2623644538481883,0.4266666666666667,1260.3333333333333,453.3333333333333,191.56055555555557,0.9895833333333334,352.4511527417926,831.2581245675683,37.49644793495283,44.338438553188965,16.229600059814683
22,2048,5345792,440832,1004,211882,16.486041577401952,3600.0,93184,93184,93184,0,0,0,2048,0.017431280528684992,0.017431280528684992,0.5688888888888889,2610.25,215.25,58.85611111111111,0.490234375,1417.0424972797264,3854.6430252976716,34.20145523567466,38.61536921736434,16.486041577401952
23,8192,26964480,2600960,4852,1592825,18.595844926973683,3546.6667922910306,1148864,1148864,1148864,0,0,0,8192,0.04260656982815912,0.04260656982815912,2.2755555555555556,3291.5625,317.5,442.4513888888889,0.59228515625,1079.7978526258885,2794.473784384876,35.95553751250266,43.451902478597496,18.875481024215684
