mode,physical_run_id,scenario,metric,complete_trials,predicted_trials,observed_mean,predicted_mean,mape_percent,wape_percent,ratio_error_ci95_low,ratio_error_ci95_high
sol,c8bd9839-4f15-4c4e-814d-2827d57279c5,short,output_tokens_per_second,73,73,5.516440265061164,855.9510577090532,15417.114423363857,15416.365927685118,15392.894471763291,15443.413781478477
sol,c8bd9839-4f15-4c4e-814d-2827d57279c5,short,ttft_ms,73,73,342.6378472876712,5.3021069999999995,98.45244767094616,98.45256236519941,-98.45584486309639,-98.44963960464816
sol,c8bd9839-4f15-4c4e-814d-2827d57279c5,short,average_tpot_ms,73,73,158.18637189432485,0.5394932857142857,99.65893047325409,99.65895084434031,-99.65959656386187,-99.65835150480373
sol,c8bd9839-4f15-4c4e-814d-2827d57279c5,short,exact_itl_ms,73,73,158.18637189432485,0.5394932857142857,99.65893047325409,99.65895084434031,-99.65959656386187,-99.65835150480373
sol,c8bd9839-4f15-4c4e-814d-2827d57279c5,short,request_latency_ms,73,73,1450.285919890411,9.07856,99.37398332584033,99.37401584918608,-99.37514299598607,-99.3730124283672
sol,c8bd9839-4f15-4c4e-814d-2827d57279c5,short,last_token_latency_ms,73,73,1449.9424505479453,9.07856,99.37383562152542,99.3738675630492,-99.37497258322693,-99.37287145646445
sol,c8bd9839-4f15-4c4e-814d-2827d57279c5,boundary-127,output_tokens_per_second,73,73,5.847020223604452,873.4342772793088,14851.586285494135,14838.109393794299,14779.951816156647,14944.015848271896
sol,c8bd9839-4f15-4c4e-814d-2827d57279c5,boundary-127,ttft_ms,73,73,348.73019160273975,9.9327,97.15150626352965,97.15175220294233,-97.15835636332545,-97.14596235828091
sol,c8bd9839-4f15-4c4e-814d-2827d57279c5,boundary-127,average_tpot_ms,73,73,159.32192700821918,0.539838333333333,99.66077457136726,99.6611650740921,-99.66452330860078,-99.65931974152748
sol,c8bd9839-4f15-4c4e-814d-2827d57279c5,boundary-127,exact_itl_ms,73,73,159.32192700821918,0.539838333333333,99.66077457136726,99.6611650740921,-99.66452330860078,-99.65931974152748
sol,c8bd9839-4f15-4c4e-814d-2827d57279c5,boundary-127,request_latency_ms,73,73,2738.9104592054796,18.030274999999996,99.34110385898657,99.34169899788435,-99.34744283218149,-99.33852212173369
sol,c8bd9839-4f15-4c4e-814d-2827d57279c5,boundary-127,last_token_latency_ms,73,73,2738.5590967260273,18.030274999999996,99.34101924376948,99.34161453658037,-99.34736095236849,-99.33843745183965
sol,c8bd9839-4f15-4c4e-814d-2827d57279c5,boundary-128,output_tokens_per_second,73,73,5.842193258707215,873.0814882191445,14852.603543931775,14844.412989383782,14784.245917116046,14934.822638269765
sol,c8bd9839-4f15-4c4e-814d-2827d57279c5,boundary-128,ttft_ms,73,73,354.2521514383562,9.936998999999998,97.17143233032728,97.19493616068296,-97.28306679871338,-97.14718381086408
sol,c8bd9839-4f15-4c4e-814d-2827d57279c5,boundary-128,average_tpot_ms,73,73,159.04128907123288,0.5398393999999997,99.6604275325682,99.66056650876475,-99.66257584320199,-99.65938957170722
sol,c8bd9839-4f15-4c4e-814d-2827d57279c5,boundary-128,exact_itl_ms,73,73,159.04128907123288,0.5398393999999997,99.6604275325682,99.66056650876475,-99.66257584320199,-99.65938957170722
sol,c8bd9839-4f15-4c4e-814d-2827d57279c5,boundary-128,request_latency_ms,73,73,2740.2189336849315,18.034589999999994,99.34149024924032,99.34185587223324,-99.34631364325843,-99.3388112037355
sol,c8bd9839-4f15-4c4e-814d-2827d57279c5,boundary-128,last_token_latency_ms,73,73,2739.8714875068495,18.034589999999994,99.3414067671907,99.34177241223782,-99.34623187960484,-99.33872689682705
sol,c8bd9839-4f15-4c4e-814d-2827d57279c5,boundary-129,output_tokens_per_second,73,73,5.8430110603309355,872.7476465486448,14844.015204778976,14836.607812945234,14779.460308286265,14919.88594243219
sol,c8bd9839-4f15-4c4e-814d-2827d57279c5,boundary-129,ttft_ms,73,73,348.6857215479452,9.939378,97.14933041275245,97.14947375651766,-97.1542432089879,-97.14497607970686
sol,c8bd9839-4f15-4c4e-814d-2827d57279c5,boundary-129,average_tpot_ms,73,73,159.37699950776255,0.5398406,99.66106400101684,99.66128073582306,-99.6636979939158,-99.65960832472223
sol,c8bd9839-4f15-4c4e-814d-2827d57279c5,boundary-129,exact_itl_ms,73,73,159.37699950776255,0.5398406,99.66106400101684,99.66128073582306,-99.6636979939158,-99.65960832472223
sol,c8bd9839-4f15-4c4e-814d-2827d57279c5,boundary-129,request_latency_ms,73,73,2739.6894793561646,18.036987,99.34131053414971,99.34164119197047,-99.34576637388679,-99.3387697224304
sol,c8bd9839-4f15-4c4e-814d-2827d57279c5,boundary-129,last_token_latency_ms,73,73,2739.3407141643834,18.036987,99.34122668317617,99.3415573715699,-99.34568221120212,-99.33868411428331
sol,c8bd9839-4f15-4c4e-814d-2827d57279c5,heldout-single-192,output_tokens_per_second,73,73,6.040540295495907,1179.4124284869115,19438.906946502855,19424.949272606187,19326.17505591897,19546.766604225766
sol,c8bd9839-4f15-4c4e-814d-2827d57279c5,heldout-single-192,ttft_ms,73,73,361.0095478493151,10.090104,97.15494359961235,97.20503126299262,-97.33641215993018,-97.10924707239063
sol,c8bd9839-4f15-4c4e-814d-2827d57279c5,heldout-single-192,average_tpot_ms,73,73,159.3551439385771,0.5399190322580647,99.6609796182334,99.66118506192295,-99.66349913511972,-99.65955587033248
sol,c8bd9839-4f15-4c4e-814d-2827d57279c5,heldout-single-192,exact_itl_ms,73,73,159.3551439385771,0.5399190322580647,99.6609796182334,99.66118506192295,-99.66349913511972,-99.65955587033248
sol,c8bd9839-4f15-4c4e-814d-2827d57279c5,heldout-single-192,request_latency_ms,73,73,5301.343674780822,26.827594000000005,99.49358386691186,99.49394727741152,-99.49745286686918,-99.49106160923152
sol,c8bd9839-4f15-4c4e-814d-2827d57279c5,heldout-single-192,last_token_latency_ms,73,73,5301.019009945206,26.827594000000005,99.49355289241947,99.4939162838377,-99.49742259072251,-99.49103011096719
sol,c8bd9839-4f15-4c4e-814d-2827d57279c5,heldout-burst-192,output_tokens_per_second,73,73,11.651816412728344,1533.7375363503204,13076.471337063176,13063.076742909188,12982.87279756175,13165.665183826888
sol,c8bd9839-4f15-4c4e-814d-2827d57279c5,heldout-burst-192,ttft_ms,73,73,391.84845381506847,15.147875301369865,96.08334297894356,96.13425160827127,-96.23855342265438,-96.02586559283897
sol,c8bd9839-4f15-4c4e-814d-2827d57279c5,heldout-burst-192,average_tpot_ms,73,73,164.69228943570482,0.8284875161290319,99.49648024021279,99.49694820627747,-99.50119909809804,-99.49382927419602
sol,c8bd9839-4f15-4c4e-814d-2827d57279c5,heldout-burst-192,exact_itl_ms,73,73,164.69228943570482,0.8284875161290319,99.49648024021279,99.49694820627745,-99.50119909809804,-99.49382927419602
sol,c8bd9839-4f15-4c4e-814d-2827d57279c5,heldout-burst-192,request_latency_ms,73,73,5497.984573513699,40.83098830136986,99.25659142577366,99.25734625560662,-99.26381875344839,-99.25228239987545
sol,c8bd9839-4f15-4c4e-814d-2827d57279c5,heldout-burst-192,last_token_latency_ms,73,73,5497.309426321918,40.83098830136986,99.25650011137662,99.25725504724431,-99.26372757041621,-99.25218949831076
sol,c8bd9839-4f15-4c4e-814d-2827d57279c5,heldout-single-384,output_tokens_per_second,73,73,6.055622761637232,1157.9124480215355,19025.36828958871,19021.277754568644,18969.486622691882,19092.45023590138
sol,c8bd9839-4f15-4c4e-814d-2827d57279c5,heldout-single-384,ttft_ms,73,73,352.5339959726027,10.561254,97.00407148944049,97.00418849794539,-97.00849943905905,-97.00001038969882
sol,c8bd9839-4f15-4c4e-814d-2827d57279c5,heldout-single-384,average_tpot_ms,73,73,159.11595712593902,0.5401313548387093,99.66045969428724,99.6605423085183,-99.66199374040276,-99.65948719398655
sol,c8bd9839-4f15-4c4e-814d-2827d57279c5,heldout-single-384,exact_itl_ms,73,73,159.11595712593902,0.5401313548387093,99.66045969428724,99.6605423085183,-99.66199374040276,-99.65948719398655
sol,c8bd9839-4f15-4c4e-814d-2827d57279c5,heldout-single-384,request_latency_ms,73,73,5285.477881958904,27.305325999999987,99.48327889487649,99.48338964593529,-99.48545546346905,-99.48188042204484
sol,c8bd9839-4f15-4c4e-814d-2827d57279c5,heldout-single-384,last_token_latency_ms,73,73,5285.1286668767125,27.305325999999987,99.48324476417524,99.48335551088606,-99.48542133612887,-99.48184667062915
sol,c8bd9839-4f15-4c4e-814d-2827d57279c5,heldout-burst-384,output_tokens_per_second,73,73,11.628147668514954,1497.9830153187208,12792.160796964456,12782.38727286502,12709.222608991951,12867.398061685944
sol,c8bd9839-4f15-4c4e-814d-2827d57279c5,heldout-burst-384,ttft_ms,73,73,400.9493022260274,15.853330047945203,95.98625972084966,96.0460512189623,-96.15518672568453,-95.93072070193989
sol,c8bd9839-4f15-4c4e-814d-2827d57279c5,heldout-burst-384,average_tpot_ms,73,73,164.71225943725145,0.836504516129032,99.49183140169694,99.49214192131964,-99.49550913854172,-99.4894809977506
sol,c8bd9839-4f15-4c4e-814d-2827d57279c5,heldout-burst-384,exact_itl_ms,73,73,164.71225943725145,0.836504516129032,99.49183140169694,99.49214192131964,-99.49550913854172,-99.4894809977506
sol,c8bd9839-4f15-4c4e-814d-2827d57279c5,heldout-burst-384,request_latency_ms,73,73,5507.729170671233,41.784970047945194,99.24076394135838,99.24133942041938,-99.2468004482873,-99.23671344568547
sol,c8bd9839-4f15-4c4e-814d-2827d57279c5,heldout-burst-384,last_token_latency_ms,73,73,5507.029344780822,41.784970047945194,99.24066741649612,99.2412430108522,-99.24670626935199,-99.23661501953418
sol,c8bd9839-4f15-4c4e-814d-2827d57279c5,heldout-single-768,output_tokens_per_second,73,73,6.049842570972655,1114.129392466423,18329.482158179133,18315.84106356838,18240.353075594874,18442.25160425294
sol,c8bd9839-4f15-4c4e-814d-2827d57279c5,heldout-single-768,ttft_ms,73,73,353.0866392739726,11.599419000000001,96.71473794110663,96.71485190607861,-96.71939091073548,-96.71049528951954
sol,c8bd9839-4f15-4c4e-814d-2827d57279c5,heldout-single-768,average_tpot_ms,73,73,159.35093996774194,0.540360129032258,99.66061521663488,99.66089931497007,-99.66391674689686,-99.65913850107749
sol,c8bd9839-4f15-4c4e-814d-2827d57279c5,heldout-single-768,exact_itl_ms,73,73,159.35093996774194,0.540360129032258,99.66061521663488,99.66089931497007,-99.66391674689686,-99.65913850107749
sol,c8bd9839-4f15-4c4e-814d-2827d57279c5,heldout-single-768,request_latency_ms,73,73,5293.31575509589,28.350583,99.46401073767096,99.46440786244979,-99.46886807085427,-99.46181063390125
sol,c8bd9839-4f15-4c4e-814d-2827d57279c5,heldout-single-768,last_token_latency_ms,73,73,5292.965778273972,28.350583,99.46397536945689,99.46437244849814,-99.46883262618228,-99.4617751606807
sol,c8bd9839-4f15-4c4e-814d-2827d57279c5,heldout-burst-768,output_tokens_per_second,73,73,11.60727303231509,1425.3519305183481,12189.845232864325,12179.817374417868,12110.984533888122,12260.967144278968
sol,c8bd9839-4f15-4c4e-814d-2827d57279c5,heldout-burst-768,ttft_ms,73,73,407.44341688356167,17.411340815068495,95.66332679578103,95.7266849595353,-95.84100463718929,-95.60507621192907
sol,c8bd9839-4f15-4c4e-814d-2827d57279c5,heldout-burst-768,average_tpot_ms,73,73,164.83073771807335,0.8537000483870966,99.48169118710015,99.48207472695582,-99.4860094563229,-99.47931644681869
sol,c8bd9839-4f15-4c4e-814d-2827d57279c5,heldout-burst-768,exact_itl_ms,73,73,164.83073771807335,0.8537000483870966,99.48169118710015,99.48207472695582,-99.4860094563229,-99.47931644681869
sol,c8bd9839-4f15-4c4e-814d-2827d57279c5,heldout-burst-768,request_latency_ms,73,73,5517.978157534247,43.87604231506849,99.20420110756501,99.2048529178181,-99.21076568373978,-99.20000138682305
sol,c8bd9839-4f15-4c4e-814d-2827d57279c5,heldout-burst-768,last_token_latency_ms,73,73,5517.196286143836,43.87604231506849,99.20408826003275,99.20474023327282,-99.21065648588753,-99.19988788213782
sol,c8bd9839-4f15-4c4e-814d-2827d57279c5,prefix-cold-control,output_tokens_per_second,73,73,5.832014851865494,796.7996381466246,13575.632725013038,13562.510442540306,13508.105079317167,13658.098517856813
sol,c8bd9839-4f15-4c4e-814d-2827d57279c5,prefix-cold-control,ttft_ms,73,73,354.7408910136986,11.599419000000001,96.72963422514495,96.73017143108204,-96.7408084816461,-96.72130354015856
sol,c8bd9839-4f15-4c4e-814d-2827d57279c5,prefix-cold-control,average_tpot_ms,73,73,159.40252762009132,0.5403569999999999,99.66059655777667,99.66101102155176,-99.66439035256843,-99.65911564891974
sol,c8bd9839-4f15-4c4e-814d-2827d57279c5,prefix-cold-control,exact_itl_ms,73,73,159.40252762009132,0.5403569999999999,99.66059655777667,99.66101102155177,-99.66439035256843,-99.65911564891974
sol,c8bd9839-4f15-4c4e-814d-2827d57279c5,prefix-cold-control,request_latency_ms,73,73,2746.149015219178,19.704774,99.28175915862091,99.28245794780997,-99.28878921799823,-99.27883531760041
sol,c8bd9839-4f15-4c4e-814d-2827d57279c5,prefix-cold-control,last_token_latency_ms,73,73,2745.7788053150684,19.704774,99.28166229835601,99.28236120251724,-99.28869280381765,-99.27873910113328
sol,c8bd9839-4f15-4c4e-814d-2827d57279c5,prefix-reuse-B,output_tokens_per_second,73,73,5.837945452441894,850.659655497986,14480.620092886682,14471.216233994997,14407.686853851212,14562.386426327623
sol,c8bd9839-4f15-4c4e-814d-2827d57279c5,prefix-reuse-B,ttft_ms,73,73,349.0343407945206,10.330610999999976,97.04006696402338,97.04023077600787,-97.04538383540944,-97.03527032006522
sol,c8bd9839-4f15-4c4e-814d-2827d57279c5,prefix-reuse-B,average_tpot_ms,73,73,159.53883205296805,0.5403569999999718,99.66102212226542,99.66130064195245,-99.66401553533652,-99.65934940080415
sol,c8bd9839-4f15-4c4e-814d-2827d57279c5,prefix-reuse-B,exact_itl_ms,73,73,159.53883205296805,0.5403569999999718,99.66102212226542,99.66130064195245,-99.66401553533652,-99.65934940080415
sol,c8bd9839-4f15-4c4e-814d-2827d57279c5,prefix-reuse-B,request_latency_ms,73,73,2742.480885643836,18.435965999999553,99.32732397580581,99.32776319074796,-99.33253783077777,-99.32434898060036
sol,c8bd9839-4f15-4c4e-814d-2827d57279c5,prefix-reuse-B,last_token_latency_ms,73,73,2742.116821589041,18.435965999999553,99.32723469180569,99.32767393953274,-99.3324482767356,-99.32425692205804
sol,c8bd9839-4f15-4c4e-814d-2827d57279c5,engram-repeated-text,output_tokens_per_second,73,73,11.588216189282027,1518.7173343271918,13010.57148975774,13005.704187084959,12948.634486606325,13063.797766953032
sol,c8bd9839-4f15-4c4e-814d-2827d57279c5,engram-repeated-text,ttft_ms,73,73,416.0428120342466,15.566157493150683,96.20164789534587,96.25852026693124,-96.35720160629215,-96.15168790721455
sol,c8bd9839-4f15-4c4e-814d-2827d57279c5,engram-repeated-text,average_tpot_ms,73,73,164.7679743150685,0.8271721129032258,99.49786778530465,99.49797761589184,-99.49987988794268,-99.49639826085298
sol,c8bd9839-4f15-4c4e-814d-2827d57279c5,engram-repeated-text,exact_itl_ms,73,73,164.7679743150685,0.8271721129032258,99.49786778530465,99.49797761589184,-99.49987988794268,-99.49639826085298
sol,c8bd9839-4f15-4c4e-814d-2827d57279c5,engram-repeated-text,request_latency_ms,73,73,5524.566503609589,41.208492993150685,99.25380934844006,99.25408639815946,-99.25740201022218,-99.25084685820408
sol,c8bd9839-4f15-4c4e-814d-2827d57279c5,engram-repeated-text,last_token_latency_ms,73,73,5523.85001580137,41.208492993150685,99.25371254335583,99.25398964716148,-99.25730611642994,-99.25074851321428
sol,c8bd9839-4f15-4c4e-814d-2827d57279c5,engram-distinct-text,output_tokens_per_second,73,73,11.616419724151624,1498.3506521744662,12811.235203543862,12798.558142310018,12722.275651279428,12895.530583555426
sol,c8bd9839-4f15-4c4e-814d-2827d57279c5,engram-distinct-text,ttft_ms,73,73,404.0853705,15.854645794520547,96.01489239875241,96.07641182978175,-96.18923761706037,-95.96062566465136
sol,c8bd9839-4f15-4c4e-814d-2827d57279c5,engram-distinct-text,average_tpot_ms,73,73,164.83082649381353,0.836504516129032,99.49209098595011,99.4925072367089,-99.49676871477867,-99.48969432600903
sol,c8bd9839-4f15-4c4e-814d-2827d57279c5,engram-distinct-text,exact_itl_ms,73,73,164.83082649381353,0.836504516129032,99.49209098595011,99.4925072367089,-99.49676871477867,-99.48969432600903
sol,c8bd9839-4f15-4c4e-814d-2827d57279c5,engram-distinct-text,request_latency_ms,73,73,5514.533758315069,41.78628579452054,99.24150797241184,99.24225170021829,-99.2488755421519,-99.23724161714954
sol,c8bd9839-4f15-4c4e-814d-2827d57279c5,engram-distinct-text,last_token_latency_ms,73,73,5513.840991808219,41.78628579452054,99.24141263164155,99.24215649568782,-99.24877980815698,-99.23714393224877
sol,5d42d931-e533-4759-a452-534acce69a42,short,output_tokens_per_second,26,26,5.628123490268648,858.6053904659544,15156.084167402236,15155.624578077099,15124.399181082368,15188.853304946324
sol,5d42d931-e533-4759-a452-534acce69a42,short,ttft_ms,26,26,335.5257681153846,5.3021069999999995,98.41957098444755,98.41976160883816,-98.42750662744675,-98.41427435428272
sol,5d42d931-e533-4759-a452-534acce69a42,short,average_tpot_ms,26,26,155.09016617582418,0.5394932857142857,99.6521325020338,99.65214217057279,-99.65282828176981,-99.6514313130274
sol,5d42d931-e533-4759-a452-534acce69a42,short,exact_itl_ms,26,26,155.09016617582418,0.5394932857142857,99.6521325020338,99.65214217057279,-99.65282828176981,-99.6514313130274
sol,5d42d931-e533-4759-a452-534acce69a42,short,request_latency_ms,26,26,1421.4783736153845,9.07856,99.36130929007733,99.36132971359181,-99.3627696893048,-99.35997782104752
sol,5d42d931-e533-4759-a452-534acce69a42,short,last_token_latency_ms,26,26,1421.156931346154,9.07856,99.36116490325225,99.36118525690189,-99.36261771125704,-99.35983557901322
sol,5d42d931-e533-4759-a452-534acce69a42,boundary-127,output_tokens_per_second,26,26,5.955902801573915,874.5917871982848,14595.68381325321,14584.453664474913,14494.894186429607,14748.350783938095
sol,5d42d931-e533-4759-a452-534acce69a42,boundary-127,ttft_ms,26,26,340.9909111538461,9.9327,97.0869350176696,97.08710711191986,-97.0962548183656,-97.0791184992996
sol,5d42d931-e533-4759-a452-534acce69a42,boundary-127,average_tpot_ms,26,26,156.47524256153847,0.539838333333333,99.65465626259243,99.65500080108774,-99.6598846389438,-99.65227735598341
sol,5d42d931-e533-4759-a452-534acce69a42,boundary-127,exact_itl_ms,26,26,156.47524256153847,0.539838333333333,99.65465626259243,99.65500080108774,-99.6598846389438,-99.65227735598341
sol,5d42d931-e533-4759-a452-534acce69a42,boundary-127,request_latency_ms,26,26,2688.466616730769,18.030274999999996,99.3288339663397,99.32934726108203,-99.33761068033824,-99.32468554076766
sol,5d42d931-e533-4759-a452-534acce69a42,boundary-127,last_token_latency_ms,26,26,2688.119549576923,18.030274999999996,99.3287474084184,99.32926067209928,-99.33751998852478,-99.3246010099413
sol,5d42d931-e533-4759-a452-534acce69a42,boundary-128,output_tokens_per_second,26,26,5.99701774745756,874.114509034915,14476.112179175578,14475.819946597569,14450.447711580466,14503.091448287338
sol,5d42d931-e533-4759-a452-534acce69a42,boundary-128,ttft_ms,26,26,341.2049388076923,9.936998999999998,97.08749580294916,97.08767433592143,-97.096773611622,-97.07916665928256
sol,5d42d931-e533-4759-a452-534acce69a42,boundary-128,average_tpot_ms,26,26,155.0998859025641,0.5398393999999997,99.6519333226918,99.65194081423171,-99.65256008407927,-99.65134407004508
sol,5d42d931-e533-4759-a452-534acce69a42,boundary-128,exact_itl_ms,26,26,155.0998859025641,0.5398393999999997,99.6519333226918,99.65194081423171,-99.65256008407927,-99.65134407004508
sol,5d42d931-e533-4759-a452-534acce69a42,boundary-128,request_latency_ms,26,26,2668.0427374615383,18.034589999999994,99.32403902313675,99.32405168227707,-99.32518757676425,-99.32298891407449
sol,5d42d931-e533-4759-a452-534acce69a42,boundary-128,last_token_latency_ms,26,26,2667.7032273461537,18.034589999999994,99.32395301838436,99.32396565648189,-99.32510134351166,-99.32290302050346
sol,5d42d931-e533-4759-a452-534acce69a42,boundary-129,output_tokens_per_second,26,26,5.988693022992864,873.7168009860594,14489.876759646671,14489.440427678113,14460.772202396534,14520.032962338044
sol,5d42d931-e533-4759-a452-534acce69a42,boundary-129,ttft_ms,26,26,342.3167595,9.939378,97.095604707735,97.09643839392561,-97.11851749515151,-97.08099516232468
sol,5d42d931-e533-4759-a452-534acce69a42,boundary-129,average_tpot_ms,26,26,155.2759312102564,0.5398405999999999,99.65232246943394,99.65233465625204,-99.65315033344899,-99.65154113874581
sol,5d42d931-e533-4759-a452-534acce69a42,boundary-129,exact_itl_ms,26,26,155.2759312102564,0.5398405999999999,99.65232246943394,99.65233465625204,-99.65315033344899,-99.65154113874581
sol,5d42d931-e533-4759-a452-534acce69a42,boundary-129,request_latency_ms,26,26,2671.793450730769,18.036986999999996,99.32488763623304,99.32491087606093,-99.3264549868882,-99.3234131546134
sol,5d42d931-e533-4759-a452-534acce69a42,boundary-129,last_token_latency_ms,26,26,2671.455727653846,18.036986999999996,99.32480232223335,99.32482553188929,-99.32637193190237,-99.32332901956221
sol,5d42d931-e533-4759-a452-534acce69a42,heldout-single-192,output_tokens_per_second,26,26,6.2003602925893455,1180.4843182302454,18939.2750657786,18938.963262201993,18907.69021750589,18968.145788451046
sol,5d42d931-e533-4759-a452-534acce69a42,heldout-single-192,ttft_ms,26,26,342.3032035,10.090104,97.05212491413229,97.05229051413185,-97.0611563061289,-97.0438567816035
sol,5d42d931-e533-4759-a452-534acce69a42,heldout-single-192,average_tpot_ms,26,26,155.43398146774194,0.5399190322580647,99.65263201732338,99.65263771334963,-99.65316311190278,-99.6520704862235
sol,5d42d931-e533-4759-a452-534acce69a42,heldout-single-192,exact_itl_ms,26,26,155.43398146774194,0.5399190322580647,99.65263201732338,99.65263771334963,-99.65316311190278,-99.6520704862235
sol,5d42d931-e533-4759-a452-534acce69a42,heldout-single-192,request_latency_ms,26,26,5161.073192423077,26.827594000000005,99.48018516067717,99.48019349852689,-99.48097038214068,-99.47934832138898
sol,5d42d931-e533-4759-a452-534acce69a42,heldout-single-192,last_token_latency_ms,26,26,5160.756629,26.827594000000005,99.48015328151875,99.48016161333305,-99.48093877777052,-99.47931639777299
sol,5d42d931-e533-4759-a452-534acce69a42,heldout-burst-192,output_tokens_per_second,26,26,11.9474965403569,1535.4270340969,12754.276726712169,12751.454100952877,12683.353047361248,12826.527859879096
sol,5d42d931-e533-4759-a452-534acce69a42,heldout-burst-192,ttft_ms,26,26,382.78445640384615,15.150048423076925,95.99410054547775,96.04214639084164,-96.21987941952534,-95.8803039706629
sol,5d42d931-e533-4759-a452-534acce69a42,heldout-burst-192,average_tpot_ms,26,26,160.4592826674938,0.8284875161290319,99.48364721954069,99.4836774150076,-99.48521331790339,-99.48221462433803
sol,5d42d931-e533-4759-a452-534acce69a42,heldout-burst-192,exact_itl_ms,26,26,160.4592826674938,0.8284875161290319,99.48364721954069,99.4836774150076,-99.48521331790339,-99.48221462433803
sol,5d42d931-e533-4759-a452-534acce69a42,heldout-burst-192,request_latency_ms,26,26,5357.669643230769,40.833161423076916,99.23768751166112,99.23785593098917,-99.24235788773316,-99.2336912396675
sol,5d42d931-e533-4759-a452-534acce69a42,heldout-burst-192,last_token_latency_ms,26,26,5357.022219096154,40.833161423076916,99.23759530842045,99.23776382189494,-99.24226722009408,-99.23359613929398
sol,5d42d931-e533-4759-a452-534acce69a42,heldout-single-384,output_tokens_per_second,26,26,6.18296215699042,1158.9660697112554,18648.377130238718,18644.51177743237,18575.71312774579,18759.529597164154
sol,5d42d931-e533-4759-a452-534acce69a42,heldout-single-384,ttft_ms,26,26,344.6959261923077,10.561253999999998,96.93592030204148,96.9360664871601,-96.94445443459851,-96.92834693297884
sol,5d42d931-e533-4759-a452-534acce69a42,heldout-single-384,average_tpot_ms,26,26,155.8557978387097,0.5401313548387093,99.65336028924814,99.65344160286057,-99.65579359145289,-99.65202656358873
sol,5d42d931-e533-4759-a452-534acce69a42,heldout-single-384,exact_itl_ms,26,26,155.8557978387097,0.5401313548387093,99.65336028924814,99.65344160286057,-99.65579359145289,-99.65202656358873
sol,5d42d931-e533-4759-a452-534acce69a42,heldout-single-384,request_latency_ms,26,26,5176.572546692308,27.305325999999987,99.47241313330535,99.47252113722531,-99.47586470155902,-99.4704954516283
sol,5d42d931-e533-4759-a452-534acce69a42,heldout-single-384,last_token_latency_ms,26,26,5176.225659192308,27.305325999999987,99.47237779231969,99.47248578795035,-99.47582969049678,-99.47045931954428
sol,5d42d931-e533-4759-a452-534acce69a42,heldout-burst-384,output_tokens_per_second,26,26,11.865020561877488,1499.7640538731735,12547.874648190174,12540.214536938445,12435.505043334253,12664.19317411314
sol,5d42d931-e533-4759-a452-534acce69a42,heldout-burst-384,ttft_ms,26,26,395.0445924807692,15.843575653846152,95.92755199551978,95.9894209526188,-96.1765687879476,-95.78761674499442
sol,5d42d931-e533-4759-a452-534acce69a42,heldout-burst-384,average_tpot_ms,26,26,161.3328736687345,0.8361455775434241,99.48152714720925,99.48172647115908,-99.48612372294362,-99.47845485978789
sol,5d42d931-e533-4759-a452-534acce69a42,heldout-burst-384,exact_itl_ms,26,26,161.3328736687345,0.8361455775434241,99.48152714720925,99.48172647115908,-99.48612372294362,-99.47845485978789
sol,5d42d931-e533-4759-a452-534acce69a42,heldout-burst-384,request_latency_ms,26,26,5397.047726769231,41.764088557692304,99.22569682856287,99.22616788525801,-99.23406858819328,-99.21942360905707
sol,5d42d931-e533-4759-a452-534acce69a42,heldout-burst-384,last_token_latency_ms,26,26,5396.363676211538,41.764088557692304,99.22559864766754,99.22606979322396,-99.23397305302811,-99.21932319734168
sol,5d42d931-e533-4759-a452-534acce69a42,heldout-single-768,output_tokens_per_second,26,26,6.1987411371135295,1114.7272769966478,17883.292912645607,17883.12354620644,17863.01983974581,17904.68627337101
sol,5d42d931-e533-4759-a452-534acce69a42,heldout-single-768,ttft_ms,26,26,345.90339457692306,11.599419000000001,96.64649077640267,96.64663048069033,-96.65536301088484,-96.63853053801546
sol,5d42d931-e533-4759-a452-534acce69a42,heldout-single-768,average_tpot_ms,26,26,155.35914684491314,0.540360129032258,99.65218244588827,99.65218647243752,-99.65265456101702,-99.6517455615699
sol,5d42d931-e533-4759-a452-534acce69a42,heldout-single-768,exact_itl_ms,26,26,155.35914684491314,0.540360129032258,99.65218244588827,99.65218647243752,-99.65265456101702,-99.6517455615699
sol,5d42d931-e533-4759-a452-534acce69a42,heldout-single-768,request_latency_ms,26,26,5162.390119884615,28.350583,99.45081898405235,99.45082447584117,-99.4515172294812,-99.45017068695084
sol,5d42d931-e533-4759-a452-534acce69a42,heldout-single-768,last_token_latency_ms,26,26,5162.036946769231,28.350583,99.45078141296781,99.45078690268299,-99.45147891076573,-99.45013332589255
sol,5d42d931-e533-4759-a452-534acce69a42,heldout-burst-768,output_tokens_per_second,26,26,11.821499181407328,1444.6079102573415,12137.25889906878,12120.175191733706,11862.949051402142,12498.666421703881
sol,5d42d931-e533-4759-a452-534acce69a42,heldout-burst-768,ttft_ms,26,26,405.2817544230769,17.201985500000003,95.63113365565343,95.75554899467724,-96.10631350256016,-95.44703164737564
sol,5d42d931-e533-4759-a452-534acce69a42,heldout-burst-768,average_tpot_ms,26,26,161.81238993672457,0.8468395868486349,99.47625529433604,99.47665343353509,-99.48790819092653,-99.46868548494788
sol,5d42d931-e533-4759-a452-534acce69a42,heldout-burst-768,exact_itl_ms,26,26,161.81238993672457,0.8468395868486349,99.47625529433604,99.47665343353509,-99.48790819092653,-99.46868548494788
sol,5d42d931-e533-4759-a452-534acce69a42,heldout-burst-768,request_latency_ms,26,26,5422.267563057692,43.454012692307685,99.19743342099561,99.19860072954786,-99.22020815245492,-99.18255528743934
sol,5d42d931-e533-4759-a452-534acce69a42,heldout-burst-768,last_token_latency_ms,26,26,5421.465842461538,43.454012692307685,99.19731422212374,99.19848221947706,-99.22009949149749,-99.18242897852619
sol,5d42d931-e533-4759-a452-534acce69a42,prefix-cold-control,output_tokens_per_second,26,26,5.9508510600283016,797.7973223427995,13316.315097757388,13306.440764440933,13224.856771057584,13452.486623932598
sol,5d42d931-e533-4759-a452-534acce69a42,prefix-cold-control,ttft_ms,26,26,345.7061449615385,11.599419000000001,96.6446065429318,96.64471714805921,-96.6521679563696,-96.63725793849937
sol,5d42d931-e533-4759-a452-534acce69a42,prefix-cold-control,average_tpot_ms,26,26,156.30848355641027,0.540357,99.65397203425934,99.65430091335702,-99.65904400017997,-99.65158965452407
sol,5d42d931-e533-4759-a452-534acce69a42,prefix-cold-control,exact_itl_ms,26,26,156.30848355641027,0.540357,99.65397203425934,99.65430091335702,-99.65904400017997,-99.65158965452407
sol,5d42d931-e533-4759-a452-534acce69a42,prefix-cold-control,request_latency_ms,26,26,2690.679906653846,19.704774,99.26712390471552,99.2676656204526,-99.27649119020536,-99.2626254511874
sol,5d42d931-e533-4759-a452-534acce69a42,prefix-cold-control,last_token_latency_ms,26,26,2690.3333983076923,19.704774,99.2670296930651,99.26757129757989,-99.27639632555903,-99.26253230667669
sol,5d42d931-e533-4759-a452-534acce69a42,prefix-reuse-B,output_tokens_per_second,26,26,5.95474847872312,851.5070018404327,14209.557930922678,14199.630032787243,14111.70698526414,14352.18967068022
sol,5d42d931-e533-4759-a452-534acce69a42,prefix-reuse-B,ttft_ms,26,26,340.1938625,10.330610999999976,96.96305732186205,96.96331646782723,-96.97522330716018,-96.95433207128599
sol,5d42d931-e533-4759-a452-534acce69a42,prefix-reuse-B,average_tpot_ms,26,26,156.5493011102564,0.5403569999999718,99.6545232804322,99.65483269732427,-99.659450742418,-99.65209929746537
sol,5d42d931-e533-4759-a452-534acce69a42,prefix-reuse-B,exact_itl_ms,26,26,156.5493011102564,0.5403569999999718,99.6545232804322,99.65483269732427,-99.659450742418,-99.65209929746537
sol,5d42d931-e533-4759-a452-534acce69a42,prefix-reuse-B,request_latency_ms,26,26,2688.802158692308,18.435965999999553,99.3138653719232,99.31434278493118,-99.32239229672787,-99.30951776714538
sol,5d42d931-e533-4759-a452-534acce69a42,prefix-reuse-B,last_token_latency_ms,26,26,2688.433379153846,18.435965999999553,99.31377113909134,99.3142487315121,-99.3222980959848,-99.30942038932918
sol,5d42d931-e533-4759-a452-534acce69a42,engram-repeated-text,output_tokens_per_second,26,26,11.848623883266814,1520.6795527489771,12744.440231518463,12734.229255066088,12619.945299672174,12888.345115053044
sol,5d42d931-e533-4759-a452-534acce69a42,engram-repeated-text,ttft_ms,26,26,402.4953645,15.567354615384614,96.01425468885493,96.13228971351678,-96.46296821295506,-95.85565952069355
sol,5d42d931-e533-4759-a452-534acce69a42,engram-repeated-text,average_tpot_ms,26,26,161.36288143796526,0.8271721129032258,99.4872695493127,99.48738389799936,-99.49077183680505,-99.48489983747444
sol,5d42d931-e533-4759-a452-534acce69a42,engram-repeated-text,exact_itl_ms,26,26,161.36288143796526,0.8271721129032258,99.4872695493127,99.48738389799936,-99.49077183680505,-99.48489983747444
sol,5d42d931-e533-4759-a452-534acce69a42,engram-repeated-text,request_latency_ms,26,26,5405.452430538461,41.20969011538462,99.23701735681722,99.23762736524019,-99.24735570548819,-99.23031250158714
sol,5d42d931-e533-4759-a452-534acce69a42,engram-repeated-text,last_token_latency_ms,26,26,5404.744689076923,41.20969011538462,99.23691729256171,99.23752753393386,-99.24725992955426,-99.23021077360231
sol,5d42d931-e533-4759-a452-534acce69a42,engram-distinct-text,output_tokens_per_second,26,26,11.799727415856275,1499.6260535588426,12629.450945401797,12608.988951250436,12461.076378170581,12809.085273041828
sol,5d42d931-e533-4759-a452-534acce69a42,engram-distinct-text,ttft_ms,26,26,400.83849528846156,15.857201269230767,95.9787006625798,96.043992416991,-96.22575606571232,-95.83409517329049
sol,5d42d931-e533-4759-a452-534acce69a42,engram-distinct-text,average_tpot_ms,26,26,162.28105378101736,0.8365045161290321,99.4836434059473,99.48453347039649,-99.4942324187345,-99.47842569638976
sol,5d42d931-e533-4759-a452-534acce69a42,engram-distinct-text,exact_itl_ms,26,26,162.28105378101736,0.8365045161290321,99.4836434059473,99.48453347039649,-99.4942324187345,-99.47842569638976
sol,5d42d931-e533-4759-a452-534acce69a42,engram-distinct-text,request_latency_ms,26,26,5432.241852057692,41.788841269230765,99.22949075875593,99.2307256855031,-99.24432728162283,-99.22069434373834
sol,5d42d931-e533-4759-a452-534acce69a42,engram-distinct-text,last_token_latency_ms,26,26,5431.5511625,41.788841269230765,99.22939246739826,99.23062786266757,-99.24423213219008,-99.2205915908469
hybrid,c8bd9839-4f15-4c4e-814d-2827d57279c5,short,output_tokens_per_second,73,73,5.516440265061164,5.891819773483683,6.810288001389456,6.804741651967424,6.6356103110235685,6.993370733143051
hybrid,c8bd9839-4f15-4c4e-814d-2827d57279c5,short,ttft_ms,73,73,342.6378472876712,323.282127,5.642038423530095,5.649031606079582,-5.849173342564802,-5.470823914737108
hybrid,c8bd9839-4f15-4c4e-814d-2827d57279c5,short,average_tpot_ms,73,73,158.18637189432485,147.752121,6.590596547548178,6.596175618273476,-6.77302013405799,-6.432033283098106
hybrid,c8bd9839-4f15-4c4e-814d-2827d57279c5,short,exact_itl_ms,73,73,158.18637189432485,147.752121,6.59059654754818,6.596175618273476,-6.77302013405799,-6.432033283098106
hybrid,c8bd9839-4f15-4c4e-814d-2827d57279c5,short,request_latency_ms,73,73,1450.285919890411,1357.546974,6.3896651364307315,6.394528459423963,-6.563074432309243,-6.24448363994784
hybrid,c8bd9839-4f15-4c4e-814d-2827d57279c5,short,last_token_latency_ms,73,73,1449.9424505479453,1357.546974,6.367578423807013,6.37235474504717,-6.537592051236889,-6.223403647085213
hybrid,c8bd9839-4f15-4c4e-814d-2827d57279c5,boundary-127,output_tokens_per_second,73,73,5.847020223604452,6.290245898024012,7.677625303011439,7.580368417920907,7.158526568669227,8.345568542871991
hybrid,c8bd9839-4f15-4c4e-814d-2827d57279c5,boundary-127,ttft_ms,73,73,348.73019160273975,332.86582,4.540940191985364,4.549182142741402,-4.770501548476078,-4.355152182015981
hybrid,c8bd9839-4f15-4c4e-814d-2827d57279c5,boundary-127,average_tpot_ms,73,73,159.32192700821918,147.3644445333333,7.39863441453676,7.505233397201498,-8.421960373453937,-7.001496645710406
hybrid,c8bd9839-4f15-4c4e-814d-2827d57279c5,boundary-127,exact_itl_ms,73,73,159.32192700821918,147.3644445333333,7.398634414536759,7.505233397201495,-8.421960373453926,-7.001496645710406
hybrid,c8bd9839-4f15-4c4e-814d-2827d57279c5,boundary-127,request_latency_ms,73,73,2738.9104592054796,2543.3324879999996,7.0567719207110935,7.140721616077012,-7.950941114869245,-6.692594656040704
hybrid,c8bd9839-4f15-4c4e-814d-2827d57279c5,boundary-127,last_token_latency_ms,73,73,2738.5590967260273,2543.3324879999996,7.044836183147742,7.128807589342254,-7.939391230661998,-6.680651205804363
hybrid,c8bd9839-4f15-4c4e-814d-2827d57279c5,boundary-128,output_tokens_per_second,73,73,5.842193258707215,6.295386461268474,7.817101537674821,7.75724428297232,7.317938546373685,8.410563776109898
hybrid,c8bd9839-4f15-4c4e-814d-2827d57279c5,boundary-128,ttft_ms,73,73,354.2521514383562,331.112659,5.748751482538505,6.531927144098854,-9.468545120776213,-4.94076189168933
hybrid,c8bd9839-4f15-4c4e-814d-2827d57279c5,boundary-128,average_tpot_ms,73,73,159.04128907123288,147.34264973333333,7.3177927956230056,7.355724671383825,-7.904148258438108,-7.0344939041796835
hybrid,c8bd9839-4f15-4c4e-814d-2827d57279c5,boundary-128,exact_itl_ms,73,73,159.04128907123288,147.34264973333333,7.3177927956230056,7.355724671383825,-7.904148258438108,-7.0344939041796835
hybrid,c8bd9839-4f15-4c4e-814d-2827d57279c5,boundary-128,request_latency_ms,73,73,2740.2189336849315,2541.2524049999997,7.209452067721906,7.260971969760451,-7.889116071658133,-6.831948013999283
hybrid,c8bd9839-4f15-4c4e-814d-2827d57279c5,boundary-128,last_token_latency_ms,73,73,2739.8714875068495,2541.2524049999997,7.1976886198498615,7.249211629541909,-7.877594762813888,-6.820068335346505
hybrid,c8bd9839-4f15-4c4e-814d-2827d57279c5,boundary-129,output_tokens_per_second,73,73,5.8430110603309355,6.296631970055279,7.817597347031133,7.7634785394134,7.347881408020483,8.368489626019397
hybrid,c8bd9839-4f15-4c4e-814d-2827d57279c5,boundary-129,ttft_ms,73,73,348.6857215479452,330.080979,5.330916264156707,5.335676627466088,-5.494067377940906,-5.186311389024669
hybrid,c8bd9839-4f15-4c4e-814d-2827d57279c5,boundary-129,average_tpot_ms,73,73,159.37699950776255,147.37760526666668,7.469768170819014,7.528937223160258,-8.188853704103776,-7.072365518363622
hybrid,c8bd9839-4f15-4c4e-814d-2827d57279c5,boundary-129,exact_itl_ms,73,73,159.37699950776255,147.37760526666668,7.469768170819015,7.52893722316026,-8.188853704103776,-7.072365518363622
hybrid,c8bd9839-4f15-4c4e-814d-2827d57279c5,boundary-129,request_latency_ms,73,73,2739.6894793561646,2540.7450580000004,7.214990778905211,7.261568249074591,-7.842653968506768,-6.8570842827062615
hybrid,c8bd9839-4f15-4c4e-814d-2827d57279c5,boundary-129,last_token_latency_ms,73,73,2739.3407141643834,2540.7450580000004,7.203179274764115,7.24976105153694,-7.830798555782079,-6.845025257735294
hybrid,c8bd9839-4f15-4c4e-814d-2827d57279c5,heldout-single-192,output_tokens_per_second,73,73,6.040540295495907,6.525840250004741,8.111629086236432,8.034048789819279,7.485828438172422,8.709560632086546
hybrid,c8bd9839-4f15-4c4e-814d-2827d57279c5,heldout-single-192,ttft_ms,73,73,361.0095478493151,333.398732,5.99321906318059,7.648223160247217,-11.98933049154891,-4.483307546656271
hybrid,c8bd9839-4f15-4c4e-814d-2827d57279c5,heldout-single-192,average_tpot_ms,73,73,159.3551439385771,147.41547748387097,7.436396072439053,7.49248888966411,-8.124306226805924,-7.047666533209356
hybrid,c8bd9839-4f15-4c4e-814d-2827d57279c5,heldout-single-192,exact_itl_ms,73,73,159.3551439385771,147.41547748387097,7.436396072439052,7.49248888966411,-8.124306226805924,-7.047666533209356
hybrid,c8bd9839-4f15-4c4e-814d-2827d57279c5,heldout-single-192,request_latency_ms,73,73,5301.343674780822,4903.278534,7.4423388604153216,7.508759386313115,-8.149475864158727,-6.9813459014044685
hybrid,c8bd9839-4f15-4c4e-814d-2827d57279c5,heldout-single-192,last_token_latency_ms,73,73,5301.019009945206,4903.278534,7.436677653388498,7.50309469177543,-8.143942293758608,-6.975588964595481
hybrid,c8bd9839-4f15-4c4e-814d-2827d57279c5,heldout-burst-192,output_tokens_per_second,73,73,11.651816412728344,11.960589796938716,2.7543485585106695,2.6500021393494566,2.02151500227149,3.448832290780214
hybrid,c8bd9839-4f15-4c4e-814d-2827d57279c5,heldout-burst-192,ttft_ms,73,73,391.84845381506847,501.85801580136985,29.761347474342475,28.07451730770895,24.61856873617087,31.66639132195764
hybrid,c8bd9839-4f15-4c4e-814d-2827d57279c5,heldout-burst-192,average_tpot_ms,73,73,164.69228943570482,154.0228950483871,6.391382360412251,6.4783812429075445,-7.26865828631137,-5.898545168989517
hybrid,c8bd9839-4f15-4c4e-814d-2827d57279c5,heldout-burst-192,exact_itl_ms,73,73,164.69228943570482,154.0228950483871,6.391382360412252,6.478381242907544,-7.268658286311379,-5.898545168989517
hybrid,c8bd9839-4f15-4c4e-814d-2827d57279c5,heldout-burst-192,request_latency_ms,73,73,5497.984573513699,5276.567762301371,3.929668075283814,4.0272359489510725,-4.862549170353169,-3.3736459260544245
hybrid,c8bd9839-4f15-4c4e-814d-2827d57279c5,heldout-burst-192,last_token_latency_ms,73,73,5497.309426321918,5276.567762301371,3.9178675726659318,4.015449138875171,-4.8509484699748135,-3.3616986973076144
hybrid,c8bd9839-4f15-4c4e-814d-2827d57279c5,heldout-single-384,output_tokens_per_second,73,73,6.055622761637232,6.519188687442999,7.678211024527201,7.6551321648119774,7.363036551800739,8.057838686659442
hybrid,c8bd9839-4f15-4c4e-814d-2827d57279c5,heldout-single-384,ttft_ms,73,73,352.5339959726027,333.291017,5.45478215525591,5.458474698167323,-5.594518954654767,-5.326622368260893
hybrid,c8bd9839-4f15-4c4e-814d-2827d57279c5,heldout-single-384,average_tpot_ms,73,73,159.11595712593902,147.57950370967743,7.227770879022882,7.250343475689602,-7.646916633788099,-6.962055677623298
hybrid,c8bd9839-4f15-4c4e-814d-2827d57279c5,heldout-single-384,exact_itl_ms,73,73,159.11595712593902,147.57950370967743,7.227770879022881,7.250343475689602,-7.646916633788099,-6.962055677623298
hybrid,c8bd9839-4f15-4c4e-814d-2827d57279c5,heldout-single-384,request_latency_ms,73,73,5285.477881958904,4908.255632,7.117048359145818,7.1369563620063365,-7.50829639086323,-6.865666553555202
hybrid,c8bd9839-4f15-4c4e-814d-2827d57279c5,heldout-single-384,last_token_latency_ms,73,73,5285.1286668767125,4908.255632,7.110913211498317,7.130820432786702,-7.502161847381259,-6.859599584198559
hybrid,c8bd9839-4f15-4c4e-814d-2827d57279c5,heldout-burst-384,output_tokens_per_second,73,73,11.628147668514954,11.929547886187365,2.6703335834896684,2.5926450973839934,2.0103032548221518,3.268241962157226
hybrid,c8bd9839-4f15-4c4e-814d-2827d57279c5,heldout-burst-384,ttft_ms,73,73,400.9493022260274,501.8489315479452,27.057705548693942,25.1651839177008,21.71349223315174,28.81422986505878
hybrid,c8bd9839-4f15-4c4e-814d-2827d57279c5,heldout-burst-384,average_tpot_ms,73,73,164.71225943725145,154.4682353870968,6.162004931842823,6.219345229768518,-6.841132790302982,-5.7279812738259395
hybrid,c8bd9839-4f15-4c4e-814d-2827d57279c5,heldout-burst-384,exact_itl_ms,73,73,164.71225943725145,154.4682353870968,6.162004931842823,6.219345229768516,-6.841132790302982,-5.7279812738259395
hybrid,c8bd9839-4f15-4c4e-814d-2827d57279c5,heldout-burst-384,request_latency_ms,73,73,5507.729170671233,5290.3642285479455,3.8737889462863766,3.9465437640027754,-4.63603021931514,-3.360028264909595
hybrid,c8bd9839-4f15-4c4e-814d-2827d57279c5,heldout-burst-384,last_token_latency_ms,73,73,5507.029344780822,5290.3642285479455,3.861568017910732,3.934337419832645,-4.623794534621695,-3.3476144063512154
hybrid,c8bd9839-4f15-4c4e-814d-2827d57279c5,heldout-single-768,output_tokens_per_second,73,73,6.049842570972655,6.454452165589112,6.767041225014695,6.687935923453408,6.2502318703531055,7.414936827108668
hybrid,c8bd9839-4f15-4c4e-814d-2827d57279c5,heldout-single-768,ttft_ms,73,73,353.0866392739726,378.983054,7.338018246408337,7.334294715675559,7.185993680340653,7.476636659583627
hybrid,c8bd9839-4f15-4c4e-814d-2827d57279c5,heldout-single-768,average_tpot_ms,73,73,159.35093996774194,147.69237667741933,7.2386311086366995,7.316281468237781,-8.14101236303664,-6.835012080088617
hybrid,c8bd9839-4f15-4c4e-814d-2827d57279c5,heldout-single-768,exact_itl_ms,73,73,159.35093996774194,147.69237667741933,7.238631108636697,7.316281468237778,-8.14101236303664,-6.835012080088617
hybrid,c8bd9839-4f15-4c4e-814d-2827d57279c5,heldout-single-768,request_latency_ms,73,73,5293.31575509589,4957.446730999999,6.275711635834316,6.3451537681754395,-7.125075845065045,-5.890996540521899
hybrid,c8bd9839-4f15-4c4e-814d-2827d57279c5,heldout-single-768,last_token_latency_ms,73,73,5292.965778273972,4957.446730999999,6.269527070344507,6.338961204910444,-7.118877909971585,-5.8847936133658845
hybrid,c8bd9839-4f15-4c4e-814d-2827d57279c5,heldout-burst-768,output_tokens_per_second,73,73,11.60727303231509,11.671868540137943,2.008277682455543,1.9524724231892778,-0.007268334254962025,1.2273489063737433
hybrid,c8bd9839-4f15-4c4e-814d-2827d57279c5,heldout-burst-768,ttft_ms,73,73,407.44341688356167,570.7581518150685,42.159979465991526,40.08280123425791,36.34002224836208,44.072404553842745
hybrid,c8bd9839-4f15-4c4e-814d-2827d57279c5,heldout-burst-768,average_tpot_ms,73,73,164.83073771807335,156.06161266129033,5.249965312134435,5.3200787536252765,-6.039371450837853,-4.815848201944015
hybrid,c8bd9839-4f15-4c4e-814d-2827d57279c5,heldout-burst-768,exact_itl_ms,73,73,164.83073771807335,156.06161266129033,5.249965312134436,5.320078753625278,-6.039371450837853,-4.815848201944015
hybrid,c8bd9839-4f15-4c4e-814d-2827d57279c5,heldout-burst-768,request_latency_ms,73,73,5517.978157534247,5408.668144315068,2.0058882923137156,2.0837986118081444,-2.712489672435306,-1.3812751550358537
hybrid,c8bd9839-4f15-4c4e-814d-2827d57279c5,heldout-burst-768,last_token_latency_ms,73,73,5517.196286143836,5408.668144315068,1.9986522324814835,2.076435820869106,-2.699034316987304,-1.3675199974970402
hybrid,c8bd9839-4f15-4c4e-814d-2827d57279c5,prefix-cold-control,output_tokens_per_second,73,73,5.832014851865494,6.166315032769312,5.835113722158412,5.732155856854249,5.301068188997081,6.481246239224304
hybrid,c8bd9839-4f15-4c4e-814d-2827d57279c5,prefix-cold-control,ttft_ms,73,73,354.7408910136986,378.98305400000004,6.8648718068042305,6.848318118305299,6.486226180523157,7.123503124570131
hybrid,c8bd9839-4f15-4c4e-814d-2827d57279c5,prefix-cold-control,average_tpot_ms,73,73,159.40252762009132,147.6922612,7.233066581858836,7.346349267434926,-8.269999815488921,-6.828299404394889
hybrid,c8bd9839-4f15-4c4e-814d-2827d57279c5,prefix-cold-control,exact_itl_ms,73,73,159.40252762009132,147.6922612,7.233066581858835,7.346349267434926,-8.269999815488921,-6.828299404394889
hybrid,c8bd9839-4f15-4c4e-814d-2827d57279c5,prefix-cold-control,request_latency_ms,73,73,2746.149015219178,2594.3669720000003,5.435083050666812,5.527086927111416,-6.360673664377508,-5.050124736757293
hybrid,c8bd9839-4f15-4c4e-814d-2827d57279c5,prefix-cold-control,last_token_latency_ms,73,73,2745.7788053150684,2594.3669720000003,5.422330249128995,5.514349263020641,-6.347979595127441,-5.03745669882661
hybrid,c8bd9839-4f15-4c4e-814d-2827d57279c5,prefix-reuse-B,output_tokens_per_second,73,73,5.837945452441894,6.284322506579112,7.716458337793341,7.646132663855365,7.168896773984398,8.322742762022536
hybrid,c8bd9839-4f15-4c4e-814d-2827d57279c5,prefix-reuse-B,ttft_ms,73,73,349.0343407945206,330.2613750000001,5.373307119049822,5.378544057237126,-5.54328324675942,-5.219962246320766
hybrid,c8bd9839-4f15-4c4e-814d-2827d57279c5,prefix-reuse-B,average_tpot_ms,73,73,159.53883205296805,147.69226120000002,7.34938335323038,7.4255093261776315,-8.16755346146472,-6.892189285279608
hybrid,c8bd9839-4f15-4c4e-814d-2827d57279c5,prefix-reuse-B,exact_itl_ms,73,73,159.53883205296805,147.69226120000002,7.3493833532303805,7.425509326177632,-8.16755346146472,-6.892189285279608
hybrid,c8bd9839-4f15-4c4e-814d-2827d57279c5,prefix-reuse-B,request_latency_ms,73,73,2742.480885643836,2545.6452930000005,7.116635238753331,7.177282207296953,-7.8365663434080215,-6.705846753820789
hybrid,c8bd9839-4f15-4c4e-814d-2827d57279c5,prefix-reuse-B,last_token_latency_ms,73,73,2742.116821589041,2545.6452930000005,7.104306869593717,7.164958365092055,-7.82420068673837,-6.693135274801909
hybrid,c8bd9839-4f15-4c4e-814d-2827d57279c5,engram-repeated-text,output_tokens_per_second,73,73,11.588216189282027,11.939123281504934,3.066363301049664,3.028137260223548,2.5862188294082555,3.484853870444829
hybrid,c8bd9839-4f15-4c4e-814d-2827d57279c5,engram-repeated-text,ttft_ms,73,73,416.0428120342466,499.7020419931507,21.933440369312116,20.108322398325136,16.937874294955968,23.539197339364243
hybrid,c8bd9839-4f15-4c4e-814d-2827d57279c5,engram-repeated-text,average_tpot_ms,73,73,164.7679743150685,154.39891211290325,6.27262878375628,6.293129623805159,-6.648205345786337,-5.998329187433057
hybrid,c8bd9839-4f15-4c4e-814d-2827d57279c5,engram-repeated-text,exact_itl_ms,73,73,164.7679743150685,154.39891211290325,6.272628783756281,6.293129623805159,-6.648205345786337,-5.998329187433057
hybrid,c8bd9839-4f15-4c4e-814d-2827d57279c5,engram-repeated-text,request_latency_ms,73,73,5524.566503609589,5286.068317493151,4.281543748538502,4.317047970381213,-4.741485868008478,-3.901966381925416
hybrid,c8bd9839-4f15-4c4e-814d-2827d57279c5,engram-repeated-text,last_token_latency_ms,73,73,5523.85001580137,5286.068317493151,4.2691259819336755,4.304637121356071,-4.729184864911218,-3.889351123955666
hybrid,c8bd9839-4f15-4c4e-814d-2827d57279c5,engram-distinct-text,output_tokens_per_second,73,73,11.616419724151624,11.929571190128234,2.796544340361237,2.6957657644337565,2.085945342528119,3.4662268148244766
hybrid,c8bd9839-4f15-4c4e-814d-2827d57279c5,engram-distinct-text,ttft_ms,73,73,404.0853705,501.85024729452056,26.14107771397977,24.194114395566952,20.625833070438215,27.858396353441822
hybrid,c8bd9839-4f15-4c4e-814d-2827d57279c5,engram-distinct-text,average_tpot_ms,73,73,164.83082649381353,154.4682353870968,6.209939546357295,6.286804068840643,-7.073725101408225,-5.7673742944271185
hybrid,c8bd9839-4f15-4c4e-814d-2827d57279c5,engram-distinct-text,exact_itl_ms,73,73,164.83082649381353,154.4682353870968,6.209939546357295,6.2868040688406435,-7.073725101408225,-5.7673742944271185
hybrid,c8bd9839-4f15-4c4e-814d-2827d57279c5,engram-distinct-text,request_latency_ms,73,73,5514.533758315069,5290.365544294521,3.970894179338101,4.065043825011253,-4.901899243239978,-3.4308026836963363
hybrid,c8bd9839-4f15-4c4e-814d-2827d57279c5,engram-distinct-text,last_token_latency_ms,73,73,5513.840991808219,5290.365544294521,3.9588235392722684,4.052990426196738,-4.8897445836075315,-3.418306434747964
hybrid,5d42d931-e533-4759-a452-534acce69a42,short,output_tokens_per_second,26,26,5.628123490268648,5.891945277760648,4.690908553883016,4.687562167890641,4.467557023479313,4.921699810173159
hybrid,5d42d931-e533-4759-a452-534acce69a42,short,ttft_ms,26,26,335.5257681153846,323.282127,3.637468327154626,3.6490911515249476,-4.121323433793356,-3.314520135876417
hybrid,5d42d931-e533-4759-a452-534acce69a42,short,average_tpot_ms,26,26,155.09016617582418,147.752121,4.728822373722926,4.731470316116053,-4.9193769820335,-4.536786317557365
hybrid,5d42d931-e533-4759-a452-534acce69a42,short,exact_itl_ms,26,26,155.09016617582418,147.752121,4.728822373722927,4.731470316116055,-4.9193769820335,-4.536786317557365
hybrid,5d42d931-e533-4759-a452-534acce69a42,short,request_latency_ms,26,26,1421.4783736153845,1357.546974,4.494474831093476,4.497528826469702,-4.712853136912156,-4.2953758823177495
hybrid,5d42d931-e533-4759-a452-534acce69a42,short,last_token_latency_ms,26,26,1421.156931346154,1357.546974,4.472884193647635,4.4759277419067995,-4.69012735894318,-4.274105962502544
hybrid,5d42d931-e533-4759-a452-534acce69a42,boundary-127,output_tokens_per_second,26,26,5.955902801573915,6.290305919816353,5.695483761641032,5.614650362562473,4.964645664251999,6.793915502869067
hybrid,5d42d931-e533-4759-a452-534acce69a42,boundary-127,ttft_ms,26,26,340.9909111538461,332.86582,2.377020945292656,2.3827881882107738,-2.68934721115267,-2.1150728549669546
hybrid,5d42d931-e533-4759-a452-534acce69a42,boundary-127,average_tpot_ms,26,26,156.47524256153847,147.3644445333333,5.728465553946255,5.822517274336262,-7.155701689763651,-5.079074376278951
hybrid,5d42d931-e533-4759-a452-534acce69a42,boundary-127,exact_itl_ms,26,26,156.47524256153847,147.3644445333333,5.728465553946253,5.822517274336261,-7.155701689763629,-5.079074376278951
hybrid,5d42d931-e533-4759-a452-534acce69a42,boundary-127,request_latency_ms,26,26,2688.466616730769,2543.3324879999996,5.325993183667792,5.398398024642599,-6.5640276479434005,-4.740820437750059
hybrid,5d42d931-e533-4759-a452-534acce69a42,boundary-127,last_token_latency_ms,26,26,2688.119549576923,2543.3324879999996,5.313783410198786,5.3861838696761515,-6.551234751797218,-4.728896604257685
hybrid,5d42d931-e533-4759-a452-534acce69a42,boundary-128,output_tokens_per_second,26,26,5.99701774745756,6.295440101649363,4.978146264114103,4.976179273745173,4.811977552853968,5.15304779151997
hybrid,5d42d931-e533-4759-a452-534acce69a42,boundary-128,ttft_ms,26,26,341.2049388076923,331.112659,2.951886275306981,2.957835206887335,-3.2610339263585946,-2.67434927377949
hybrid,5d42d931-e533-4759-a452-534acce69a42,boundary-128,average_tpot_ms,26,26,155.0998859025641,147.34264973333333,4.999400713494114,5.001445438911524,-5.170467670779039,-4.838571314363414
hybrid,5d42d931-e533-4759-a452-534acce69a42,boundary-128,exact_itl_ms,26,26,155.0998859025641,147.34264973333333,4.999400713494112,5.001445438911523,-5.170467670779039,-4.838571314363414
hybrid,5d42d931-e533-4759-a452-534acce69a42,boundary-128,request_latency_ms,26,26,2668.0427374615383,2541.2524049999997,4.75040141528621,4.752185213576114,-4.912244000461266,-4.602430644672956
hybrid,5d42d931-e533-4759-a452-534acce69a42,boundary-128,last_token_latency_ms,26,26,2667.7032273461537,2541.2524049999997,4.73828249360021,4.740063326757225,-4.900092880832426,-4.590327389543232
hybrid,5d42d931-e533-4759-a452-534acce69a42,boundary-129,output_tokens_per_second,26,26,5.988693022992864,6.296682308255815,5.1464625153846715,5.142846428769399,4.91123444943197,5.3836667415272785
hybrid,5d42d931-e533-4759-a452-534acce69a42,boundary-129,ttft_ms,26,26,342.3167595,330.080979,3.546716758954139,3.5744029938446467,-4.307637140698318,-3.061542228738599
hybrid,5d42d931-e533-4759-a452-534acce69a42,boundary-129,average_tpot_ms,26,26,155.2759312102564,147.37760526666668,5.083311889001897,5.0866389156570255,-5.309320484918822,-4.870006988003692
hybrid,5d42d931-e533-4759-a452-534acce69a42,boundary-129,exact_itl_ms,26,26,155.2759312102564,147.37760526666668,5.083311889001896,5.086638915657025,-5.309320484918822,-4.870006988003692
hybrid,5d42d931-e533-4759-a452-534acce69a42,boundary-129,request_latency_ms,26,26,2671.793450730769,2540.745058,4.901611237198739,4.904884870307833,-5.122393035799842,-4.6939112544800246
hybrid,5d42d931-e533-4759-a452-534acce69a42,boundary-129,last_token_latency_ms,26,26,2671.455727653846,2540.745058,4.889593646727681,4.8928630297249995,-5.110693656920504,-4.682059734291844
hybrid,5d42d931-e533-4759-a452-534acce69a42,heldout-single-192,output_tokens_per_second,26,26,6.2003602925893455,6.525873037192898,5.251588912728239,5.249900477438457,5.07916292301175,5.408109313460797
hybrid,5d42d931-e533-4759-a452-534acce69a42,heldout-single-192,ttft_ms,26,26,342.3032035,333.398732,2.5958686131791975,2.6013403932399974,-2.8942852241342094,-2.3226717362084224
hybrid,5d42d931-e533-4759-a452-534acce69a42,heldout-single-192,average_tpot_ms,26,26,155.43398146774194,147.41547748387097,5.1572291965300225,5.158784397178353,-5.3022353110313265,-5.003912920818029
hybrid,5d42d931-e533-4759-a452-534acce69a42,heldout-single-192,exact_itl_ms,26,26,155.43398146774194,147.41547748387097,5.1572291965300225,5.158784397178353,-5.3022353110313265,-5.003912920818028
hybrid,5d42d931-e533-4759-a452-534acce69a42,heldout-single-192,request_latency_ms,26,26,5161.073192423077,4903.278534,4.993457732127188,4.994981640670054,-5.1369726349743745,-4.840508641046812
hybrid,5d42d931-e533-4759-a452-534acce69a42,heldout-single-192,last_token_latency_ms,26,26,5160.756629,4903.278534,4.987631179320343,4.989153984769305,-5.131196305206982,-4.834673962730699
hybrid,5d42d931-e533-4759-a452-534acce69a42,heldout-burst-192,output_tokens_per_second,26,26,11.9474965403569,11.960692439327863,1.3024951567068455,1.2932941994763076,-0.4241888456500531,0.7027162904466582
hybrid,5d42d931-e533-4759-a452-534acce69a42,heldout-burst-192,ttft_ms,26,26,382.78445640384615,501.86018892307686,32.7006087782123,31.107776328724068,25.21303634819533,36.47327406563515
hybrid,5d42d931-e533-4759-a452-534acce69a42,heldout-burst-192,average_tpot_ms,26,26,160.4592826674938,154.0228950483871,4.0056143703667555,4.011227965193054,-4.296765412547651,-3.73928270422605
hybrid,5d42d931-e533-4759-a452-534acce69a42,heldout-burst-192,exact_itl_ms,26,26,160.4592826674938,154.0228950483871,4.005614370366759,4.011227965193056,-4.296765412547651,-3.73928270422605
hybrid,5d42d931-e533-4759-a452-534acce69a42,heldout-burst-192,request_latency_ms,26,26,5357.669643230769,5276.569935423077,1.4919102989725412,1.5137123639222192,-2.095287841066804,-0.976161368308269
hybrid,5d42d931-e533-4759-a452-534acce69a42,heldout-burst-192,last_token_latency_ms,26,26,5357.022219096154,5276.569935423077,1.4799955165290937,1.501809781305149,-2.083621664648341,-0.9640766091996623
hybrid,5d42d931-e533-4759-a452-534acce69a42,heldout-single-384,output_tokens_per_second,26,26,6.18296215699042,6.519222053742224,5.460081830915249,5.438491910736206,5.055677470773698,6.076147048720933
hybrid,5d42d931-e533-4759-a452-534acce69a42,heldout-single-384,ttft_ms,26,26,344.6959261923077,333.291017,3.3040736732922693,3.308686968915559,-3.573392990784759,-3.0650740358439075
hybrid,5d42d931-e533-4759-a452-534acce69a42,heldout-single-384,average_tpot_ms,26,26,155.8557978387097,147.57950370967743,5.288008147384434,5.310225377433263,-5.952856667168623,-4.923595733374052
hybrid,5d42d931-e533-4759-a452-534acce69a42,heldout-single-384,exact_itl_ms,26,26,155.8557978387097,147.57950370967743,5.288008147384435,5.310225377433263,-5.952856667168613,-4.92359573337404
hybrid,5d42d931-e533-4759-a452-534acce69a42,heldout-single-384,request_latency_ms,26,26,5176.572546692308,4908.255632,5.163878657840327,5.183292850087746,-5.784313635263588,-4.81916671805821
hybrid,5d42d931-e533-4759-a452-534acce69a42,heldout-single-384,last_token_latency_ms,26,26,5176.225659192308,4908.255632,5.1575259561025115,5.176938658314233,-5.77802023874915,-4.8126718128211285
hybrid,5d42d931-e533-4759-a452-534acce69a42,heldout-burst-384,output_tokens_per_second,26,26,11.865020561877488,11.929978315109395,1.9344936230711614,1.8976670204712305,-0.28646389779991843,1.5478187305421138
hybrid,5d42d931-e533-4759-a452-534acce69a42,heldout-burst-384,ttft_ms,26,26,395.0445924807692,501.7676495769231,28.979422756526624,27.015445630064953,21.07943988214377,33.44711848831447
hybrid,5d42d931-e533-4759-a452-534acce69a42,heldout-burst-384,average_tpot_ms,26,26,161.3328736687345,154.4655691073201,4.21907004696648,4.256605864168167,-5.078673604641132,-3.645459867730888
hybrid,5d42d931-e533-4759-a452-534acce69a42,heldout-burst-384,exact_itl_ms,26,26,161.3328736687345,154.4655691073201,4.219070046966478,4.256605864168165,-5.078673604641132,-3.645459867730888
hybrid,5d42d931-e533-4759-a452-534acce69a42,heldout-burst-384,request_latency_ms,26,26,5397.047726769231,5290.200291903847,2.038648970711261,2.096504732726601,-2.985760339632154,-1.1215826930173216
hybrid,5d42d931-e533-4759-a452-534acce69a42,heldout-burst-384,last_token_latency_ms,26,26,5396.363676211538,5290.200291903847,2.0310626842566064,2.0888192856460956,-2.9735298826039767,-1.1091915708458593
hybrid,5d42d931-e533-4759-a452-534acce69a42,heldout-single-768,output_tokens_per_second,26,26,6.1987411371135295,6.454472218238567,4.126573425652958,4.125532514882852,4.002125341781016,4.256872939100949
hybrid,5d42d931-e533-4759-a452-534acce69a42,heldout-single-768,ttft_ms,26,26,345.90339457692306,378.983054,9.567829834932786,9.563265334107777,9.277950960839407,9.827911435102093
hybrid,5d42d931-e533-4759-a452-534acce69a42,heldout-single-768,average_tpot_ms,26,26,155.35914684491314,147.6923766774193,4.933768320605839,4.934868865588692,-5.062807829041998,-4.814358171992446
hybrid,5d42d931-e533-4759-a452-534acce69a42,heldout-single-768,exact_itl_ms,26,26,155.35914684491314,147.6923766774193,4.933768320605837,4.934868865588689,-5.062807829041997,-4.814358171992446
hybrid,5d42d931-e533-4759-a452-534acce69a42,heldout-single-768,request_latency_ms,26,26,5162.390119884615,4957.446730999999,3.9689719171916127,3.969932223742843,-4.091068683902575,-3.8556092273822298
hybrid,5d42d931-e533-4759-a452-534acce69a42,heldout-single-768,last_token_latency_ms,26,26,5162.036946769231,4957.446730999999,3.962402152818257,3.9633620967645053,-4.0843681871011865,-3.849076188669515
hybrid,5d42d931-e533-4759-a452-534acce69a42,heldout-burst-768,output_tokens_per_second,26,26,11.821499181407328,11.691726992673757,2.6816214832425365,2.595727769751658,-2.232993315238195,0.5948846777956599
hybrid,5d42d931-e533-4759-a452-534acce69a42,heldout-burst-768,ttft_ms,26,26,405.2817544230769,566.3135687307692,45.73829466011998,43.156906934018096,27.994671356943623,49.6674647248566
hybrid,5d42d931-e533-4759-a452-534acce69a42,heldout-burst-768,average_tpot_ms,26,26,161.81238993672457,155.91813194913152,3.563357060925232,3.642649360718267,-4.962368064230027,-2.8210137563052005
hybrid,5d42d931-e533-4759-a452-534acce69a42,heldout-burst-768,exact_itl_ms,26,26,161.81238993672457,155.91813194913152,3.5633570609252323,3.6426493607182673,-4.962368064230027,-2.8210137563052005
hybrid,5d42d931-e533-4759-a452-534acce69a42,heldout-burst-768,request_latency_ms,26,26,5422.267563057692,5399.775659153846,2.3849716582107128,2.498609976599197,-2.3390559024377002,0.8778895057661642
hybrid,5d42d931-e533-4759-a452-534acce69a42,heldout-burst-768,last_token_latency_ms,26,26,5421.465842461538,5399.775659153846,2.388011151618553,2.50136079532713,-2.3248312269241334,0.8929133129710346
hybrid,5d42d931-e533-4759-a452-534acce69a42,prefix-cold-control,output_tokens_per_second,26,26,5.9508510600283016,6.166374744992418,3.698376353342673,3.621728771062392,2.9882832081457638,4.75477132596068
hybrid,5d42d931-e533-4759-a452-534acce69a42,prefix-cold-control,ttft_ms,26,26,345.7061449615385,378.983054,9.629392621417196,9.62577886550549,9.38234166505313,9.869490556532554
hybrid,5d42d931-e533-4759-a452-534acce69a42,prefix-cold-control,average_tpot_ms,26,26,156.30848355641027,147.6922612,5.422428693116846,5.512319075951339,-6.8087161207749585,-4.771268348865177
hybrid,5d42d931-e533-4759-a452-534acce69a42,prefix-cold-control,exact_itl_ms,26,26,156.30848355641027,147.6922612,5.422428693116843,5.512319075951338,-6.8087161207749585,-4.771268348865177
hybrid,5d42d931-e533-4759-a452-534acce69a42,prefix-cold-control,request_latency_ms,26,26,2690.679906653846,2594.3669720000003,3.5081784660711532,3.5795017614570797,-4.741492590463547,-2.9159037585109586
hybrid,5d42d931-e533-4759-a452-534acce69a42,prefix-cold-control,last_token_latency_ms,26,26,2690.3333983076923,2594.3669720000003,3.4957743860134864,3.567083037665825,-4.729002535757813,-2.9036401800380944
hybrid,5d42d931-e533-4759-a452-534acce69a42,prefix-reuse-B,output_tokens_per_second,26,26,5.95474847872312,6.284368636520599,5.6088981492664765,5.53541696975518,4.869037717907452,6.665841839210071
hybrid,5d42d931-e533-4759-a452-534acce69a42,prefix-reuse-B,ttft_ms,26,26,340.1938625,330.2613750000001,2.911370423489652,2.9196551128255295,-3.3003072475349042,-2.63243113785843
hybrid,5d42d931-e533-4759-a452-534acce69a42,prefix-reuse-B,average_tpot_ms,26,26,156.5493011102564,147.69226120000002,5.573097221040506,5.6576681259141735,-6.919888328881908,-4.910565736335272
hybrid,5d42d931-e533-4759-a452-534acce69a42,prefix-reuse-B,exact_itl_ms,26,26,156.5493011102564,147.69226120000002,5.573097221040508,5.657668125914175,-6.919888328881908,-4.910565736335283
hybrid,5d42d931-e533-4759-a452-534acce69a42,prefix-reuse-B,request_latency_ms,26,26,2688.802158692308,2545.6452930000005,5.2582660258723335,5.324187398076584,-6.435667090332708,-4.657947081996886
hybrid,5d42d931-e533-4759-a452-534acce69a42,prefix-reuse-B,last_token_latency_ms,26,26,2688.433379153846,2545.6452930000005,5.2452543201200195,5.311200465707146,-6.42265981541467,-4.644501115592273
hybrid,5d42d931-e533-4759-a452-534acce69a42,engram-repeated-text,output_tokens_per_second,26,26,11.848623883266814,11.939244462041929,1.8941389732711593,1.8317002628819736,-0.13337516024173657,1.9821502529108836
hybrid,5d42d931-e533-4759-a452-534acce69a42,engram-repeated-text,ttft_ms,26,26,402.4953645,499.70323911538463,30.49257045729856,28.895895300524547,13.53865241349927,33.027059931735415
hybrid,5d42d931-e533-4759-a452-534acce69a42,engram-repeated-text,average_tpot_ms,26,26,161.36288143796526,154.39891211290325,4.294375307911257,4.31571949075492,-4.948107911188202,-3.852047859801765
hybrid,5d42d931-e533-4759-a452-534acce69a42,engram-repeated-text,exact_itl_ms,26,26,161.36288143796526,154.39891211290325,4.294375307911258,4.31571949075492,-4.948107911188202,-3.852047859801765
hybrid,5d42d931-e533-4759-a452-534acce69a42,engram-repeated-text,request_latency_ms,26,26,5405.452430538461,5286.069514615385,2.1303464412331685,2.2085647308376033,-3.4585659004192753,-1.2695414060160752
hybrid,5d42d931-e533-4759-a452-534acce69a42,engram-repeated-text,last_token_latency_ms,26,26,5404.744689076923,5286.069514615385,2.1175109714963813,2.1957591207107816,-3.445880614596787,-1.256499369976446
hybrid,5d42d931-e533-4759-a452-534acce69a42,engram-distinct-text,output_tokens_per_second,26,26,11.799727415856275,11.929651983803234,2.4559850471700293,2.3224721688229395,-0.06688295794276237,2.685804453756484
hybrid,5d42d931-e533-4759-a452-534acce69a42,engram-distinct-text,ttft_ms,26,26,400.83849528846156,501.8528027692308,27.267332305128825,25.20075009464218,19.446134141507574,31.836329468159757
hybrid,5d42d931-e533-4759-a452-534acce69a42,engram-distinct-text,average_tpot_ms,26,26,162.28105378101736,154.4682353870968,4.6500163765893054,4.814374945126513,-6.6053747616203395,-3.686518424605039
hybrid,5d42d931-e533-4759-a452-534acce69a42,engram-distinct-text,exact_itl_ms,26,26,162.28105378101736,154.4682353870968,4.650016376589305,4.814374945126512,-6.6053747616203395,-3.686518424605039
hybrid,5d42d931-e533-4759-a452-534acce69a42,engram-distinct-text,request_latency_ms,26,26,5432.241852057692,5290.368099769231,2.5071963028557405,2.6620098357563022,-4.330652974790777,-1.3426115126095315
hybrid,5d42d931-e533-4759-a452-534acce69a42,engram-distinct-text,last_token_latency_ms,26,26,5431.5511625,5290.368099769231,2.500053791197377,2.654780641729659,-4.318606907901421,-1.3298172153495413
silicon,c8bd9839-4f15-4c4e-814d-2827d57279c5,short,output_tokens_per_second,73,73,5.516440265061164,5.891819773483683,6.810288001389456,6.804741651967424,6.6356103110235685,6.993370733143051
silicon,c8bd9839-4f15-4c4e-814d-2827d57279c5,short,ttft_ms,73,73,342.6378472876712,323.282127,5.642038423530095,5.649031606079582,-5.849173342564802,-5.470823914737108
silicon,c8bd9839-4f15-4c4e-814d-2827d57279c5,short,average_tpot_ms,73,73,158.18637189432485,147.752121,6.590596547548178,6.596175618273476,-6.77302013405799,-6.432033283098106
silicon,c8bd9839-4f15-4c4e-814d-2827d57279c5,short,exact_itl_ms,73,73,158.18637189432485,147.752121,6.59059654754818,6.596175618273476,-6.77302013405799,-6.432033283098106
silicon,c8bd9839-4f15-4c4e-814d-2827d57279c5,short,request_latency_ms,73,73,1450.285919890411,1357.546974,6.3896651364307315,6.394528459423963,-6.563074432309243,-6.24448363994784
silicon,c8bd9839-4f15-4c4e-814d-2827d57279c5,short,last_token_latency_ms,73,73,1449.9424505479453,1357.546974,6.367578423807013,6.37235474504717,-6.537592051236889,-6.223403647085213
silicon,c8bd9839-4f15-4c4e-814d-2827d57279c5,boundary-127,output_tokens_per_second,73,73,5.847020223604452,6.290245898024012,7.677625303011439,7.580368417920907,7.158526568669227,8.345568542871991
silicon,c8bd9839-4f15-4c4e-814d-2827d57279c5,boundary-127,ttft_ms,73,73,348.73019160273975,332.86582,4.540940191985364,4.549182142741402,-4.770501548476078,-4.355152182015981
silicon,c8bd9839-4f15-4c4e-814d-2827d57279c5,boundary-127,average_tpot_ms,73,73,159.32192700821918,147.3644445333333,7.39863441453676,7.505233397201498,-8.421960373453937,-7.001496645710406
silicon,c8bd9839-4f15-4c4e-814d-2827d57279c5,boundary-127,exact_itl_ms,73,73,159.32192700821918,147.3644445333333,7.398634414536759,7.505233397201495,-8.421960373453926,-7.001496645710406
silicon,c8bd9839-4f15-4c4e-814d-2827d57279c5,boundary-127,request_latency_ms,73,73,2738.9104592054796,2543.3324879999996,7.0567719207110935,7.140721616077012,-7.950941114869245,-6.692594656040704
silicon,c8bd9839-4f15-4c4e-814d-2827d57279c5,boundary-127,last_token_latency_ms,73,73,2738.5590967260273,2543.3324879999996,7.044836183147742,7.128807589342254,-7.939391230661998,-6.680651205804363
silicon,c8bd9839-4f15-4c4e-814d-2827d57279c5,boundary-128,output_tokens_per_second,73,73,5.842193258707215,6.295386461268474,7.817101537674821,7.75724428297232,7.317938546373685,8.410563776109898
silicon,c8bd9839-4f15-4c4e-814d-2827d57279c5,boundary-128,ttft_ms,73,73,354.2521514383562,331.112659,5.748751482538505,6.531927144098854,-9.468545120776213,-4.94076189168933
silicon,c8bd9839-4f15-4c4e-814d-2827d57279c5,boundary-128,average_tpot_ms,73,73,159.04128907123288,147.34264973333333,7.3177927956230056,7.355724671383825,-7.904148258438108,-7.0344939041796835
silicon,c8bd9839-4f15-4c4e-814d-2827d57279c5,boundary-128,exact_itl_ms,73,73,159.04128907123288,147.34264973333333,7.3177927956230056,7.355724671383825,-7.904148258438108,-7.0344939041796835
silicon,c8bd9839-4f15-4c4e-814d-2827d57279c5,boundary-128,request_latency_ms,73,73,2740.2189336849315,2541.2524049999997,7.209452067721906,7.260971969760451,-7.889116071658133,-6.831948013999283
silicon,c8bd9839-4f15-4c4e-814d-2827d57279c5,boundary-128,last_token_latency_ms,73,73,2739.8714875068495,2541.2524049999997,7.1976886198498615,7.249211629541909,-7.877594762813888,-6.820068335346505
silicon,c8bd9839-4f15-4c4e-814d-2827d57279c5,boundary-129,output_tokens_per_second,73,73,5.8430110603309355,6.296631970055279,7.817597347031133,7.7634785394134,7.347881408020483,8.368489626019397
silicon,c8bd9839-4f15-4c4e-814d-2827d57279c5,boundary-129,ttft_ms,73,73,348.6857215479452,330.080979,5.330916264156707,5.335676627466088,-5.494067377940906,-5.186311389024669
silicon,c8bd9839-4f15-4c4e-814d-2827d57279c5,boundary-129,average_tpot_ms,73,73,159.37699950776255,147.37760526666668,7.469768170819014,7.528937223160258,-8.188853704103776,-7.072365518363622
silicon,c8bd9839-4f15-4c4e-814d-2827d57279c5,boundary-129,exact_itl_ms,73,73,159.37699950776255,147.37760526666668,7.469768170819015,7.52893722316026,-8.188853704103776,-7.072365518363622
silicon,c8bd9839-4f15-4c4e-814d-2827d57279c5,boundary-129,request_latency_ms,73,73,2739.6894793561646,2540.7450580000004,7.214990778905211,7.261568249074591,-7.842653968506768,-6.8570842827062615
silicon,c8bd9839-4f15-4c4e-814d-2827d57279c5,boundary-129,last_token_latency_ms,73,73,2739.3407141643834,2540.7450580000004,7.203179274764115,7.24976105153694,-7.830798555782079,-6.845025257735294
silicon,c8bd9839-4f15-4c4e-814d-2827d57279c5,heldout-single-192,output_tokens_per_second,73,73,6.040540295495907,6.525840250004741,8.111629086236432,8.034048789819279,7.485828438172422,8.709560632086546
silicon,c8bd9839-4f15-4c4e-814d-2827d57279c5,heldout-single-192,ttft_ms,73,73,361.0095478493151,333.398732,5.99321906318059,7.648223160247217,-11.98933049154891,-4.483307546656271
silicon,c8bd9839-4f15-4c4e-814d-2827d57279c5,heldout-single-192,average_tpot_ms,73,73,159.3551439385771,147.41547748387097,7.436396072439053,7.49248888966411,-8.124306226805924,-7.047666533209356
silicon,c8bd9839-4f15-4c4e-814d-2827d57279c5,heldout-single-192,exact_itl_ms,73,73,159.3551439385771,147.41547748387097,7.436396072439052,7.49248888966411,-8.124306226805924,-7.047666533209356
silicon,c8bd9839-4f15-4c4e-814d-2827d57279c5,heldout-single-192,request_latency_ms,73,73,5301.343674780822,4903.278534,7.4423388604153216,7.508759386313115,-8.149475864158727,-6.9813459014044685
silicon,c8bd9839-4f15-4c4e-814d-2827d57279c5,heldout-single-192,last_token_latency_ms,73,73,5301.019009945206,4903.278534,7.436677653388498,7.50309469177543,-8.143942293758608,-6.975588964595481
silicon,c8bd9839-4f15-4c4e-814d-2827d57279c5,heldout-burst-192,output_tokens_per_second,73,73,11.651816412728344,11.960589796938716,2.7543485585106695,2.6500021393494566,2.02151500227149,3.448832290780214
silicon,c8bd9839-4f15-4c4e-814d-2827d57279c5,heldout-burst-192,ttft_ms,73,73,391.84845381506847,501.85801580136985,29.761347474342475,28.07451730770895,24.61856873617087,31.66639132195764
silicon,c8bd9839-4f15-4c4e-814d-2827d57279c5,heldout-burst-192,average_tpot_ms,73,73,164.69228943570482,154.0228950483871,6.391382360412251,6.4783812429075445,-7.26865828631137,-5.898545168989517
silicon,c8bd9839-4f15-4c4e-814d-2827d57279c5,heldout-burst-192,exact_itl_ms,73,73,164.69228943570482,154.0228950483871,6.391382360412252,6.478381242907544,-7.268658286311379,-5.898545168989517
silicon,c8bd9839-4f15-4c4e-814d-2827d57279c5,heldout-burst-192,request_latency_ms,73,73,5497.984573513699,5276.567762301371,3.929668075283814,4.0272359489510725,-4.862549170353169,-3.3736459260544245
silicon,c8bd9839-4f15-4c4e-814d-2827d57279c5,heldout-burst-192,last_token_latency_ms,73,73,5497.309426321918,5276.567762301371,3.9178675726659318,4.015449138875171,-4.8509484699748135,-3.3616986973076144
silicon,c8bd9839-4f15-4c4e-814d-2827d57279c5,heldout-single-384,output_tokens_per_second,73,73,6.055622761637232,6.519188687442999,7.678211024527201,7.6551321648119774,7.363036551800739,8.057838686659442
silicon,c8bd9839-4f15-4c4e-814d-2827d57279c5,heldout-single-384,ttft_ms,73,73,352.5339959726027,333.291017,5.45478215525591,5.458474698167323,-5.594518954654767,-5.326622368260893
silicon,c8bd9839-4f15-4c4e-814d-2827d57279c5,heldout-single-384,average_tpot_ms,73,73,159.11595712593902,147.57950370967743,7.227770879022882,7.250343475689602,-7.646916633788099,-6.962055677623298
silicon,c8bd9839-4f15-4c4e-814d-2827d57279c5,heldout-single-384,exact_itl_ms,73,73,159.11595712593902,147.57950370967743,7.227770879022881,7.250343475689602,-7.646916633788099,-6.962055677623298
silicon,c8bd9839-4f15-4c4e-814d-2827d57279c5,heldout-single-384,request_latency_ms,73,73,5285.477881958904,4908.255632,7.117048359145818,7.1369563620063365,-7.50829639086323,-6.865666553555202
silicon,c8bd9839-4f15-4c4e-814d-2827d57279c5,heldout-single-384,last_token_latency_ms,73,73,5285.1286668767125,4908.255632,7.110913211498317,7.130820432786702,-7.502161847381259,-6.859599584198559
silicon,c8bd9839-4f15-4c4e-814d-2827d57279c5,heldout-burst-384,output_tokens_per_second,73,73,11.628147668514954,11.929547886187365,2.6703335834896684,2.5926450973839934,2.0103032548221518,3.268241962157226
silicon,c8bd9839-4f15-4c4e-814d-2827d57279c5,heldout-burst-384,ttft_ms,73,73,400.9493022260274,501.8489315479452,27.057705548693942,25.1651839177008,21.71349223315174,28.81422986505878
silicon,c8bd9839-4f15-4c4e-814d-2827d57279c5,heldout-burst-384,average_tpot_ms,73,73,164.71225943725145,154.4682353870968,6.162004931842823,6.219345229768518,-6.841132790302982,-5.7279812738259395
silicon,c8bd9839-4f15-4c4e-814d-2827d57279c5,heldout-burst-384,exact_itl_ms,73,73,164.71225943725145,154.4682353870968,6.162004931842823,6.219345229768516,-6.841132790302982,-5.7279812738259395
silicon,c8bd9839-4f15-4c4e-814d-2827d57279c5,heldout-burst-384,request_latency_ms,73,73,5507.729170671233,5290.3642285479455,3.8737889462863766,3.9465437640027754,-4.63603021931514,-3.360028264909595
silicon,c8bd9839-4f15-4c4e-814d-2827d57279c5,heldout-burst-384,last_token_latency_ms,73,73,5507.029344780822,5290.3642285479455,3.861568017910732,3.934337419832645,-4.623794534621695,-3.3476144063512154
silicon,c8bd9839-4f15-4c4e-814d-2827d57279c5,heldout-single-768,output_tokens_per_second,73,73,6.049842570972655,6.454452165589112,6.767041225014695,6.687935923453408,6.2502318703531055,7.414936827108668
silicon,c8bd9839-4f15-4c4e-814d-2827d57279c5,heldout-single-768,ttft_ms,73,73,353.0866392739726,378.983054,7.338018246408337,7.334294715675559,7.185993680340653,7.476636659583627
silicon,c8bd9839-4f15-4c4e-814d-2827d57279c5,heldout-single-768,average_tpot_ms,73,73,159.35093996774194,147.69237667741933,7.2386311086366995,7.316281468237781,-8.14101236303664,-6.835012080088617
silicon,c8bd9839-4f15-4c4e-814d-2827d57279c5,heldout-single-768,exact_itl_ms,73,73,159.35093996774194,147.69237667741933,7.238631108636697,7.316281468237778,-8.14101236303664,-6.835012080088617
silicon,c8bd9839-4f15-4c4e-814d-2827d57279c5,heldout-single-768,request_latency_ms,73,73,5293.31575509589,4957.446730999999,6.275711635834316,6.3451537681754395,-7.125075845065045,-5.890996540521899
silicon,c8bd9839-4f15-4c4e-814d-2827d57279c5,heldout-single-768,last_token_latency_ms,73,73,5292.965778273972,4957.446730999999,6.269527070344507,6.338961204910444,-7.118877909971585,-5.8847936133658845
silicon,c8bd9839-4f15-4c4e-814d-2827d57279c5,heldout-burst-768,output_tokens_per_second,73,73,11.60727303231509,11.671868540137943,2.008277682455543,1.9524724231892778,-0.007268334254962025,1.2273489063737433
silicon,c8bd9839-4f15-4c4e-814d-2827d57279c5,heldout-burst-768,ttft_ms,73,73,407.44341688356167,570.7581518150685,42.159979465991526,40.08280123425791,36.34002224836208,44.072404553842745
silicon,c8bd9839-4f15-4c4e-814d-2827d57279c5,heldout-burst-768,average_tpot_ms,73,73,164.83073771807335,156.06161266129033,5.249965312134435,5.3200787536252765,-6.039371450837853,-4.815848201944015
silicon,c8bd9839-4f15-4c4e-814d-2827d57279c5,heldout-burst-768,exact_itl_ms,73,73,164.83073771807335,156.06161266129033,5.249965312134436,5.320078753625278,-6.039371450837853,-4.815848201944015
silicon,c8bd9839-4f15-4c4e-814d-2827d57279c5,heldout-burst-768,request_latency_ms,73,73,5517.978157534247,5408.668144315068,2.0058882923137156,2.0837986118081444,-2.712489672435306,-1.3812751550358537
silicon,c8bd9839-4f15-4c4e-814d-2827d57279c5,heldout-burst-768,last_token_latency_ms,73,73,5517.196286143836,5408.668144315068,1.9986522324814835,2.076435820869106,-2.699034316987304,-1.3675199974970402
silicon,c8bd9839-4f15-4c4e-814d-2827d57279c5,prefix-cold-control,output_tokens_per_second,73,73,5.832014851865494,6.166315032769312,5.835113722158412,5.732155856854249,5.301068188997081,6.481246239224304
silicon,c8bd9839-4f15-4c4e-814d-2827d57279c5,prefix-cold-control,ttft_ms,73,73,354.7408910136986,378.98305400000004,6.8648718068042305,6.848318118305299,6.486226180523157,7.123503124570131
silicon,c8bd9839-4f15-4c4e-814d-2827d57279c5,prefix-cold-control,average_tpot_ms,73,73,159.40252762009132,147.6922612,7.233066581858836,7.346349267434926,-8.269999815488921,-6.828299404394889
silicon,c8bd9839-4f15-4c4e-814d-2827d57279c5,prefix-cold-control,exact_itl_ms,73,73,159.40252762009132,147.6922612,7.233066581858835,7.346349267434926,-8.269999815488921,-6.828299404394889
silicon,c8bd9839-4f15-4c4e-814d-2827d57279c5,prefix-cold-control,request_latency_ms,73,73,2746.149015219178,2594.3669720000003,5.435083050666812,5.527086927111416,-6.360673664377508,-5.050124736757293
silicon,c8bd9839-4f15-4c4e-814d-2827d57279c5,prefix-cold-control,last_token_latency_ms,73,73,2745.7788053150684,2594.3669720000003,5.422330249128995,5.514349263020641,-6.347979595127441,-5.03745669882661
silicon,c8bd9839-4f15-4c4e-814d-2827d57279c5,prefix-reuse-B,output_tokens_per_second,73,73,5.837945452441894,6.284322506579112,7.716458337793341,7.646132663855365,7.168896773984398,8.322742762022536
silicon,c8bd9839-4f15-4c4e-814d-2827d57279c5,prefix-reuse-B,ttft_ms,73,73,349.0343407945206,330.2613750000001,5.373307119049822,5.378544057237126,-5.54328324675942,-5.219962246320766
silicon,c8bd9839-4f15-4c4e-814d-2827d57279c5,prefix-reuse-B,average_tpot_ms,73,73,159.53883205296805,147.69226120000002,7.34938335323038,7.4255093261776315,-8.16755346146472,-6.892189285279608
silicon,c8bd9839-4f15-4c4e-814d-2827d57279c5,prefix-reuse-B,exact_itl_ms,73,73,159.53883205296805,147.69226120000002,7.3493833532303805,7.425509326177632,-8.16755346146472,-6.892189285279608
silicon,c8bd9839-4f15-4c4e-814d-2827d57279c5,prefix-reuse-B,request_latency_ms,73,73,2742.480885643836,2545.6452930000005,7.116635238753331,7.177282207296953,-7.8365663434080215,-6.705846753820789
silicon,c8bd9839-4f15-4c4e-814d-2827d57279c5,prefix-reuse-B,last_token_latency_ms,73,73,2742.116821589041,2545.6452930000005,7.104306869593717,7.164958365092055,-7.82420068673837,-6.693135274801909
silicon,c8bd9839-4f15-4c4e-814d-2827d57279c5,engram-repeated-text,output_tokens_per_second,73,73,11.588216189282027,11.939123281504934,3.066363301049664,3.028137260223548,2.5862188294082555,3.484853870444829
silicon,c8bd9839-4f15-4c4e-814d-2827d57279c5,engram-repeated-text,ttft_ms,73,73,416.0428120342466,499.7020419931507,21.933440369312116,20.108322398325136,16.937874294955968,23.539197339364243
silicon,c8bd9839-4f15-4c4e-814d-2827d57279c5,engram-repeated-text,average_tpot_ms,73,73,164.7679743150685,154.39891211290325,6.27262878375628,6.293129623805159,-6.648205345786337,-5.998329187433057
silicon,c8bd9839-4f15-4c4e-814d-2827d57279c5,engram-repeated-text,exact_itl_ms,73,73,164.7679743150685,154.39891211290325,6.272628783756281,6.293129623805159,-6.648205345786337,-5.998329187433057
silicon,c8bd9839-4f15-4c4e-814d-2827d57279c5,engram-repeated-text,request_latency_ms,73,73,5524.566503609589,5286.068317493151,4.281543748538502,4.317047970381213,-4.741485868008478,-3.901966381925416
silicon,c8bd9839-4f15-4c4e-814d-2827d57279c5,engram-repeated-text,last_token_latency_ms,73,73,5523.85001580137,5286.068317493151,4.2691259819336755,4.304637121356071,-4.729184864911218,-3.889351123955666
silicon,c8bd9839-4f15-4c4e-814d-2827d57279c5,engram-distinct-text,output_tokens_per_second,73,73,11.616419724151624,11.929571190128234,2.796544340361237,2.6957657644337565,2.085945342528119,3.4662268148244766
silicon,c8bd9839-4f15-4c4e-814d-2827d57279c5,engram-distinct-text,ttft_ms,73,73,404.0853705,501.85024729452056,26.14107771397977,24.194114395566952,20.625833070438215,27.858396353441822
silicon,c8bd9839-4f15-4c4e-814d-2827d57279c5,engram-distinct-text,average_tpot_ms,73,73,164.83082649381353,154.4682353870968,6.209939546357295,6.286804068840643,-7.073725101408225,-5.7673742944271185
silicon,c8bd9839-4f15-4c4e-814d-2827d57279c5,engram-distinct-text,exact_itl_ms,73,73,164.83082649381353,154.4682353870968,6.209939546357295,6.2868040688406435,-7.073725101408225,-5.7673742944271185
silicon,c8bd9839-4f15-4c4e-814d-2827d57279c5,engram-distinct-text,request_latency_ms,73,73,5514.533758315069,5290.365544294521,3.970894179338101,4.065043825011253,-4.901899243239978,-3.4308026836963363
silicon,c8bd9839-4f15-4c4e-814d-2827d57279c5,engram-distinct-text,last_token_latency_ms,73,73,5513.840991808219,5290.365544294521,3.9588235392722684,4.052990426196738,-4.8897445836075315,-3.418306434747964
silicon,5d42d931-e533-4759-a452-534acce69a42,short,output_tokens_per_second,26,26,5.628123490268648,5.891945277760648,4.690908553883016,4.687562167890641,4.467557023479313,4.921699810173159
silicon,5d42d931-e533-4759-a452-534acce69a42,short,ttft_ms,26,26,335.5257681153846,323.282127,3.637468327154626,3.6490911515249476,-4.121323433793356,-3.314520135876417
silicon,5d42d931-e533-4759-a452-534acce69a42,short,average_tpot_ms,26,26,155.09016617582418,147.752121,4.728822373722926,4.731470316116053,-4.9193769820335,-4.536786317557365
silicon,5d42d931-e533-4759-a452-534acce69a42,short,exact_itl_ms,26,26,155.09016617582418,147.752121,4.728822373722927,4.731470316116055,-4.9193769820335,-4.536786317557365
silicon,5d42d931-e533-4759-a452-534acce69a42,short,request_latency_ms,26,26,1421.4783736153845,1357.546974,4.494474831093476,4.497528826469702,-4.712853136912156,-4.2953758823177495
silicon,5d42d931-e533-4759-a452-534acce69a42,short,last_token_latency_ms,26,26,1421.156931346154,1357.546974,4.472884193647635,4.4759277419067995,-4.69012735894318,-4.274105962502544
silicon,5d42d931-e533-4759-a452-534acce69a42,boundary-127,output_tokens_per_second,26,26,5.955902801573915,6.290305919816353,5.695483761641032,5.614650362562473,4.964645664251999,6.793915502869067
silicon,5d42d931-e533-4759-a452-534acce69a42,boundary-127,ttft_ms,26,26,340.9909111538461,332.86582,2.377020945292656,2.3827881882107738,-2.68934721115267,-2.1150728549669546
silicon,5d42d931-e533-4759-a452-534acce69a42,boundary-127,average_tpot_ms,26,26,156.47524256153847,147.3644445333333,5.728465553946255,5.822517274336262,-7.155701689763651,-5.079074376278951
silicon,5d42d931-e533-4759-a452-534acce69a42,boundary-127,exact_itl_ms,26,26,156.47524256153847,147.3644445333333,5.728465553946253,5.822517274336261,-7.155701689763629,-5.079074376278951
silicon,5d42d931-e533-4759-a452-534acce69a42,boundary-127,request_latency_ms,26,26,2688.466616730769,2543.3324879999996,5.325993183667792,5.398398024642599,-6.5640276479434005,-4.740820437750059
silicon,5d42d931-e533-4759-a452-534acce69a42,boundary-127,last_token_latency_ms,26,26,2688.119549576923,2543.3324879999996,5.313783410198786,5.3861838696761515,-6.551234751797218,-4.728896604257685
silicon,5d42d931-e533-4759-a452-534acce69a42,boundary-128,output_tokens_per_second,26,26,5.99701774745756,6.295440101649363,4.978146264114103,4.976179273745173,4.811977552853968,5.15304779151997
silicon,5d42d931-e533-4759-a452-534acce69a42,boundary-128,ttft_ms,26,26,341.2049388076923,331.112659,2.951886275306981,2.957835206887335,-3.2610339263585946,-2.67434927377949
silicon,5d42d931-e533-4759-a452-534acce69a42,boundary-128,average_tpot_ms,26,26,155.0998859025641,147.34264973333333,4.999400713494114,5.001445438911524,-5.170467670779039,-4.838571314363414
silicon,5d42d931-e533-4759-a452-534acce69a42,boundary-128,exact_itl_ms,26,26,155.0998859025641,147.34264973333333,4.999400713494112,5.001445438911523,-5.170467670779039,-4.838571314363414
silicon,5d42d931-e533-4759-a452-534acce69a42,boundary-128,request_latency_ms,26,26,2668.0427374615383,2541.2524049999997,4.75040141528621,4.752185213576114,-4.912244000461266,-4.602430644672956
silicon,5d42d931-e533-4759-a452-534acce69a42,boundary-128,last_token_latency_ms,26,26,2667.7032273461537,2541.2524049999997,4.73828249360021,4.740063326757225,-4.900092880832426,-4.590327389543232
silicon,5d42d931-e533-4759-a452-534acce69a42,boundary-129,output_tokens_per_second,26,26,5.988693022992864,6.296682308255815,5.1464625153846715,5.142846428769399,4.91123444943197,5.3836667415272785
silicon,5d42d931-e533-4759-a452-534acce69a42,boundary-129,ttft_ms,26,26,342.3167595,330.080979,3.546716758954139,3.5744029938446467,-4.307637140698318,-3.061542228738599
silicon,5d42d931-e533-4759-a452-534acce69a42,boundary-129,average_tpot_ms,26,26,155.2759312102564,147.37760526666668,5.083311889001897,5.0866389156570255,-5.309320484918822,-4.870006988003692
silicon,5d42d931-e533-4759-a452-534acce69a42,boundary-129,exact_itl_ms,26,26,155.2759312102564,147.37760526666668,5.083311889001896,5.086638915657025,-5.309320484918822,-4.870006988003692
silicon,5d42d931-e533-4759-a452-534acce69a42,boundary-129,request_latency_ms,26,26,2671.793450730769,2540.745058,4.901611237198739,4.904884870307833,-5.122393035799842,-4.6939112544800246
silicon,5d42d931-e533-4759-a452-534acce69a42,boundary-129,last_token_latency_ms,26,26,2671.455727653846,2540.745058,4.889593646727681,4.8928630297249995,-5.110693656920504,-4.682059734291844
silicon,5d42d931-e533-4759-a452-534acce69a42,heldout-single-192,output_tokens_per_second,26,26,6.2003602925893455,6.525873037192898,5.251588912728239,5.249900477438457,5.07916292301175,5.408109313460797
silicon,5d42d931-e533-4759-a452-534acce69a42,heldout-single-192,ttft_ms,26,26,342.3032035,333.398732,2.5958686131791975,2.6013403932399974,-2.8942852241342094,-2.3226717362084224
silicon,5d42d931-e533-4759-a452-534acce69a42,heldout-single-192,average_tpot_ms,26,26,155.43398146774194,147.41547748387097,5.1572291965300225,5.158784397178353,-5.3022353110313265,-5.003912920818029
silicon,5d42d931-e533-4759-a452-534acce69a42,heldout-single-192,exact_itl_ms,26,26,155.43398146774194,147.41547748387097,5.1572291965300225,5.158784397178353,-5.3022353110313265,-5.003912920818028
silicon,5d42d931-e533-4759-a452-534acce69a42,heldout-single-192,request_latency_ms,26,26,5161.073192423077,4903.278534,4.993457732127188,4.994981640670054,-5.1369726349743745,-4.840508641046812
silicon,5d42d931-e533-4759-a452-534acce69a42,heldout-single-192,last_token_latency_ms,26,26,5160.756629,4903.278534,4.987631179320343,4.989153984769305,-5.131196305206982,-4.834673962730699
silicon,5d42d931-e533-4759-a452-534acce69a42,heldout-burst-192,output_tokens_per_second,26,26,11.9474965403569,11.960692439327863,1.3024951567068455,1.2932941994763076,-0.4241888456500531,0.7027162904466582
silicon,5d42d931-e533-4759-a452-534acce69a42,heldout-burst-192,ttft_ms,26,26,382.78445640384615,501.86018892307686,32.7006087782123,31.107776328724068,25.21303634819533,36.47327406563515
silicon,5d42d931-e533-4759-a452-534acce69a42,heldout-burst-192,average_tpot_ms,26,26,160.4592826674938,154.0228950483871,4.0056143703667555,4.011227965193054,-4.296765412547651,-3.73928270422605
silicon,5d42d931-e533-4759-a452-534acce69a42,heldout-burst-192,exact_itl_ms,26,26,160.4592826674938,154.0228950483871,4.005614370366759,4.011227965193056,-4.296765412547651,-3.73928270422605
silicon,5d42d931-e533-4759-a452-534acce69a42,heldout-burst-192,request_latency_ms,26,26,5357.669643230769,5276.569935423077,1.4919102989725412,1.5137123639222192,-2.095287841066804,-0.976161368308269
silicon,5d42d931-e533-4759-a452-534acce69a42,heldout-burst-192,last_token_latency_ms,26,26,5357.022219096154,5276.569935423077,1.4799955165290937,1.501809781305149,-2.083621664648341,-0.9640766091996623
silicon,5d42d931-e533-4759-a452-534acce69a42,heldout-single-384,output_tokens_per_second,26,26,6.18296215699042,6.519222053742224,5.460081830915249,5.438491910736206,5.055677470773698,6.076147048720933
silicon,5d42d931-e533-4759-a452-534acce69a42,heldout-single-384,ttft_ms,26,26,344.6959261923077,333.291017,3.3040736732922693,3.308686968915559,-3.573392990784759,-3.0650740358439075
silicon,5d42d931-e533-4759-a452-534acce69a42,heldout-single-384,average_tpot_ms,26,26,155.8557978387097,147.57950370967743,5.288008147384434,5.310225377433263,-5.952856667168623,-4.923595733374052
silicon,5d42d931-e533-4759-a452-534acce69a42,heldout-single-384,exact_itl_ms,26,26,155.8557978387097,147.57950370967743,5.288008147384435,5.310225377433263,-5.952856667168613,-4.92359573337404
silicon,5d42d931-e533-4759-a452-534acce69a42,heldout-single-384,request_latency_ms,26,26,5176.572546692308,4908.255632,5.163878657840327,5.183292850087746,-5.784313635263588,-4.81916671805821
silicon,5d42d931-e533-4759-a452-534acce69a42,heldout-single-384,last_token_latency_ms,26,26,5176.225659192308,4908.255632,5.1575259561025115,5.176938658314233,-5.77802023874915,-4.8126718128211285
silicon,5d42d931-e533-4759-a452-534acce69a42,heldout-burst-384,output_tokens_per_second,26,26,11.865020561877488,11.929978315109395,1.9344936230711614,1.8976670204712305,-0.28646389779991843,1.5478187305421138
silicon,5d42d931-e533-4759-a452-534acce69a42,heldout-burst-384,ttft_ms,26,26,395.0445924807692,501.7676495769231,28.979422756526624,27.015445630064953,21.07943988214377,33.44711848831447
silicon,5d42d931-e533-4759-a452-534acce69a42,heldout-burst-384,average_tpot_ms,26,26,161.3328736687345,154.4655691073201,4.21907004696648,4.256605864168167,-5.078673604641132,-3.645459867730888
silicon,5d42d931-e533-4759-a452-534acce69a42,heldout-burst-384,exact_itl_ms,26,26,161.3328736687345,154.4655691073201,4.219070046966478,4.256605864168165,-5.078673604641132,-3.645459867730888
silicon,5d42d931-e533-4759-a452-534acce69a42,heldout-burst-384,request_latency_ms,26,26,5397.047726769231,5290.200291903847,2.038648970711261,2.096504732726601,-2.985760339632154,-1.1215826930173216
silicon,5d42d931-e533-4759-a452-534acce69a42,heldout-burst-384,last_token_latency_ms,26,26,5396.363676211538,5290.200291903847,2.0310626842566064,2.0888192856460956,-2.9735298826039767,-1.1091915708458593
silicon,5d42d931-e533-4759-a452-534acce69a42,heldout-single-768,output_tokens_per_second,26,26,6.1987411371135295,6.454472218238567,4.126573425652958,4.125532514882852,4.002125341781016,4.256872939100949
silicon,5d42d931-e533-4759-a452-534acce69a42,heldout-single-768,ttft_ms,26,26,345.90339457692306,378.983054,9.567829834932786,9.563265334107777,9.277950960839407,9.827911435102093
silicon,5d42d931-e533-4759-a452-534acce69a42,heldout-single-768,average_tpot_ms,26,26,155.35914684491314,147.6923766774193,4.933768320605839,4.934868865588692,-5.062807829041998,-4.814358171992446
silicon,5d42d931-e533-4759-a452-534acce69a42,heldout-single-768,exact_itl_ms,26,26,155.35914684491314,147.6923766774193,4.933768320605837,4.934868865588689,-5.062807829041997,-4.814358171992446
silicon,5d42d931-e533-4759-a452-534acce69a42,heldout-single-768,request_latency_ms,26,26,5162.390119884615,4957.446730999999,3.9689719171916127,3.969932223742843,-4.091068683902575,-3.8556092273822298
silicon,5d42d931-e533-4759-a452-534acce69a42,heldout-single-768,last_token_latency_ms,26,26,5162.036946769231,4957.446730999999,3.962402152818257,3.9633620967645053,-4.0843681871011865,-3.849076188669515
silicon,5d42d931-e533-4759-a452-534acce69a42,heldout-burst-768,output_tokens_per_second,26,26,11.821499181407328,11.691726992673757,2.6816214832425365,2.595727769751658,-2.232993315238195,0.5948846777956599
silicon,5d42d931-e533-4759-a452-534acce69a42,heldout-burst-768,ttft_ms,26,26,405.2817544230769,566.3135687307692,45.73829466011998,43.156906934018096,27.994671356943623,49.6674647248566
silicon,5d42d931-e533-4759-a452-534acce69a42,heldout-burst-768,average_tpot_ms,26,26,161.81238993672457,155.91813194913152,3.563357060925232,3.642649360718267,-4.962368064230027,-2.8210137563052005
silicon,5d42d931-e533-4759-a452-534acce69a42,heldout-burst-768,exact_itl_ms,26,26,161.81238993672457,155.91813194913152,3.5633570609252323,3.6426493607182673,-4.962368064230027,-2.8210137563052005
silicon,5d42d931-e533-4759-a452-534acce69a42,heldout-burst-768,request_latency_ms,26,26,5422.267563057692,5399.775659153846,2.3849716582107128,2.498609976599197,-2.3390559024377002,0.8778895057661642
silicon,5d42d931-e533-4759-a452-534acce69a42,heldout-burst-768,last_token_latency_ms,26,26,5421.465842461538,5399.775659153846,2.388011151618553,2.50136079532713,-2.3248312269241334,0.8929133129710346
silicon,5d42d931-e533-4759-a452-534acce69a42,prefix-cold-control,output_tokens_per_second,26,26,5.9508510600283016,6.166374744992418,3.698376353342673,3.621728771062392,2.9882832081457638,4.75477132596068
silicon,5d42d931-e533-4759-a452-534acce69a42,prefix-cold-control,ttft_ms,26,26,345.7061449615385,378.983054,9.629392621417196,9.62577886550549,9.38234166505313,9.869490556532554
silicon,5d42d931-e533-4759-a452-534acce69a42,prefix-cold-control,average_tpot_ms,26,26,156.30848355641027,147.6922612,5.422428693116846,5.512319075951339,-6.8087161207749585,-4.771268348865177
silicon,5d42d931-e533-4759-a452-534acce69a42,prefix-cold-control,exact_itl_ms,26,26,156.30848355641027,147.6922612,5.422428693116843,5.512319075951338,-6.8087161207749585,-4.771268348865177
silicon,5d42d931-e533-4759-a452-534acce69a42,prefix-cold-control,request_latency_ms,26,26,2690.679906653846,2594.3669720000003,3.5081784660711532,3.5795017614570797,-4.741492590463547,-2.9159037585109586
silicon,5d42d931-e533-4759-a452-534acce69a42,prefix-cold-control,last_token_latency_ms,26,26,2690.3333983076923,2594.3669720000003,3.4957743860134864,3.567083037665825,-4.729002535757813,-2.9036401800380944
silicon,5d42d931-e533-4759-a452-534acce69a42,prefix-reuse-B,output_tokens_per_second,26,26,5.95474847872312,6.284368636520599,5.6088981492664765,5.53541696975518,4.869037717907452,6.665841839210071
silicon,5d42d931-e533-4759-a452-534acce69a42,prefix-reuse-B,ttft_ms,26,26,340.1938625,330.2613750000001,2.911370423489652,2.9196551128255295,-3.3003072475349042,-2.63243113785843
silicon,5d42d931-e533-4759-a452-534acce69a42,prefix-reuse-B,average_tpot_ms,26,26,156.5493011102564,147.69226120000002,5.573097221040506,5.6576681259141735,-6.919888328881908,-4.910565736335272
silicon,5d42d931-e533-4759-a452-534acce69a42,prefix-reuse-B,exact_itl_ms,26,26,156.5493011102564,147.69226120000002,5.573097221040508,5.657668125914175,-6.919888328881908,-4.910565736335283
silicon,5d42d931-e533-4759-a452-534acce69a42,prefix-reuse-B,request_latency_ms,26,26,2688.802158692308,2545.6452930000005,5.2582660258723335,5.324187398076584,-6.435667090332708,-4.657947081996886
silicon,5d42d931-e533-4759-a452-534acce69a42,prefix-reuse-B,last_token_latency_ms,26,26,2688.433379153846,2545.6452930000005,5.2452543201200195,5.311200465707146,-6.42265981541467,-4.644501115592273
silicon,5d42d931-e533-4759-a452-534acce69a42,engram-repeated-text,output_tokens_per_second,26,26,11.848623883266814,11.939244462041929,1.8941389732711593,1.8317002628819736,-0.13337516024173657,1.9821502529108836
silicon,5d42d931-e533-4759-a452-534acce69a42,engram-repeated-text,ttft_ms,26,26,402.4953645,499.70323911538463,30.49257045729856,28.895895300524547,13.53865241349927,33.027059931735415
silicon,5d42d931-e533-4759-a452-534acce69a42,engram-repeated-text,average_tpot_ms,26,26,161.36288143796526,154.39891211290325,4.294375307911257,4.31571949075492,-4.948107911188202,-3.852047859801765
silicon,5d42d931-e533-4759-a452-534acce69a42,engram-repeated-text,exact_itl_ms,26,26,161.36288143796526,154.39891211290325,4.294375307911258,4.31571949075492,-4.948107911188202,-3.852047859801765
silicon,5d42d931-e533-4759-a452-534acce69a42,engram-repeated-text,request_latency_ms,26,26,5405.452430538461,5286.069514615385,2.1303464412331685,2.2085647308376033,-3.4585659004192753,-1.2695414060160752
silicon,5d42d931-e533-4759-a452-534acce69a42,engram-repeated-text,last_token_latency_ms,26,26,5404.744689076923,5286.069514615385,2.1175109714963813,2.1957591207107816,-3.445880614596787,-1.256499369976446
silicon,5d42d931-e533-4759-a452-534acce69a42,engram-distinct-text,output_tokens_per_second,26,26,11.799727415856275,11.929651983803234,2.4559850471700293,2.3224721688229395,-0.06688295794276237,2.685804453756484
silicon,5d42d931-e533-4759-a452-534acce69a42,engram-distinct-text,ttft_ms,26,26,400.83849528846156,501.8528027692308,27.267332305128825,25.20075009464218,19.446134141507574,31.836329468159757
silicon,5d42d931-e533-4759-a452-534acce69a42,engram-distinct-text,average_tpot_ms,26,26,162.28105378101736,154.4682353870968,4.6500163765893054,4.814374945126513,-6.6053747616203395,-3.686518424605039
silicon,5d42d931-e533-4759-a452-534acce69a42,engram-distinct-text,exact_itl_ms,26,26,162.28105378101736,154.4682353870968,4.650016376589305,4.814374945126512,-6.6053747616203395,-3.686518424605039
silicon,5d42d931-e533-4759-a452-534acce69a42,engram-distinct-text,request_latency_ms,26,26,5432.241852057692,5290.368099769231,2.5071963028557405,2.6620098357563022,-4.330652974790777,-1.3426115126095315
silicon,5d42d931-e533-4759-a452-534acce69a42,engram-distinct-text,last_token_latency_ms,26,26,5431.5511625,5290.368099769231,2.500053791197377,2.654780641729659,-4.318606907901421,-1.3298172153495413
