combo,model,tp,pp,adp,moe_tp,moe_ep,quant,phase,bs,isl
b300_sxm/vllm/0.24.0.csv,zai-org/GLM-5-FP8,1,1,8,1,8,fp8,ctx,1,1024
b300_sxm/vllm/0.24.0.csv,zai-org/GLM-5-FP8,1,1,8,1,8,fp8,ctx,1,32768
b300_sxm/vllm/0.24.0.csv,zai-org/GLM-5-FP8,1,1,8,1,8,fp8,ctx,1,8192
b300_sxm/vllm/0.24.0.csv,zai-org/GLM-5-FP8,1,1,8,1,8,fp8,ctx,4,4096
b300_sxm/vllm/0.24.0.csv,zai-org/GLM-5-FP8,1,1,8,1,8,fp8,gen,1,1024
b300_sxm/vllm/0.24.0.csv,zai-org/GLM-5-FP8,1,1,8,1,8,fp8,gen,128,1024
b300_sxm/vllm/0.24.0.csv,zai-org/GLM-5-FP8,1,1,8,1,8,fp8,gen,32,1024
b300_sxm/vllm/0.24.0.csv,zai-org/GLM-5-FP8,1,1,8,1,8,fp8,gen,32,8192
b300_sxm/vllm/0.24.0.csv,zai-org/GLM-5-FP8,1,1,8,1,8,fp8,gen,8,32768
b300_sxm/vllm/0.24.0.csv,zai-org/GLM-5-FP8,4,1,1,1,4,fp8,ctx,1,1024
b300_sxm/vllm/0.24.0.csv,zai-org/GLM-5-FP8,4,1,1,1,4,fp8,ctx,1,32768
b300_sxm/vllm/0.24.0.csv,zai-org/GLM-5-FP8,4,1,1,1,4,fp8,ctx,1,8192
b300_sxm/vllm/0.24.0.csv,zai-org/GLM-5-FP8,4,1,1,1,4,fp8,ctx,4,4096
b300_sxm/vllm/0.24.0.csv,zai-org/GLM-5-FP8,4,1,1,1,4,fp8,gen,1,1024
b300_sxm/vllm/0.24.0.csv,zai-org/GLM-5-FP8,4,1,1,1,4,fp8,gen,128,1024
b300_sxm/vllm/0.24.0.csv,zai-org/GLM-5-FP8,4,1,1,1,4,fp8,gen,32,1024
b300_sxm/vllm/0.24.0.csv,zai-org/GLM-5-FP8,4,1,1,1,4,fp8,gen,32,8192
b300_sxm/vllm/0.24.0.csv,zai-org/GLM-5-FP8,4,1,1,1,4,fp8,gen,8,32768
b300_sxm/vllm/0.24.0.csv,zai-org/GLM-5-FP8,8,1,1,1,8,fp8,ctx,1,1024
b300_sxm/vllm/0.24.0.csv,zai-org/GLM-5-FP8,8,1,1,1,8,fp8,ctx,1,32768
b300_sxm/vllm/0.24.0.csv,zai-org/GLM-5-FP8,8,1,1,1,8,fp8,ctx,1,8192
b300_sxm/vllm/0.24.0.csv,zai-org/GLM-5-FP8,8,1,1,1,8,fp8,ctx,4,4096
b300_sxm/vllm/0.24.0.csv,zai-org/GLM-5-FP8,8,1,1,1,8,fp8,gen,1,1024
b300_sxm/vllm/0.24.0.csv,zai-org/GLM-5-FP8,8,1,1,1,8,fp8,gen,128,1024
b300_sxm/vllm/0.24.0.csv,zai-org/GLM-5-FP8,8,1,1,1,8,fp8,gen,32,1024
b300_sxm/vllm/0.24.0.csv,zai-org/GLM-5-FP8,8,1,1,1,8,fp8,gen,32,8192
b300_sxm/vllm/0.24.0.csv,zai-org/GLM-5-FP8,8,1,1,1,8,fp8,gen,8,32768
b300_sxm/vllm/0.24.0.csv,zai-org/GLM-5.1-FP8,1,1,8,1,8,fp8,ctx,1,1024
b300_sxm/vllm/0.24.0.csv,zai-org/GLM-5.1-FP8,1,1,8,1,8,fp8,ctx,1,32768
b300_sxm/vllm/0.24.0.csv,zai-org/GLM-5.1-FP8,1,1,8,1,8,fp8,ctx,1,8192
b300_sxm/vllm/0.24.0.csv,zai-org/GLM-5.1-FP8,1,1,8,1,8,fp8,ctx,4,4096
b300_sxm/vllm/0.24.0.csv,zai-org/GLM-5.1-FP8,1,1,8,1,8,fp8,gen,1,1024
b300_sxm/vllm/0.24.0.csv,zai-org/GLM-5.1-FP8,1,1,8,1,8,fp8,gen,128,1024
b300_sxm/vllm/0.24.0.csv,zai-org/GLM-5.1-FP8,1,1,8,1,8,fp8,gen,32,1024
b300_sxm/vllm/0.24.0.csv,zai-org/GLM-5.1-FP8,1,1,8,1,8,fp8,gen,32,8192
b300_sxm/vllm/0.24.0.csv,zai-org/GLM-5.1-FP8,1,1,8,1,8,fp8,gen,8,32768
b300_sxm/vllm/0.24.0.csv,zai-org/GLM-5.1-FP8,4,1,1,1,4,fp8,ctx,1,1024
b300_sxm/vllm/0.24.0.csv,zai-org/GLM-5.1-FP8,4,1,1,1,4,fp8,ctx,1,32768
b300_sxm/vllm/0.24.0.csv,zai-org/GLM-5.1-FP8,4,1,1,1,4,fp8,ctx,1,8192
b300_sxm/vllm/0.24.0.csv,zai-org/GLM-5.1-FP8,4,1,1,1,4,fp8,ctx,4,4096
b300_sxm/vllm/0.24.0.csv,zai-org/GLM-5.1-FP8,4,1,1,1,4,fp8,gen,1,1024
b300_sxm/vllm/0.24.0.csv,zai-org/GLM-5.1-FP8,4,1,1,1,4,fp8,gen,128,1024
b300_sxm/vllm/0.24.0.csv,zai-org/GLM-5.1-FP8,4,1,1,1,4,fp8,gen,32,1024
b300_sxm/vllm/0.24.0.csv,zai-org/GLM-5.1-FP8,4,1,1,1,4,fp8,gen,32,8192
b300_sxm/vllm/0.24.0.csv,zai-org/GLM-5.1-FP8,4,1,1,1,4,fp8,gen,8,32768
b300_sxm/vllm/0.24.0.csv,zai-org/GLM-5.1-FP8,8,1,1,1,8,fp8,ctx,1,1024
b300_sxm/vllm/0.24.0.csv,zai-org/GLM-5.1-FP8,8,1,1,1,8,fp8,ctx,1,32768
b300_sxm/vllm/0.24.0.csv,zai-org/GLM-5.1-FP8,8,1,1,1,8,fp8,ctx,1,8192
b300_sxm/vllm/0.24.0.csv,zai-org/GLM-5.1-FP8,8,1,1,1,8,fp8,ctx,4,4096
b300_sxm/vllm/0.24.0.csv,zai-org/GLM-5.1-FP8,8,1,1,1,8,fp8,gen,1,1024
b300_sxm/vllm/0.24.0.csv,zai-org/GLM-5.1-FP8,8,1,1,1,8,fp8,gen,128,1024
b300_sxm/vllm/0.24.0.csv,zai-org/GLM-5.1-FP8,8,1,1,1,8,fp8,gen,32,1024
b300_sxm/vllm/0.24.0.csv,zai-org/GLM-5.1-FP8,8,1,1,1,8,fp8,gen,32,8192
b300_sxm/vllm/0.24.0.csv,zai-org/GLM-5.1-FP8,8,1,1,1,8,fp8,gen,8,32768
b300_sxm/vllm/0.24.0.csv,zai-org/GLM-5.2-FP8,1,1,8,1,8,fp8,ctx,1,1024
b300_sxm/vllm/0.24.0.csv,zai-org/GLM-5.2-FP8,1,1,8,1,8,fp8,ctx,1,32768
b300_sxm/vllm/0.24.0.csv,zai-org/GLM-5.2-FP8,1,1,8,1,8,fp8,ctx,1,8192
b300_sxm/vllm/0.24.0.csv,zai-org/GLM-5.2-FP8,1,1,8,1,8,fp8,ctx,4,4096
b300_sxm/vllm/0.24.0.csv,zai-org/GLM-5.2-FP8,1,1,8,1,8,fp8,gen,1,1024
b300_sxm/vllm/0.24.0.csv,zai-org/GLM-5.2-FP8,1,1,8,1,8,fp8,gen,128,1024
b300_sxm/vllm/0.24.0.csv,zai-org/GLM-5.2-FP8,1,1,8,1,8,fp8,gen,32,1024
b300_sxm/vllm/0.24.0.csv,zai-org/GLM-5.2-FP8,1,1,8,1,8,fp8,gen,32,8192
b300_sxm/vllm/0.24.0.csv,zai-org/GLM-5.2-FP8,1,1,8,1,8,fp8,gen,8,32768
b300_sxm/vllm/0.24.0.csv,zai-org/GLM-5.2-FP8,4,1,1,1,4,fp8,ctx,1,1024
b300_sxm/vllm/0.24.0.csv,zai-org/GLM-5.2-FP8,4,1,1,1,4,fp8,ctx,1,32768
b300_sxm/vllm/0.24.0.csv,zai-org/GLM-5.2-FP8,4,1,1,1,4,fp8,ctx,1,8192
b300_sxm/vllm/0.24.0.csv,zai-org/GLM-5.2-FP8,4,1,1,1,4,fp8,ctx,4,4096
b300_sxm/vllm/0.24.0.csv,zai-org/GLM-5.2-FP8,4,1,1,1,4,fp8,gen,1,1024
b300_sxm/vllm/0.24.0.csv,zai-org/GLM-5.2-FP8,4,1,1,1,4,fp8,gen,128,1024
b300_sxm/vllm/0.24.0.csv,zai-org/GLM-5.2-FP8,4,1,1,1,4,fp8,gen,32,1024
b300_sxm/vllm/0.24.0.csv,zai-org/GLM-5.2-FP8,4,1,1,1,4,fp8,gen,32,8192
b300_sxm/vllm/0.24.0.csv,zai-org/GLM-5.2-FP8,4,1,1,1,4,fp8,gen,8,32768
b300_sxm/vllm/0.24.0.csv,zai-org/GLM-5.2-FP8,8,1,1,1,8,fp8,ctx,1,1024
b300_sxm/vllm/0.24.0.csv,zai-org/GLM-5.2-FP8,8,1,1,1,8,fp8,ctx,1,32768
b300_sxm/vllm/0.24.0.csv,zai-org/GLM-5.2-FP8,8,1,1,1,8,fp8,ctx,1,8192
b300_sxm/vllm/0.24.0.csv,zai-org/GLM-5.2-FP8,8,1,1,1,8,fp8,ctx,4,4096
b300_sxm/vllm/0.24.0.csv,zai-org/GLM-5.2-FP8,8,1,1,1,8,fp8,gen,1,1024
b300_sxm/vllm/0.24.0.csv,zai-org/GLM-5.2-FP8,8,1,1,1,8,fp8,gen,128,1024
b300_sxm/vllm/0.24.0.csv,zai-org/GLM-5.2-FP8,8,1,1,1,8,fp8,gen,32,1024
b300_sxm/vllm/0.24.0.csv,zai-org/GLM-5.2-FP8,8,1,1,1,8,fp8,gen,32,8192
b300_sxm/vllm/0.24.0.csv,zai-org/GLM-5.2-FP8,8,1,1,1,8,fp8,gen,8,32768
b300_sxm/vllm/0.24.0.csv,zai-org/GLM-5.3-FP8,1,1,8,1,8,fp8,ctx,1,1024
b300_sxm/vllm/0.24.0.csv,zai-org/GLM-5.3-FP8,1,1,8,1,8,fp8,ctx,1,32768
b300_sxm/vllm/0.24.0.csv,zai-org/GLM-5.3-FP8,1,1,8,1,8,fp8,ctx,1,8192
b300_sxm/vllm/0.24.0.csv,zai-org/GLM-5.3-FP8,1,1,8,1,8,fp8,ctx,4,4096
b300_sxm/vllm/0.24.0.csv,zai-org/GLM-5.3-FP8,1,1,8,1,8,fp8,gen,1,1024
b300_sxm/vllm/0.24.0.csv,zai-org/GLM-5.3-FP8,1,1,8,1,8,fp8,gen,128,1024
b300_sxm/vllm/0.24.0.csv,zai-org/GLM-5.3-FP8,1,1,8,1,8,fp8,gen,32,1024
b300_sxm/vllm/0.24.0.csv,zai-org/GLM-5.3-FP8,1,1,8,1,8,fp8,gen,32,8192
b300_sxm/vllm/0.24.0.csv,zai-org/GLM-5.3-FP8,1,1,8,1,8,fp8,gen,8,32768
b300_sxm/vllm/0.24.0.csv,zai-org/GLM-5.3-FP8,4,1,1,1,4,fp8,ctx,1,1024
b300_sxm/vllm/0.24.0.csv,zai-org/GLM-5.3-FP8,4,1,1,1,4,fp8,ctx,1,32768
b300_sxm/vllm/0.24.0.csv,zai-org/GLM-5.3-FP8,4,1,1,1,4,fp8,ctx,1,8192
b300_sxm/vllm/0.24.0.csv,zai-org/GLM-5.3-FP8,4,1,1,1,4,fp8,ctx,4,4096
b300_sxm/vllm/0.24.0.csv,zai-org/GLM-5.3-FP8,4,1,1,1,4,fp8,gen,1,1024
b300_sxm/vllm/0.24.0.csv,zai-org/GLM-5.3-FP8,4,1,1,1,4,fp8,gen,128,1024
b300_sxm/vllm/0.24.0.csv,zai-org/GLM-5.3-FP8,4,1,1,1,4,fp8,gen,32,1024
b300_sxm/vllm/0.24.0.csv,zai-org/GLM-5.3-FP8,4,1,1,1,4,fp8,gen,32,8192
b300_sxm/vllm/0.24.0.csv,zai-org/GLM-5.3-FP8,4,1,1,1,4,fp8,gen,8,32768
b300_sxm/vllm/0.24.0.csv,zai-org/GLM-5.3-FP8,8,1,1,1,8,fp8,ctx,1,1024
b300_sxm/vllm/0.24.0.csv,zai-org/GLM-5.3-FP8,8,1,1,1,8,fp8,ctx,1,32768
b300_sxm/vllm/0.24.0.csv,zai-org/GLM-5.3-FP8,8,1,1,1,8,fp8,ctx,1,8192
b300_sxm/vllm/0.24.0.csv,zai-org/GLM-5.3-FP8,8,1,1,1,8,fp8,ctx,4,4096
b300_sxm/vllm/0.24.0.csv,zai-org/GLM-5.3-FP8,8,1,1,1,8,fp8,gen,1,1024
b300_sxm/vllm/0.24.0.csv,zai-org/GLM-5.3-FP8,8,1,1,1,8,fp8,gen,128,1024
b300_sxm/vllm/0.24.0.csv,zai-org/GLM-5.3-FP8,8,1,1,1,8,fp8,gen,32,1024
b300_sxm/vllm/0.24.0.csv,zai-org/GLM-5.3-FP8,8,1,1,1,8,fp8,gen,32,8192
b300_sxm/vllm/0.24.0.csv,zai-org/GLM-5.3-FP8,8,1,1,1,8,fp8,gen,8,32768
gb200/vllm/0.24.0.csv,zai-org/GLM-5-FP8,1,1,8,1,8,fp8,ctx,1,1024
gb200/vllm/0.24.0.csv,zai-org/GLM-5-FP8,1,1,8,1,8,fp8,ctx,1,32768
gb200/vllm/0.24.0.csv,zai-org/GLM-5-FP8,1,1,8,1,8,fp8,ctx,1,8192
gb200/vllm/0.24.0.csv,zai-org/GLM-5-FP8,1,1,8,1,8,fp8,ctx,4,4096
gb200/vllm/0.24.0.csv,zai-org/GLM-5-FP8,1,1,8,1,8,fp8,gen,1,1024
gb200/vllm/0.24.0.csv,zai-org/GLM-5-FP8,1,1,8,1,8,fp8,gen,128,1024
gb200/vllm/0.24.0.csv,zai-org/GLM-5-FP8,1,1,8,1,8,fp8,gen,32,1024
gb200/vllm/0.24.0.csv,zai-org/GLM-5-FP8,1,1,8,1,8,fp8,gen,32,8192
gb200/vllm/0.24.0.csv,zai-org/GLM-5-FP8,1,1,8,1,8,fp8,gen,8,32768
gb200/vllm/0.24.0.csv,zai-org/GLM-5-FP8,4,1,1,1,4,fp8,ctx,1,1024
gb200/vllm/0.24.0.csv,zai-org/GLM-5-FP8,4,1,1,1,4,fp8,ctx,1,32768
gb200/vllm/0.24.0.csv,zai-org/GLM-5-FP8,4,1,1,1,4,fp8,ctx,1,8192
gb200/vllm/0.24.0.csv,zai-org/GLM-5-FP8,4,1,1,1,4,fp8,ctx,4,4096
gb200/vllm/0.24.0.csv,zai-org/GLM-5-FP8,4,1,1,1,4,fp8,gen,1,1024
gb200/vllm/0.24.0.csv,zai-org/GLM-5-FP8,4,1,1,1,4,fp8,gen,128,1024
gb200/vllm/0.24.0.csv,zai-org/GLM-5-FP8,4,1,1,1,4,fp8,gen,32,1024
gb200/vllm/0.24.0.csv,zai-org/GLM-5-FP8,4,1,1,1,4,fp8,gen,32,8192
gb200/vllm/0.24.0.csv,zai-org/GLM-5-FP8,4,1,1,1,4,fp8,gen,8,32768
gb200/vllm/0.24.0.csv,zai-org/GLM-5-FP8,8,1,1,1,8,fp8,ctx,1,1024
gb200/vllm/0.24.0.csv,zai-org/GLM-5-FP8,8,1,1,1,8,fp8,ctx,1,32768
gb200/vllm/0.24.0.csv,zai-org/GLM-5-FP8,8,1,1,1,8,fp8,ctx,1,8192
gb200/vllm/0.24.0.csv,zai-org/GLM-5-FP8,8,1,1,1,8,fp8,ctx,4,4096
gb200/vllm/0.24.0.csv,zai-org/GLM-5-FP8,8,1,1,1,8,fp8,gen,1,1024
gb200/vllm/0.24.0.csv,zai-org/GLM-5-FP8,8,1,1,1,8,fp8,gen,128,1024
gb200/vllm/0.24.0.csv,zai-org/GLM-5-FP8,8,1,1,1,8,fp8,gen,32,1024
gb200/vllm/0.24.0.csv,zai-org/GLM-5-FP8,8,1,1,1,8,fp8,gen,32,8192
gb200/vllm/0.24.0.csv,zai-org/GLM-5-FP8,8,1,1,1,8,fp8,gen,8,32768
gb200/vllm/0.24.0.csv,zai-org/GLM-5.1-FP8,1,1,8,1,8,fp8,ctx,1,1024
gb200/vllm/0.24.0.csv,zai-org/GLM-5.1-FP8,1,1,8,1,8,fp8,ctx,1,32768
gb200/vllm/0.24.0.csv,zai-org/GLM-5.1-FP8,1,1,8,1,8,fp8,ctx,1,8192
gb200/vllm/0.24.0.csv,zai-org/GLM-5.1-FP8,1,1,8,1,8,fp8,ctx,4,4096
gb200/vllm/0.24.0.csv,zai-org/GLM-5.1-FP8,1,1,8,1,8,fp8,gen,1,1024
gb200/vllm/0.24.0.csv,zai-org/GLM-5.1-FP8,1,1,8,1,8,fp8,gen,128,1024
gb200/vllm/0.24.0.csv,zai-org/GLM-5.1-FP8,1,1,8,1,8,fp8,gen,32,1024
gb200/vllm/0.24.0.csv,zai-org/GLM-5.1-FP8,1,1,8,1,8,fp8,gen,32,8192
gb200/vllm/0.24.0.csv,zai-org/GLM-5.1-FP8,1,1,8,1,8,fp8,gen,8,32768
gb200/vllm/0.24.0.csv,zai-org/GLM-5.1-FP8,4,1,1,1,4,fp8,ctx,1,1024
gb200/vllm/0.24.0.csv,zai-org/GLM-5.1-FP8,4,1,1,1,4,fp8,ctx,1,32768
gb200/vllm/0.24.0.csv,zai-org/GLM-5.1-FP8,4,1,1,1,4,fp8,ctx,1,8192
gb200/vllm/0.24.0.csv,zai-org/GLM-5.1-FP8,4,1,1,1,4,fp8,ctx,4,4096
gb200/vllm/0.24.0.csv,zai-org/GLM-5.1-FP8,4,1,1,1,4,fp8,gen,1,1024
gb200/vllm/0.24.0.csv,zai-org/GLM-5.1-FP8,4,1,1,1,4,fp8,gen,128,1024
gb200/vllm/0.24.0.csv,zai-org/GLM-5.1-FP8,4,1,1,1,4,fp8,gen,32,1024
gb200/vllm/0.24.0.csv,zai-org/GLM-5.1-FP8,4,1,1,1,4,fp8,gen,32,8192
gb200/vllm/0.24.0.csv,zai-org/GLM-5.1-FP8,4,1,1,1,4,fp8,gen,8,32768
gb200/vllm/0.24.0.csv,zai-org/GLM-5.1-FP8,8,1,1,1,8,fp8,ctx,1,1024
gb200/vllm/0.24.0.csv,zai-org/GLM-5.1-FP8,8,1,1,1,8,fp8,ctx,1,32768
gb200/vllm/0.24.0.csv,zai-org/GLM-5.1-FP8,8,1,1,1,8,fp8,ctx,1,8192
gb200/vllm/0.24.0.csv,zai-org/GLM-5.1-FP8,8,1,1,1,8,fp8,ctx,4,4096
gb200/vllm/0.24.0.csv,zai-org/GLM-5.1-FP8,8,1,1,1,8,fp8,gen,1,1024
gb200/vllm/0.24.0.csv,zai-org/GLM-5.1-FP8,8,1,1,1,8,fp8,gen,128,1024
gb200/vllm/0.24.0.csv,zai-org/GLM-5.1-FP8,8,1,1,1,8,fp8,gen,32,1024
gb200/vllm/0.24.0.csv,zai-org/GLM-5.1-FP8,8,1,1,1,8,fp8,gen,32,8192
gb200/vllm/0.24.0.csv,zai-org/GLM-5.1-FP8,8,1,1,1,8,fp8,gen,8,32768
gb200/vllm/0.24.0.csv,zai-org/GLM-5.2-FP8,1,1,8,1,8,fp8,ctx,1,1024
gb200/vllm/0.24.0.csv,zai-org/GLM-5.2-FP8,1,1,8,1,8,fp8,ctx,1,32768
gb200/vllm/0.24.0.csv,zai-org/GLM-5.2-FP8,1,1,8,1,8,fp8,ctx,1,8192
gb200/vllm/0.24.0.csv,zai-org/GLM-5.2-FP8,1,1,8,1,8,fp8,ctx,4,4096
gb200/vllm/0.24.0.csv,zai-org/GLM-5.2-FP8,1,1,8,1,8,fp8,gen,1,1024
gb200/vllm/0.24.0.csv,zai-org/GLM-5.2-FP8,1,1,8,1,8,fp8,gen,128,1024
gb200/vllm/0.24.0.csv,zai-org/GLM-5.2-FP8,1,1,8,1,8,fp8,gen,32,1024
gb200/vllm/0.24.0.csv,zai-org/GLM-5.2-FP8,1,1,8,1,8,fp8,gen,32,8192
gb200/vllm/0.24.0.csv,zai-org/GLM-5.2-FP8,1,1,8,1,8,fp8,gen,8,32768
gb200/vllm/0.24.0.csv,zai-org/GLM-5.2-FP8,4,1,1,1,4,fp8,ctx,1,1024
gb200/vllm/0.24.0.csv,zai-org/GLM-5.2-FP8,4,1,1,1,4,fp8,ctx,1,32768
gb200/vllm/0.24.0.csv,zai-org/GLM-5.2-FP8,4,1,1,1,4,fp8,ctx,1,8192
gb200/vllm/0.24.0.csv,zai-org/GLM-5.2-FP8,4,1,1,1,4,fp8,ctx,4,4096
gb200/vllm/0.24.0.csv,zai-org/GLM-5.2-FP8,4,1,1,1,4,fp8,gen,1,1024
gb200/vllm/0.24.0.csv,zai-org/GLM-5.2-FP8,4,1,1,1,4,fp8,gen,128,1024
gb200/vllm/0.24.0.csv,zai-org/GLM-5.2-FP8,4,1,1,1,4,fp8,gen,32,1024
gb200/vllm/0.24.0.csv,zai-org/GLM-5.2-FP8,4,1,1,1,4,fp8,gen,32,8192
gb200/vllm/0.24.0.csv,zai-org/GLM-5.2-FP8,4,1,1,1,4,fp8,gen,8,32768
gb200/vllm/0.24.0.csv,zai-org/GLM-5.2-FP8,8,1,1,1,8,fp8,ctx,1,1024
gb200/vllm/0.24.0.csv,zai-org/GLM-5.2-FP8,8,1,1,1,8,fp8,ctx,1,32768
gb200/vllm/0.24.0.csv,zai-org/GLM-5.2-FP8,8,1,1,1,8,fp8,ctx,1,8192
gb200/vllm/0.24.0.csv,zai-org/GLM-5.2-FP8,8,1,1,1,8,fp8,ctx,4,4096
gb200/vllm/0.24.0.csv,zai-org/GLM-5.2-FP8,8,1,1,1,8,fp8,gen,1,1024
gb200/vllm/0.24.0.csv,zai-org/GLM-5.2-FP8,8,1,1,1,8,fp8,gen,128,1024
gb200/vllm/0.24.0.csv,zai-org/GLM-5.2-FP8,8,1,1,1,8,fp8,gen,32,1024
gb200/vllm/0.24.0.csv,zai-org/GLM-5.2-FP8,8,1,1,1,8,fp8,gen,32,8192
gb200/vllm/0.24.0.csv,zai-org/GLM-5.2-FP8,8,1,1,1,8,fp8,gen,8,32768
gb200/vllm/0.24.0.csv,zai-org/GLM-5.3-FP8,1,1,8,1,8,fp8,ctx,1,1024
gb200/vllm/0.24.0.csv,zai-org/GLM-5.3-FP8,1,1,8,1,8,fp8,ctx,1,32768
gb200/vllm/0.24.0.csv,zai-org/GLM-5.3-FP8,1,1,8,1,8,fp8,ctx,1,8192
gb200/vllm/0.24.0.csv,zai-org/GLM-5.3-FP8,1,1,8,1,8,fp8,ctx,4,4096
gb200/vllm/0.24.0.csv,zai-org/GLM-5.3-FP8,1,1,8,1,8,fp8,gen,1,1024
gb200/vllm/0.24.0.csv,zai-org/GLM-5.3-FP8,1,1,8,1,8,fp8,gen,128,1024
gb200/vllm/0.24.0.csv,zai-org/GLM-5.3-FP8,1,1,8,1,8,fp8,gen,32,1024
gb200/vllm/0.24.0.csv,zai-org/GLM-5.3-FP8,1,1,8,1,8,fp8,gen,32,8192
gb200/vllm/0.24.0.csv,zai-org/GLM-5.3-FP8,1,1,8,1,8,fp8,gen,8,32768
gb200/vllm/0.24.0.csv,zai-org/GLM-5.3-FP8,4,1,1,1,4,fp8,ctx,1,1024
gb200/vllm/0.24.0.csv,zai-org/GLM-5.3-FP8,4,1,1,1,4,fp8,ctx,1,32768
gb200/vllm/0.24.0.csv,zai-org/GLM-5.3-FP8,4,1,1,1,4,fp8,ctx,1,8192
gb200/vllm/0.24.0.csv,zai-org/GLM-5.3-FP8,4,1,1,1,4,fp8,ctx,4,4096
gb200/vllm/0.24.0.csv,zai-org/GLM-5.3-FP8,4,1,1,1,4,fp8,gen,1,1024
gb200/vllm/0.24.0.csv,zai-org/GLM-5.3-FP8,4,1,1,1,4,fp8,gen,128,1024
gb200/vllm/0.24.0.csv,zai-org/GLM-5.3-FP8,4,1,1,1,4,fp8,gen,32,1024
gb200/vllm/0.24.0.csv,zai-org/GLM-5.3-FP8,4,1,1,1,4,fp8,gen,32,8192
gb200/vllm/0.24.0.csv,zai-org/GLM-5.3-FP8,4,1,1,1,4,fp8,gen,8,32768
gb200/vllm/0.24.0.csv,zai-org/GLM-5.3-FP8,8,1,1,1,8,fp8,ctx,1,1024
gb200/vllm/0.24.0.csv,zai-org/GLM-5.3-FP8,8,1,1,1,8,fp8,ctx,1,32768
gb200/vllm/0.24.0.csv,zai-org/GLM-5.3-FP8,8,1,1,1,8,fp8,ctx,1,8192
gb200/vllm/0.24.0.csv,zai-org/GLM-5.3-FP8,8,1,1,1,8,fp8,ctx,4,4096
gb200/vllm/0.24.0.csv,zai-org/GLM-5.3-FP8,8,1,1,1,8,fp8,gen,1,1024
gb200/vllm/0.24.0.csv,zai-org/GLM-5.3-FP8,8,1,1,1,8,fp8,gen,128,1024
gb200/vllm/0.24.0.csv,zai-org/GLM-5.3-FP8,8,1,1,1,8,fp8,gen,32,1024
gb200/vllm/0.24.0.csv,zai-org/GLM-5.3-FP8,8,1,1,1,8,fp8,gen,32,8192
gb200/vllm/0.24.0.csv,zai-org/GLM-5.3-FP8,8,1,1,1,8,fp8,gen,8,32768
gb300/vllm/0.24.0.csv,zai-org/GLM-5-FP8,1,1,8,1,8,fp8,ctx,1,1024
gb300/vllm/0.24.0.csv,zai-org/GLM-5-FP8,1,1,8,1,8,fp8,ctx,1,32768
gb300/vllm/0.24.0.csv,zai-org/GLM-5-FP8,1,1,8,1,8,fp8,ctx,1,8192
gb300/vllm/0.24.0.csv,zai-org/GLM-5-FP8,1,1,8,1,8,fp8,ctx,4,4096
gb300/vllm/0.24.0.csv,zai-org/GLM-5-FP8,1,1,8,1,8,fp8,gen,1,1024
gb300/vllm/0.24.0.csv,zai-org/GLM-5-FP8,1,1,8,1,8,fp8,gen,128,1024
gb300/vllm/0.24.0.csv,zai-org/GLM-5-FP8,1,1,8,1,8,fp8,gen,32,1024
gb300/vllm/0.24.0.csv,zai-org/GLM-5-FP8,1,1,8,1,8,fp8,gen,32,8192
gb300/vllm/0.24.0.csv,zai-org/GLM-5-FP8,1,1,8,1,8,fp8,gen,8,32768
gb300/vllm/0.24.0.csv,zai-org/GLM-5-FP8,4,1,1,1,4,fp8,ctx,1,1024
gb300/vllm/0.24.0.csv,zai-org/GLM-5-FP8,4,1,1,1,4,fp8,ctx,1,32768
gb300/vllm/0.24.0.csv,zai-org/GLM-5-FP8,4,1,1,1,4,fp8,ctx,1,8192
gb300/vllm/0.24.0.csv,zai-org/GLM-5-FP8,4,1,1,1,4,fp8,ctx,4,4096
gb300/vllm/0.24.0.csv,zai-org/GLM-5-FP8,4,1,1,1,4,fp8,gen,1,1024
gb300/vllm/0.24.0.csv,zai-org/GLM-5-FP8,4,1,1,1,4,fp8,gen,128,1024
gb300/vllm/0.24.0.csv,zai-org/GLM-5-FP8,4,1,1,1,4,fp8,gen,32,1024
gb300/vllm/0.24.0.csv,zai-org/GLM-5-FP8,4,1,1,1,4,fp8,gen,32,8192
gb300/vllm/0.24.0.csv,zai-org/GLM-5-FP8,4,1,1,1,4,fp8,gen,8,32768
gb300/vllm/0.24.0.csv,zai-org/GLM-5-FP8,8,1,1,1,8,fp8,ctx,1,1024
gb300/vllm/0.24.0.csv,zai-org/GLM-5-FP8,8,1,1,1,8,fp8,ctx,1,32768
gb300/vllm/0.24.0.csv,zai-org/GLM-5-FP8,8,1,1,1,8,fp8,ctx,1,8192
gb300/vllm/0.24.0.csv,zai-org/GLM-5-FP8,8,1,1,1,8,fp8,ctx,4,4096
gb300/vllm/0.24.0.csv,zai-org/GLM-5-FP8,8,1,1,1,8,fp8,gen,1,1024
gb300/vllm/0.24.0.csv,zai-org/GLM-5-FP8,8,1,1,1,8,fp8,gen,128,1024
gb300/vllm/0.24.0.csv,zai-org/GLM-5-FP8,8,1,1,1,8,fp8,gen,32,1024
gb300/vllm/0.24.0.csv,zai-org/GLM-5-FP8,8,1,1,1,8,fp8,gen,32,8192
gb300/vllm/0.24.0.csv,zai-org/GLM-5-FP8,8,1,1,1,8,fp8,gen,8,32768
gb300/vllm/0.24.0.csv,zai-org/GLM-5.1-FP8,1,1,8,1,8,fp8,ctx,1,1024
gb300/vllm/0.24.0.csv,zai-org/GLM-5.1-FP8,1,1,8,1,8,fp8,ctx,1,32768
gb300/vllm/0.24.0.csv,zai-org/GLM-5.1-FP8,1,1,8,1,8,fp8,ctx,1,8192
gb300/vllm/0.24.0.csv,zai-org/GLM-5.1-FP8,1,1,8,1,8,fp8,ctx,4,4096
gb300/vllm/0.24.0.csv,zai-org/GLM-5.1-FP8,1,1,8,1,8,fp8,gen,1,1024
gb300/vllm/0.24.0.csv,zai-org/GLM-5.1-FP8,1,1,8,1,8,fp8,gen,128,1024
gb300/vllm/0.24.0.csv,zai-org/GLM-5.1-FP8,1,1,8,1,8,fp8,gen,32,1024
gb300/vllm/0.24.0.csv,zai-org/GLM-5.1-FP8,1,1,8,1,8,fp8,gen,32,8192
gb300/vllm/0.24.0.csv,zai-org/GLM-5.1-FP8,1,1,8,1,8,fp8,gen,8,32768
gb300/vllm/0.24.0.csv,zai-org/GLM-5.1-FP8,4,1,1,1,4,fp8,ctx,1,1024
gb300/vllm/0.24.0.csv,zai-org/GLM-5.1-FP8,4,1,1,1,4,fp8,ctx,1,32768
gb300/vllm/0.24.0.csv,zai-org/GLM-5.1-FP8,4,1,1,1,4,fp8,ctx,1,8192
gb300/vllm/0.24.0.csv,zai-org/GLM-5.1-FP8,4,1,1,1,4,fp8,ctx,4,4096
gb300/vllm/0.24.0.csv,zai-org/GLM-5.1-FP8,4,1,1,1,4,fp8,gen,1,1024
gb300/vllm/0.24.0.csv,zai-org/GLM-5.1-FP8,4,1,1,1,4,fp8,gen,128,1024
gb300/vllm/0.24.0.csv,zai-org/GLM-5.1-FP8,4,1,1,1,4,fp8,gen,32,1024
gb300/vllm/0.24.0.csv,zai-org/GLM-5.1-FP8,4,1,1,1,4,fp8,gen,32,8192
gb300/vllm/0.24.0.csv,zai-org/GLM-5.1-FP8,4,1,1,1,4,fp8,gen,8,32768
gb300/vllm/0.24.0.csv,zai-org/GLM-5.1-FP8,8,1,1,1,8,fp8,ctx,1,1024
gb300/vllm/0.24.0.csv,zai-org/GLM-5.1-FP8,8,1,1,1,8,fp8,ctx,1,32768
gb300/vllm/0.24.0.csv,zai-org/GLM-5.1-FP8,8,1,1,1,8,fp8,ctx,1,8192
gb300/vllm/0.24.0.csv,zai-org/GLM-5.1-FP8,8,1,1,1,8,fp8,ctx,4,4096
gb300/vllm/0.24.0.csv,zai-org/GLM-5.1-FP8,8,1,1,1,8,fp8,gen,1,1024
gb300/vllm/0.24.0.csv,zai-org/GLM-5.1-FP8,8,1,1,1,8,fp8,gen,128,1024
gb300/vllm/0.24.0.csv,zai-org/GLM-5.1-FP8,8,1,1,1,8,fp8,gen,32,1024
gb300/vllm/0.24.0.csv,zai-org/GLM-5.1-FP8,8,1,1,1,8,fp8,gen,32,8192
gb300/vllm/0.24.0.csv,zai-org/GLM-5.1-FP8,8,1,1,1,8,fp8,gen,8,32768
gb300/vllm/0.24.0.csv,zai-org/GLM-5.2-FP8,1,1,8,1,8,fp8,ctx,1,1024
gb300/vllm/0.24.0.csv,zai-org/GLM-5.2-FP8,1,1,8,1,8,fp8,ctx,1,32768
gb300/vllm/0.24.0.csv,zai-org/GLM-5.2-FP8,1,1,8,1,8,fp8,ctx,1,8192
gb300/vllm/0.24.0.csv,zai-org/GLM-5.2-FP8,1,1,8,1,8,fp8,ctx,4,4096
gb300/vllm/0.24.0.csv,zai-org/GLM-5.2-FP8,1,1,8,1,8,fp8,gen,1,1024
gb300/vllm/0.24.0.csv,zai-org/GLM-5.2-FP8,1,1,8,1,8,fp8,gen,128,1024
gb300/vllm/0.24.0.csv,zai-org/GLM-5.2-FP8,1,1,8,1,8,fp8,gen,32,1024
gb300/vllm/0.24.0.csv,zai-org/GLM-5.2-FP8,1,1,8,1,8,fp8,gen,32,8192
gb300/vllm/0.24.0.csv,zai-org/GLM-5.2-FP8,1,1,8,1,8,fp8,gen,8,32768
gb300/vllm/0.24.0.csv,zai-org/GLM-5.2-FP8,4,1,1,1,4,fp8,ctx,1,1024
gb300/vllm/0.24.0.csv,zai-org/GLM-5.2-FP8,4,1,1,1,4,fp8,ctx,1,32768
gb300/vllm/0.24.0.csv,zai-org/GLM-5.2-FP8,4,1,1,1,4,fp8,ctx,1,8192
gb300/vllm/0.24.0.csv,zai-org/GLM-5.2-FP8,4,1,1,1,4,fp8,ctx,4,4096
gb300/vllm/0.24.0.csv,zai-org/GLM-5.2-FP8,4,1,1,1,4,fp8,gen,1,1024
gb300/vllm/0.24.0.csv,zai-org/GLM-5.2-FP8,4,1,1,1,4,fp8,gen,128,1024
gb300/vllm/0.24.0.csv,zai-org/GLM-5.2-FP8,4,1,1,1,4,fp8,gen,32,1024
gb300/vllm/0.24.0.csv,zai-org/GLM-5.2-FP8,4,1,1,1,4,fp8,gen,32,8192
gb300/vllm/0.24.0.csv,zai-org/GLM-5.2-FP8,4,1,1,1,4,fp8,gen,8,32768
gb300/vllm/0.24.0.csv,zai-org/GLM-5.2-FP8,8,1,1,1,8,fp8,ctx,1,1024
gb300/vllm/0.24.0.csv,zai-org/GLM-5.2-FP8,8,1,1,1,8,fp8,ctx,1,32768
gb300/vllm/0.24.0.csv,zai-org/GLM-5.2-FP8,8,1,1,1,8,fp8,ctx,1,8192
gb300/vllm/0.24.0.csv,zai-org/GLM-5.2-FP8,8,1,1,1,8,fp8,ctx,4,4096
gb300/vllm/0.24.0.csv,zai-org/GLM-5.2-FP8,8,1,1,1,8,fp8,gen,1,1024
gb300/vllm/0.24.0.csv,zai-org/GLM-5.2-FP8,8,1,1,1,8,fp8,gen,128,1024
gb300/vllm/0.24.0.csv,zai-org/GLM-5.2-FP8,8,1,1,1,8,fp8,gen,32,1024
gb300/vllm/0.24.0.csv,zai-org/GLM-5.2-FP8,8,1,1,1,8,fp8,gen,32,8192
gb300/vllm/0.24.0.csv,zai-org/GLM-5.2-FP8,8,1,1,1,8,fp8,gen,8,32768
gb300/vllm/0.24.0.csv,zai-org/GLM-5.3-FP8,1,1,8,1,8,fp8,ctx,1,1024
gb300/vllm/0.24.0.csv,zai-org/GLM-5.3-FP8,1,1,8,1,8,fp8,ctx,1,32768
gb300/vllm/0.24.0.csv,zai-org/GLM-5.3-FP8,1,1,8,1,8,fp8,ctx,1,8192
gb300/vllm/0.24.0.csv,zai-org/GLM-5.3-FP8,1,1,8,1,8,fp8,ctx,4,4096
gb300/vllm/0.24.0.csv,zai-org/GLM-5.3-FP8,1,1,8,1,8,fp8,gen,1,1024
gb300/vllm/0.24.0.csv,zai-org/GLM-5.3-FP8,1,1,8,1,8,fp8,gen,128,1024
gb300/vllm/0.24.0.csv,zai-org/GLM-5.3-FP8,1,1,8,1,8,fp8,gen,32,1024
gb300/vllm/0.24.0.csv,zai-org/GLM-5.3-FP8,1,1,8,1,8,fp8,gen,32,8192
gb300/vllm/0.24.0.csv,zai-org/GLM-5.3-FP8,1,1,8,1,8,fp8,gen,8,32768
gb300/vllm/0.24.0.csv,zai-org/GLM-5.3-FP8,4,1,1,1,4,fp8,ctx,1,1024
gb300/vllm/0.24.0.csv,zai-org/GLM-5.3-FP8,4,1,1,1,4,fp8,ctx,1,32768
gb300/vllm/0.24.0.csv,zai-org/GLM-5.3-FP8,4,1,1,1,4,fp8,ctx,1,8192
gb300/vllm/0.24.0.csv,zai-org/GLM-5.3-FP8,4,1,1,1,4,fp8,ctx,4,4096
gb300/vllm/0.24.0.csv,zai-org/GLM-5.3-FP8,4,1,1,1,4,fp8,gen,1,1024
gb300/vllm/0.24.0.csv,zai-org/GLM-5.3-FP8,4,1,1,1,4,fp8,gen,128,1024
gb300/vllm/0.24.0.csv,zai-org/GLM-5.3-FP8,4,1,1,1,4,fp8,gen,32,1024
gb300/vllm/0.24.0.csv,zai-org/GLM-5.3-FP8,4,1,1,1,4,fp8,gen,32,8192
gb300/vllm/0.24.0.csv,zai-org/GLM-5.3-FP8,4,1,1,1,4,fp8,gen,8,32768
gb300/vllm/0.24.0.csv,zai-org/GLM-5.3-FP8,8,1,1,1,8,fp8,ctx,1,1024
gb300/vllm/0.24.0.csv,zai-org/GLM-5.3-FP8,8,1,1,1,8,fp8,ctx,1,32768
gb300/vllm/0.24.0.csv,zai-org/GLM-5.3-FP8,8,1,1,1,8,fp8,ctx,1,8192
gb300/vllm/0.24.0.csv,zai-org/GLM-5.3-FP8,8,1,1,1,8,fp8,ctx,4,4096
gb300/vllm/0.24.0.csv,zai-org/GLM-5.3-FP8,8,1,1,1,8,fp8,gen,1,1024
gb300/vllm/0.24.0.csv,zai-org/GLM-5.3-FP8,8,1,1,1,8,fp8,gen,128,1024
gb300/vllm/0.24.0.csv,zai-org/GLM-5.3-FP8,8,1,1,1,8,fp8,gen,32,1024
gb300/vllm/0.24.0.csv,zai-org/GLM-5.3-FP8,8,1,1,1,8,fp8,gen,32,8192
gb300/vllm/0.24.0.csv,zai-org/GLM-5.3-FP8,8,1,1,1,8,fp8,gen,8,32768
h100_sxm/vllm/0.24.0.csv,zai-org/GLM-5-FP8,1,1,8,1,8,fp8,ctx,1,1024
h100_sxm/vllm/0.24.0.csv,zai-org/GLM-5-FP8,1,1,8,1,8,fp8,ctx,1,32768
h100_sxm/vllm/0.24.0.csv,zai-org/GLM-5-FP8,1,1,8,1,8,fp8,ctx,1,8192
h100_sxm/vllm/0.24.0.csv,zai-org/GLM-5-FP8,1,1,8,1,8,fp8,ctx,4,4096
h100_sxm/vllm/0.24.0.csv,zai-org/GLM-5-FP8,1,1,8,1,8,fp8,gen,1,1024
h100_sxm/vllm/0.24.0.csv,zai-org/GLM-5-FP8,1,1,8,1,8,fp8,gen,128,1024
h100_sxm/vllm/0.24.0.csv,zai-org/GLM-5-FP8,1,1,8,1,8,fp8,gen,32,1024
h100_sxm/vllm/0.24.0.csv,zai-org/GLM-5-FP8,1,1,8,1,8,fp8,gen,32,8192
h100_sxm/vllm/0.24.0.csv,zai-org/GLM-5-FP8,1,1,8,1,8,fp8,gen,8,32768
h100_sxm/vllm/0.24.0.csv,zai-org/GLM-5-FP8,4,1,1,1,4,fp8,ctx,1,1024
h100_sxm/vllm/0.24.0.csv,zai-org/GLM-5-FP8,4,1,1,1,4,fp8,ctx,1,32768
h100_sxm/vllm/0.24.0.csv,zai-org/GLM-5-FP8,4,1,1,1,4,fp8,ctx,1,8192
h100_sxm/vllm/0.24.0.csv,zai-org/GLM-5-FP8,4,1,1,1,4,fp8,ctx,4,4096
h100_sxm/vllm/0.24.0.csv,zai-org/GLM-5-FP8,4,1,1,1,4,fp8,gen,1,1024
h100_sxm/vllm/0.24.0.csv,zai-org/GLM-5-FP8,4,1,1,1,4,fp8,gen,128,1024
h100_sxm/vllm/0.24.0.csv,zai-org/GLM-5-FP8,4,1,1,1,4,fp8,gen,32,1024
h100_sxm/vllm/0.24.0.csv,zai-org/GLM-5-FP8,4,1,1,1,4,fp8,gen,32,8192
h100_sxm/vllm/0.24.0.csv,zai-org/GLM-5-FP8,4,1,1,1,4,fp8,gen,8,32768
h100_sxm/vllm/0.24.0.csv,zai-org/GLM-5-FP8,8,1,1,1,8,fp8,ctx,1,1024
h100_sxm/vllm/0.24.0.csv,zai-org/GLM-5-FP8,8,1,1,1,8,fp8,ctx,1,32768
h100_sxm/vllm/0.24.0.csv,zai-org/GLM-5-FP8,8,1,1,1,8,fp8,ctx,1,8192
h100_sxm/vllm/0.24.0.csv,zai-org/GLM-5-FP8,8,1,1,1,8,fp8,ctx,4,4096
h100_sxm/vllm/0.24.0.csv,zai-org/GLM-5-FP8,8,1,1,1,8,fp8,gen,1,1024
h100_sxm/vllm/0.24.0.csv,zai-org/GLM-5-FP8,8,1,1,1,8,fp8,gen,128,1024
h100_sxm/vllm/0.24.0.csv,zai-org/GLM-5-FP8,8,1,1,1,8,fp8,gen,32,1024
h100_sxm/vllm/0.24.0.csv,zai-org/GLM-5-FP8,8,1,1,1,8,fp8,gen,32,8192
h100_sxm/vllm/0.24.0.csv,zai-org/GLM-5-FP8,8,1,1,1,8,fp8,gen,8,32768
h100_sxm/vllm/0.24.0.csv,zai-org/GLM-5.1-FP8,1,1,8,1,8,fp8,ctx,1,1024
h100_sxm/vllm/0.24.0.csv,zai-org/GLM-5.1-FP8,1,1,8,1,8,fp8,ctx,1,32768
h100_sxm/vllm/0.24.0.csv,zai-org/GLM-5.1-FP8,1,1,8,1,8,fp8,ctx,1,8192
h100_sxm/vllm/0.24.0.csv,zai-org/GLM-5.1-FP8,1,1,8,1,8,fp8,ctx,4,4096
h100_sxm/vllm/0.24.0.csv,zai-org/GLM-5.1-FP8,1,1,8,1,8,fp8,gen,1,1024
h100_sxm/vllm/0.24.0.csv,zai-org/GLM-5.1-FP8,1,1,8,1,8,fp8,gen,128,1024
h100_sxm/vllm/0.24.0.csv,zai-org/GLM-5.1-FP8,1,1,8,1,8,fp8,gen,32,1024
h100_sxm/vllm/0.24.0.csv,zai-org/GLM-5.1-FP8,1,1,8,1,8,fp8,gen,32,8192
h100_sxm/vllm/0.24.0.csv,zai-org/GLM-5.1-FP8,1,1,8,1,8,fp8,gen,8,32768
h100_sxm/vllm/0.24.0.csv,zai-org/GLM-5.1-FP8,4,1,1,1,4,fp8,ctx,1,1024
h100_sxm/vllm/0.24.0.csv,zai-org/GLM-5.1-FP8,4,1,1,1,4,fp8,ctx,1,32768
h100_sxm/vllm/0.24.0.csv,zai-org/GLM-5.1-FP8,4,1,1,1,4,fp8,ctx,1,8192
h100_sxm/vllm/0.24.0.csv,zai-org/GLM-5.1-FP8,4,1,1,1,4,fp8,ctx,4,4096
h100_sxm/vllm/0.24.0.csv,zai-org/GLM-5.1-FP8,4,1,1,1,4,fp8,gen,1,1024
h100_sxm/vllm/0.24.0.csv,zai-org/GLM-5.1-FP8,4,1,1,1,4,fp8,gen,128,1024
h100_sxm/vllm/0.24.0.csv,zai-org/GLM-5.1-FP8,4,1,1,1,4,fp8,gen,32,1024
h100_sxm/vllm/0.24.0.csv,zai-org/GLM-5.1-FP8,4,1,1,1,4,fp8,gen,32,8192
h100_sxm/vllm/0.24.0.csv,zai-org/GLM-5.1-FP8,4,1,1,1,4,fp8,gen,8,32768
h100_sxm/vllm/0.24.0.csv,zai-org/GLM-5.1-FP8,8,1,1,1,8,fp8,ctx,1,1024
h100_sxm/vllm/0.24.0.csv,zai-org/GLM-5.1-FP8,8,1,1,1,8,fp8,ctx,1,32768
h100_sxm/vllm/0.24.0.csv,zai-org/GLM-5.1-FP8,8,1,1,1,8,fp8,ctx,1,8192
h100_sxm/vllm/0.24.0.csv,zai-org/GLM-5.1-FP8,8,1,1,1,8,fp8,ctx,4,4096
h100_sxm/vllm/0.24.0.csv,zai-org/GLM-5.1-FP8,8,1,1,1,8,fp8,gen,1,1024
h100_sxm/vllm/0.24.0.csv,zai-org/GLM-5.1-FP8,8,1,1,1,8,fp8,gen,128,1024
h100_sxm/vllm/0.24.0.csv,zai-org/GLM-5.1-FP8,8,1,1,1,8,fp8,gen,32,1024
h100_sxm/vllm/0.24.0.csv,zai-org/GLM-5.1-FP8,8,1,1,1,8,fp8,gen,32,8192
h100_sxm/vllm/0.24.0.csv,zai-org/GLM-5.1-FP8,8,1,1,1,8,fp8,gen,8,32768
h100_sxm/vllm/0.24.0.csv,zai-org/GLM-5.2-FP8,1,1,8,1,8,fp8,ctx,1,1024
h100_sxm/vllm/0.24.0.csv,zai-org/GLM-5.2-FP8,1,1,8,1,8,fp8,ctx,1,32768
h100_sxm/vllm/0.24.0.csv,zai-org/GLM-5.2-FP8,1,1,8,1,8,fp8,ctx,1,8192
h100_sxm/vllm/0.24.0.csv,zai-org/GLM-5.2-FP8,1,1,8,1,8,fp8,ctx,4,4096
h100_sxm/vllm/0.24.0.csv,zai-org/GLM-5.2-FP8,1,1,8,1,8,fp8,gen,1,1024
h100_sxm/vllm/0.24.0.csv,zai-org/GLM-5.2-FP8,1,1,8,1,8,fp8,gen,128,1024
h100_sxm/vllm/0.24.0.csv,zai-org/GLM-5.2-FP8,1,1,8,1,8,fp8,gen,32,1024
h100_sxm/vllm/0.24.0.csv,zai-org/GLM-5.2-FP8,1,1,8,1,8,fp8,gen,32,8192
h100_sxm/vllm/0.24.0.csv,zai-org/GLM-5.2-FP8,1,1,8,1,8,fp8,gen,8,32768
h100_sxm/vllm/0.24.0.csv,zai-org/GLM-5.2-FP8,4,1,1,1,4,fp8,ctx,1,1024
h100_sxm/vllm/0.24.0.csv,zai-org/GLM-5.2-FP8,4,1,1,1,4,fp8,ctx,1,32768
h100_sxm/vllm/0.24.0.csv,zai-org/GLM-5.2-FP8,4,1,1,1,4,fp8,ctx,1,8192
h100_sxm/vllm/0.24.0.csv,zai-org/GLM-5.2-FP8,4,1,1,1,4,fp8,ctx,4,4096
h100_sxm/vllm/0.24.0.csv,zai-org/GLM-5.2-FP8,4,1,1,1,4,fp8,gen,1,1024
h100_sxm/vllm/0.24.0.csv,zai-org/GLM-5.2-FP8,4,1,1,1,4,fp8,gen,128,1024
h100_sxm/vllm/0.24.0.csv,zai-org/GLM-5.2-FP8,4,1,1,1,4,fp8,gen,32,1024
h100_sxm/vllm/0.24.0.csv,zai-org/GLM-5.2-FP8,4,1,1,1,4,fp8,gen,32,8192
h100_sxm/vllm/0.24.0.csv,zai-org/GLM-5.2-FP8,4,1,1,1,4,fp8,gen,8,32768
h100_sxm/vllm/0.24.0.csv,zai-org/GLM-5.2-FP8,8,1,1,1,8,fp8,ctx,1,1024
h100_sxm/vllm/0.24.0.csv,zai-org/GLM-5.2-FP8,8,1,1,1,8,fp8,ctx,1,32768
h100_sxm/vllm/0.24.0.csv,zai-org/GLM-5.2-FP8,8,1,1,1,8,fp8,ctx,1,8192
h100_sxm/vllm/0.24.0.csv,zai-org/GLM-5.2-FP8,8,1,1,1,8,fp8,ctx,4,4096
h100_sxm/vllm/0.24.0.csv,zai-org/GLM-5.2-FP8,8,1,1,1,8,fp8,gen,1,1024
h100_sxm/vllm/0.24.0.csv,zai-org/GLM-5.2-FP8,8,1,1,1,8,fp8,gen,128,1024
h100_sxm/vllm/0.24.0.csv,zai-org/GLM-5.2-FP8,8,1,1,1,8,fp8,gen,32,1024
h100_sxm/vllm/0.24.0.csv,zai-org/GLM-5.2-FP8,8,1,1,1,8,fp8,gen,32,8192
h100_sxm/vllm/0.24.0.csv,zai-org/GLM-5.2-FP8,8,1,1,1,8,fp8,gen,8,32768
h100_sxm/vllm/0.24.0.csv,zai-org/GLM-5.3-FP8,1,1,8,1,8,fp8,ctx,1,1024
h100_sxm/vllm/0.24.0.csv,zai-org/GLM-5.3-FP8,1,1,8,1,8,fp8,ctx,1,32768
h100_sxm/vllm/0.24.0.csv,zai-org/GLM-5.3-FP8,1,1,8,1,8,fp8,ctx,1,8192
h100_sxm/vllm/0.24.0.csv,zai-org/GLM-5.3-FP8,1,1,8,1,8,fp8,ctx,4,4096
h100_sxm/vllm/0.24.0.csv,zai-org/GLM-5.3-FP8,1,1,8,1,8,fp8,gen,1,1024
h100_sxm/vllm/0.24.0.csv,zai-org/GLM-5.3-FP8,1,1,8,1,8,fp8,gen,128,1024
h100_sxm/vllm/0.24.0.csv,zai-org/GLM-5.3-FP8,1,1,8,1,8,fp8,gen,32,1024
h100_sxm/vllm/0.24.0.csv,zai-org/GLM-5.3-FP8,1,1,8,1,8,fp8,gen,32,8192
h100_sxm/vllm/0.24.0.csv,zai-org/GLM-5.3-FP8,1,1,8,1,8,fp8,gen,8,32768
h100_sxm/vllm/0.24.0.csv,zai-org/GLM-5.3-FP8,4,1,1,1,4,fp8,ctx,1,1024
h100_sxm/vllm/0.24.0.csv,zai-org/GLM-5.3-FP8,4,1,1,1,4,fp8,ctx,1,32768
h100_sxm/vllm/0.24.0.csv,zai-org/GLM-5.3-FP8,4,1,1,1,4,fp8,ctx,1,8192
h100_sxm/vllm/0.24.0.csv,zai-org/GLM-5.3-FP8,4,1,1,1,4,fp8,ctx,4,4096
h100_sxm/vllm/0.24.0.csv,zai-org/GLM-5.3-FP8,4,1,1,1,4,fp8,gen,1,1024
h100_sxm/vllm/0.24.0.csv,zai-org/GLM-5.3-FP8,4,1,1,1,4,fp8,gen,128,1024
h100_sxm/vllm/0.24.0.csv,zai-org/GLM-5.3-FP8,4,1,1,1,4,fp8,gen,32,1024
h100_sxm/vllm/0.24.0.csv,zai-org/GLM-5.3-FP8,4,1,1,1,4,fp8,gen,32,8192
h100_sxm/vllm/0.24.0.csv,zai-org/GLM-5.3-FP8,4,1,1,1,4,fp8,gen,8,32768
h100_sxm/vllm/0.24.0.csv,zai-org/GLM-5.3-FP8,8,1,1,1,8,fp8,ctx,1,1024
h100_sxm/vllm/0.24.0.csv,zai-org/GLM-5.3-FP8,8,1,1,1,8,fp8,ctx,1,32768
h100_sxm/vllm/0.24.0.csv,zai-org/GLM-5.3-FP8,8,1,1,1,8,fp8,ctx,1,8192
h100_sxm/vllm/0.24.0.csv,zai-org/GLM-5.3-FP8,8,1,1,1,8,fp8,ctx,4,4096
h100_sxm/vllm/0.24.0.csv,zai-org/GLM-5.3-FP8,8,1,1,1,8,fp8,gen,1,1024
h100_sxm/vllm/0.24.0.csv,zai-org/GLM-5.3-FP8,8,1,1,1,8,fp8,gen,128,1024
h100_sxm/vllm/0.24.0.csv,zai-org/GLM-5.3-FP8,8,1,1,1,8,fp8,gen,32,1024
h100_sxm/vllm/0.24.0.csv,zai-org/GLM-5.3-FP8,8,1,1,1,8,fp8,gen,32,8192
h100_sxm/vllm/0.24.0.csv,zai-org/GLM-5.3-FP8,8,1,1,1,8,fp8,gen,8,32768
h200_sxm/vllm/0.24.0.csv,zai-org/GLM-5-FP8,1,1,8,1,8,fp8,ctx,1,1024
h200_sxm/vllm/0.24.0.csv,zai-org/GLM-5-FP8,1,1,8,1,8,fp8,ctx,1,32768
h200_sxm/vllm/0.24.0.csv,zai-org/GLM-5-FP8,1,1,8,1,8,fp8,ctx,1,8192
h200_sxm/vllm/0.24.0.csv,zai-org/GLM-5-FP8,1,1,8,1,8,fp8,ctx,4,4096
h200_sxm/vllm/0.24.0.csv,zai-org/GLM-5-FP8,1,1,8,1,8,fp8,gen,1,1024
h200_sxm/vllm/0.24.0.csv,zai-org/GLM-5-FP8,1,1,8,1,8,fp8,gen,128,1024
h200_sxm/vllm/0.24.0.csv,zai-org/GLM-5-FP8,1,1,8,1,8,fp8,gen,32,1024
h200_sxm/vllm/0.24.0.csv,zai-org/GLM-5-FP8,1,1,8,1,8,fp8,gen,32,8192
h200_sxm/vllm/0.24.0.csv,zai-org/GLM-5-FP8,1,1,8,1,8,fp8,gen,8,32768
h200_sxm/vllm/0.24.0.csv,zai-org/GLM-5-FP8,4,1,1,1,4,fp8,ctx,1,1024
h200_sxm/vllm/0.24.0.csv,zai-org/GLM-5-FP8,4,1,1,1,4,fp8,ctx,1,32768
h200_sxm/vllm/0.24.0.csv,zai-org/GLM-5-FP8,4,1,1,1,4,fp8,ctx,1,8192
h200_sxm/vllm/0.24.0.csv,zai-org/GLM-5-FP8,4,1,1,1,4,fp8,ctx,4,4096
h200_sxm/vllm/0.24.0.csv,zai-org/GLM-5-FP8,4,1,1,1,4,fp8,gen,1,1024
h200_sxm/vllm/0.24.0.csv,zai-org/GLM-5-FP8,4,1,1,1,4,fp8,gen,128,1024
h200_sxm/vllm/0.24.0.csv,zai-org/GLM-5-FP8,4,1,1,1,4,fp8,gen,32,1024
h200_sxm/vllm/0.24.0.csv,zai-org/GLM-5-FP8,4,1,1,1,4,fp8,gen,32,8192
h200_sxm/vllm/0.24.0.csv,zai-org/GLM-5-FP8,4,1,1,1,4,fp8,gen,8,32768
h200_sxm/vllm/0.24.0.csv,zai-org/GLM-5-FP8,8,1,1,1,8,fp8,ctx,1,1024
h200_sxm/vllm/0.24.0.csv,zai-org/GLM-5-FP8,8,1,1,1,8,fp8,ctx,1,32768
h200_sxm/vllm/0.24.0.csv,zai-org/GLM-5-FP8,8,1,1,1,8,fp8,ctx,1,8192
h200_sxm/vllm/0.24.0.csv,zai-org/GLM-5-FP8,8,1,1,1,8,fp8,ctx,4,4096
h200_sxm/vllm/0.24.0.csv,zai-org/GLM-5-FP8,8,1,1,1,8,fp8,gen,1,1024
h200_sxm/vllm/0.24.0.csv,zai-org/GLM-5-FP8,8,1,1,1,8,fp8,gen,128,1024
h200_sxm/vllm/0.24.0.csv,zai-org/GLM-5-FP8,8,1,1,1,8,fp8,gen,32,1024
h200_sxm/vllm/0.24.0.csv,zai-org/GLM-5-FP8,8,1,1,1,8,fp8,gen,32,8192
h200_sxm/vllm/0.24.0.csv,zai-org/GLM-5-FP8,8,1,1,1,8,fp8,gen,8,32768
h200_sxm/vllm/0.24.0.csv,zai-org/GLM-5.1-FP8,1,1,8,1,8,fp8,ctx,1,1024
h200_sxm/vllm/0.24.0.csv,zai-org/GLM-5.1-FP8,1,1,8,1,8,fp8,ctx,1,32768
h200_sxm/vllm/0.24.0.csv,zai-org/GLM-5.1-FP8,1,1,8,1,8,fp8,ctx,1,8192
h200_sxm/vllm/0.24.0.csv,zai-org/GLM-5.1-FP8,1,1,8,1,8,fp8,ctx,4,4096
h200_sxm/vllm/0.24.0.csv,zai-org/GLM-5.1-FP8,1,1,8,1,8,fp8,gen,1,1024
h200_sxm/vllm/0.24.0.csv,zai-org/GLM-5.1-FP8,1,1,8,1,8,fp8,gen,128,1024
h200_sxm/vllm/0.24.0.csv,zai-org/GLM-5.1-FP8,1,1,8,1,8,fp8,gen,32,1024
h200_sxm/vllm/0.24.0.csv,zai-org/GLM-5.1-FP8,1,1,8,1,8,fp8,gen,32,8192
h200_sxm/vllm/0.24.0.csv,zai-org/GLM-5.1-FP8,1,1,8,1,8,fp8,gen,8,32768
h200_sxm/vllm/0.24.0.csv,zai-org/GLM-5.1-FP8,4,1,1,1,4,fp8,ctx,1,1024
h200_sxm/vllm/0.24.0.csv,zai-org/GLM-5.1-FP8,4,1,1,1,4,fp8,ctx,1,32768
h200_sxm/vllm/0.24.0.csv,zai-org/GLM-5.1-FP8,4,1,1,1,4,fp8,ctx,1,8192
h200_sxm/vllm/0.24.0.csv,zai-org/GLM-5.1-FP8,4,1,1,1,4,fp8,ctx,4,4096
h200_sxm/vllm/0.24.0.csv,zai-org/GLM-5.1-FP8,4,1,1,1,4,fp8,gen,1,1024
h200_sxm/vllm/0.24.0.csv,zai-org/GLM-5.1-FP8,4,1,1,1,4,fp8,gen,128,1024
h200_sxm/vllm/0.24.0.csv,zai-org/GLM-5.1-FP8,4,1,1,1,4,fp8,gen,32,1024
h200_sxm/vllm/0.24.0.csv,zai-org/GLM-5.1-FP8,4,1,1,1,4,fp8,gen,32,8192
h200_sxm/vllm/0.24.0.csv,zai-org/GLM-5.1-FP8,4,1,1,1,4,fp8,gen,8,32768
h200_sxm/vllm/0.24.0.csv,zai-org/GLM-5.1-FP8,8,1,1,1,8,fp8,ctx,1,1024
h200_sxm/vllm/0.24.0.csv,zai-org/GLM-5.1-FP8,8,1,1,1,8,fp8,ctx,1,32768
h200_sxm/vllm/0.24.0.csv,zai-org/GLM-5.1-FP8,8,1,1,1,8,fp8,ctx,1,8192
h200_sxm/vllm/0.24.0.csv,zai-org/GLM-5.1-FP8,8,1,1,1,8,fp8,ctx,4,4096
h200_sxm/vllm/0.24.0.csv,zai-org/GLM-5.1-FP8,8,1,1,1,8,fp8,gen,1,1024
h200_sxm/vllm/0.24.0.csv,zai-org/GLM-5.1-FP8,8,1,1,1,8,fp8,gen,128,1024
h200_sxm/vllm/0.24.0.csv,zai-org/GLM-5.1-FP8,8,1,1,1,8,fp8,gen,32,1024
h200_sxm/vllm/0.24.0.csv,zai-org/GLM-5.1-FP8,8,1,1,1,8,fp8,gen,32,8192
h200_sxm/vllm/0.24.0.csv,zai-org/GLM-5.1-FP8,8,1,1,1,8,fp8,gen,8,32768
h200_sxm/vllm/0.24.0.csv,zai-org/GLM-5.2-FP8,1,1,8,1,8,fp8,ctx,1,1024
h200_sxm/vllm/0.24.0.csv,zai-org/GLM-5.2-FP8,1,1,8,1,8,fp8,ctx,1,32768
h200_sxm/vllm/0.24.0.csv,zai-org/GLM-5.2-FP8,1,1,8,1,8,fp8,ctx,1,8192
h200_sxm/vllm/0.24.0.csv,zai-org/GLM-5.2-FP8,1,1,8,1,8,fp8,ctx,4,4096
h200_sxm/vllm/0.24.0.csv,zai-org/GLM-5.2-FP8,1,1,8,1,8,fp8,gen,1,1024
h200_sxm/vllm/0.24.0.csv,zai-org/GLM-5.2-FP8,1,1,8,1,8,fp8,gen,128,1024
h200_sxm/vllm/0.24.0.csv,zai-org/GLM-5.2-FP8,1,1,8,1,8,fp8,gen,32,1024
h200_sxm/vllm/0.24.0.csv,zai-org/GLM-5.2-FP8,1,1,8,1,8,fp8,gen,32,8192
h200_sxm/vllm/0.24.0.csv,zai-org/GLM-5.2-FP8,1,1,8,1,8,fp8,gen,8,32768
h200_sxm/vllm/0.24.0.csv,zai-org/GLM-5.2-FP8,4,1,1,1,4,fp8,ctx,1,1024
h200_sxm/vllm/0.24.0.csv,zai-org/GLM-5.2-FP8,4,1,1,1,4,fp8,ctx,1,32768
h200_sxm/vllm/0.24.0.csv,zai-org/GLM-5.2-FP8,4,1,1,1,4,fp8,ctx,1,8192
h200_sxm/vllm/0.24.0.csv,zai-org/GLM-5.2-FP8,4,1,1,1,4,fp8,ctx,4,4096
h200_sxm/vllm/0.24.0.csv,zai-org/GLM-5.2-FP8,4,1,1,1,4,fp8,gen,1,1024
h200_sxm/vllm/0.24.0.csv,zai-org/GLM-5.2-FP8,4,1,1,1,4,fp8,gen,128,1024
h200_sxm/vllm/0.24.0.csv,zai-org/GLM-5.2-FP8,4,1,1,1,4,fp8,gen,32,1024
h200_sxm/vllm/0.24.0.csv,zai-org/GLM-5.2-FP8,4,1,1,1,4,fp8,gen,32,8192
h200_sxm/vllm/0.24.0.csv,zai-org/GLM-5.2-FP8,4,1,1,1,4,fp8,gen,8,32768
h200_sxm/vllm/0.24.0.csv,zai-org/GLM-5.2-FP8,8,1,1,1,8,fp8,ctx,1,1024
h200_sxm/vllm/0.24.0.csv,zai-org/GLM-5.2-FP8,8,1,1,1,8,fp8,ctx,1,32768
h200_sxm/vllm/0.24.0.csv,zai-org/GLM-5.2-FP8,8,1,1,1,8,fp8,ctx,1,8192
h200_sxm/vllm/0.24.0.csv,zai-org/GLM-5.2-FP8,8,1,1,1,8,fp8,ctx,4,4096
h200_sxm/vllm/0.24.0.csv,zai-org/GLM-5.2-FP8,8,1,1,1,8,fp8,gen,1,1024
h200_sxm/vllm/0.24.0.csv,zai-org/GLM-5.2-FP8,8,1,1,1,8,fp8,gen,128,1024
h200_sxm/vllm/0.24.0.csv,zai-org/GLM-5.2-FP8,8,1,1,1,8,fp8,gen,32,1024
h200_sxm/vllm/0.24.0.csv,zai-org/GLM-5.2-FP8,8,1,1,1,8,fp8,gen,32,8192
h200_sxm/vllm/0.24.0.csv,zai-org/GLM-5.2-FP8,8,1,1,1,8,fp8,gen,8,32768
h200_sxm/vllm/0.24.0.csv,zai-org/GLM-5.3-FP8,1,1,8,1,8,fp8,ctx,1,1024
h200_sxm/vllm/0.24.0.csv,zai-org/GLM-5.3-FP8,1,1,8,1,8,fp8,ctx,1,32768
h200_sxm/vllm/0.24.0.csv,zai-org/GLM-5.3-FP8,1,1,8,1,8,fp8,ctx,1,8192
h200_sxm/vllm/0.24.0.csv,zai-org/GLM-5.3-FP8,1,1,8,1,8,fp8,ctx,4,4096
h200_sxm/vllm/0.24.0.csv,zai-org/GLM-5.3-FP8,1,1,8,1,8,fp8,gen,1,1024
h200_sxm/vllm/0.24.0.csv,zai-org/GLM-5.3-FP8,1,1,8,1,8,fp8,gen,128,1024
h200_sxm/vllm/0.24.0.csv,zai-org/GLM-5.3-FP8,1,1,8,1,8,fp8,gen,32,1024
h200_sxm/vllm/0.24.0.csv,zai-org/GLM-5.3-FP8,1,1,8,1,8,fp8,gen,32,8192
h200_sxm/vllm/0.24.0.csv,zai-org/GLM-5.3-FP8,1,1,8,1,8,fp8,gen,8,32768
h200_sxm/vllm/0.24.0.csv,zai-org/GLM-5.3-FP8,4,1,1,1,4,fp8,ctx,1,1024
h200_sxm/vllm/0.24.0.csv,zai-org/GLM-5.3-FP8,4,1,1,1,4,fp8,ctx,1,32768
h200_sxm/vllm/0.24.0.csv,zai-org/GLM-5.3-FP8,4,1,1,1,4,fp8,ctx,1,8192
h200_sxm/vllm/0.24.0.csv,zai-org/GLM-5.3-FP8,4,1,1,1,4,fp8,ctx,4,4096
h200_sxm/vllm/0.24.0.csv,zai-org/GLM-5.3-FP8,4,1,1,1,4,fp8,gen,1,1024
h200_sxm/vllm/0.24.0.csv,zai-org/GLM-5.3-FP8,4,1,1,1,4,fp8,gen,128,1024
h200_sxm/vllm/0.24.0.csv,zai-org/GLM-5.3-FP8,4,1,1,1,4,fp8,gen,32,1024
h200_sxm/vllm/0.24.0.csv,zai-org/GLM-5.3-FP8,4,1,1,1,4,fp8,gen,32,8192
h200_sxm/vllm/0.24.0.csv,zai-org/GLM-5.3-FP8,4,1,1,1,4,fp8,gen,8,32768
h200_sxm/vllm/0.24.0.csv,zai-org/GLM-5.3-FP8,8,1,1,1,8,fp8,ctx,1,1024
h200_sxm/vllm/0.24.0.csv,zai-org/GLM-5.3-FP8,8,1,1,1,8,fp8,ctx,1,32768
h200_sxm/vllm/0.24.0.csv,zai-org/GLM-5.3-FP8,8,1,1,1,8,fp8,ctx,1,8192
h200_sxm/vllm/0.24.0.csv,zai-org/GLM-5.3-FP8,8,1,1,1,8,fp8,ctx,4,4096
h200_sxm/vllm/0.24.0.csv,zai-org/GLM-5.3-FP8,8,1,1,1,8,fp8,gen,1,1024
h200_sxm/vllm/0.24.0.csv,zai-org/GLM-5.3-FP8,8,1,1,1,8,fp8,gen,128,1024
h200_sxm/vllm/0.24.0.csv,zai-org/GLM-5.3-FP8,8,1,1,1,8,fp8,gen,32,1024
h200_sxm/vllm/0.24.0.csv,zai-org/GLM-5.3-FP8,8,1,1,1,8,fp8,gen,32,8192
h200_sxm/vllm/0.24.0.csv,zai-org/GLM-5.3-FP8,8,1,1,1,8,fp8,gen,8,32768
