scope,mode,purpose,metric,planned_points,predicted_points,observed_mean_supported,predicted_mean_supported,mape_percent,wape_percent,weighting
service-off,SOL,,ttft_ms,120,120,375.81189032083336,13.147427341666667,96.51167783006746,96.50159356840929,MAPE: equal supported HTTP cohort/trial pairs; WAPE: observed-value weighted within this metric
service-off,SOL,,average_tpot_ms,120,120,158.04122693032258,0.6936059658602153,99.56243576359398,99.56112339841172,MAPE: equal supported HTTP cohort/trial pairs; WAPE: observed-value weighted within this metric
service-off,SOL,,exact_itl_ms,120,120,158.04122693032258,0.6936059658602153,99.56243576359398,99.56112339841172,MAPE: equal supported HTTP cohort/trial pairs; WAPE: observed-value weighted within this metric
service-off,SOL,,output_tokens_per_second,120,120,8.985511720650955,1249.2247171648403,14470.360640191853,13802.65525216343,MAPE: equal supported HTTP cohort/trial pairs; WAPE: observed-value weighted within this metric
service-off,SOL,,request_latency_ms,120,120,4653.562021833333,32.46522721666667,99.30653622068448,99.30235748305604,MAPE: equal supported HTTP cohort/trial pairs; WAPE: observed-value weighted within this metric
service-off,SOL,,last_token_latency_ms,120,120,4653.042382920833,32.46522721666667,99.30645454437811,99.302279572268,MAPE: equal supported HTTP cohort/trial pairs; WAPE: observed-value weighted within this metric
service-off,SOL,,native_forward_interval_ms,3509,3509,155.87762566841235,1.0400783368986855,99.3732774595075,99.33275970015661,MAPE: equal correlated native intervals; WAPE: observed interval latency weighted
service-off,HYBRID,,ttft_ms,120,120,375.81189032083336,438.92547821666665,16.942318562987207,16.885695817569367,MAPE: equal supported HTTP cohort/trial pairs; WAPE: observed-value weighted within this metric
service-off,HYBRID,,average_tpot_ms,120,120,158.04122693032258,138.9268761311828,12.0720845907628,12.094534553042248,MAPE: equal supported HTTP cohort/trial pairs; WAPE: observed-value weighted within this metric
service-off,HYBRID,,exact_itl_ms,120,120,158.04122693032258,138.9268761311828,12.0720845907628,12.094534553042248,MAPE: equal supported HTTP cohort/trial pairs; WAPE: observed-value weighted within this metric
service-off,HYBRID,,output_tokens_per_second,120,120,8.985511720650955,9.820575520646122,10.184978887436673,9.293447340077277,MAPE: equal supported HTTP cohort/trial pairs; WAPE: observed-value weighted within this metric
service-off,HYBRID,,request_latency_ms,120,120,4653.562021833333,4204.090317216667,9.778636364098029,9.6586593776522,MAPE: equal supported HTTP cohort/trial pairs; WAPE: observed-value weighted within this metric
service-off,HYBRID,,last_token_latency_ms,120,120,4653.042382920833,4204.090317216667,9.76833068995385,9.648570306431377,MAPE: equal supported HTTP cohort/trial pairs; WAPE: observed-value weighted within this metric
service-off,HYBRID,,native_forward_interval_ms,3509,3509,155.87762566841235,141.63335186196778,11.411987177174431,11.732084803594553,MAPE: equal correlated native intervals; WAPE: observed interval latency weighted
service-off,SILICON,,ttft_ms,120,120,375.81189032083336,438.92547821666665,16.942318562987207,16.885695817569367,MAPE: equal supported HTTP cohort/trial pairs; WAPE: observed-value weighted within this metric
service-off,SILICON,,average_tpot_ms,120,120,158.04122693032258,138.9268761311828,12.0720845907628,12.094534553042248,MAPE: equal supported HTTP cohort/trial pairs; WAPE: observed-value weighted within this metric
service-off,SILICON,,exact_itl_ms,120,120,158.04122693032258,138.9268761311828,12.0720845907628,12.094534553042248,MAPE: equal supported HTTP cohort/trial pairs; WAPE: observed-value weighted within this metric
service-off,SILICON,,output_tokens_per_second,120,120,8.985511720650955,9.820575520646122,10.184978887436673,9.293447340077277,MAPE: equal supported HTTP cohort/trial pairs; WAPE: observed-value weighted within this metric
service-off,SILICON,,request_latency_ms,120,120,4653.562021833333,4204.090317216667,9.778636364098029,9.6586593776522,MAPE: equal supported HTTP cohort/trial pairs; WAPE: observed-value weighted within this metric
service-off,SILICON,,last_token_latency_ms,120,120,4653.042382920833,4204.090317216667,9.76833068995385,9.648570306431377,MAPE: equal supported HTTP cohort/trial pairs; WAPE: observed-value weighted within this metric
service-off,SILICON,,native_forward_interval_ms,3509,3509,155.87762566841235,141.63335186196778,11.411987177174431,11.732084803594553,MAPE: equal correlated native intervals; WAPE: observed interval latency weighted
service-on,SOL,,ttft_ms,120,120,371.38254486666665,12.822776104166666,96.53572602721057,96.54728627357265,MAPE: equal supported HTTP cohort/trial pairs; WAPE: observed-value weighted within this metric
service-on,SOL,,average_tpot_ms,120,120,158.4319531578136,0.6916929013440862,99.56460131137278,99.56341325877925,MAPE: equal supported HTTP cohort/trial pairs; WAPE: observed-value weighted within this metric
service-on,SOL,,exact_itl_ms,120,120,158.4319531578136,0.6916929013440862,99.56460131137278,99.56341325877925,MAPE: equal supported HTTP cohort/trial pairs; WAPE: observed-value weighted within this metric
service-on,SOL,,output_tokens_per_second,120,120,8.978137818413213,1262.7906532466218,14627.031738034922,13965.17341109168,MAPE: equal supported HTTP cohort/trial pairs; WAPE: observed-value weighted within this metric
service-on,SOL,,request_latency_ms,120,120,4658.633657825,32.08127097916667,99.31477981628085,99.31135879454096,MAPE: equal supported HTTP cohort/trial pairs; WAPE: observed-value weighted within this metric
service-on,SOL,,last_token_latency_ms,120,120,4658.105282216667,32.08127097916667,99.31469872868499,99.31128068097465,MAPE: equal supported HTTP cohort/trial pairs; WAPE: observed-value weighted within this metric
service-on,SOL,,native_forward_interval_ms,3504,3504,156.25071262551225,1.0114695980488224,99.38577652425691,99.35266240962815,MAPE: equal correlated native intervals; WAPE: observed interval latency weighted
service-on,HYBRID,,ttft_ms,120,120,371.38254486666665,416.2583191041667,16.60030656094571,16.82339088569654,MAPE: equal supported HTTP cohort/trial pairs; WAPE: observed-value weighted within this metric
service-on,HYBRID,,average_tpot_ms,120,120,158.4319531578136,150.91505756263442,4.71805644210443,4.744557802485488,MAPE: equal supported HTTP cohort/trial pairs; WAPE: observed-value weighted within this metric
service-on,HYBRID,,exact_itl_ms,120,120,158.4319531578136,150.91505756263442,4.71805644210443,4.744557802485488,MAPE: equal supported HTTP cohort/trial pairs; WAPE: observed-value weighted within this metric
service-on,HYBRID,,output_tokens_per_second,120,120,8.978137818413213,9.172804892439357,3.7672404553553465,3.0606921212501996,MAPE: equal supported HTTP cohort/trial pairs; WAPE: observed-value weighted within this metric
service-on,HYBRID,,request_latency_ms,120,120,4658.633657825,4505.114682479167,3.593399825809115,3.308144742260156,MAPE: equal supported HTTP cohort/trial pairs; WAPE: observed-value weighted within this metric
service-on,HYBRID,,last_token_latency_ms,120,120,4658.105282216667,4505.114682479167,3.583261394078061,3.298192317751201,MAPE: equal supported HTTP cohort/trial pairs; WAPE: observed-value weighted within this metric
service-on,HYBRID,,native_forward_interval_ms,3504,3504,156.25071262551225,151.65230070069555,3.4988984054047556,3.759749952906471,MAPE: equal correlated native intervals; WAPE: observed interval latency weighted
service-on,SILICON,,ttft_ms,120,120,371.38254486666665,416.2583191041667,16.60030656094571,16.82339088569654,MAPE: equal supported HTTP cohort/trial pairs; WAPE: observed-value weighted within this metric
service-on,SILICON,,average_tpot_ms,120,120,158.4319531578136,150.91505756263442,4.71805644210443,4.744557802485488,MAPE: equal supported HTTP cohort/trial pairs; WAPE: observed-value weighted within this metric
service-on,SILICON,,exact_itl_ms,120,120,158.4319531578136,150.91505756263442,4.71805644210443,4.744557802485488,MAPE: equal supported HTTP cohort/trial pairs; WAPE: observed-value weighted within this metric
service-on,SILICON,,output_tokens_per_second,120,120,8.978137818413213,9.172804892439357,3.7672404553553465,3.0606921212501996,MAPE: equal supported HTTP cohort/trial pairs; WAPE: observed-value weighted within this metric
service-on,SILICON,,request_latency_ms,120,120,4658.633657825,4505.114682479167,3.593399825809115,3.308144742260156,MAPE: equal supported HTTP cohort/trial pairs; WAPE: observed-value weighted within this metric
service-on,SILICON,,last_token_latency_ms,120,120,4658.105282216667,4505.114682479167,3.583261394078061,3.298192317751201,MAPE: equal supported HTTP cohort/trial pairs; WAPE: observed-value weighted within this metric
service-on,SILICON,,native_forward_interval_ms,3504,3504,156.25071262551225,151.65230070069555,3.4988984054047556,3.759749952906471,MAPE: equal correlated native intervals; WAPE: observed interval latency weighted
service-off,SOL,boundary-129,ttft_ms,30,30,345.00782223333334,9.933473000000001,97.12027875432717,97.12079774432424,MAPE: equal supported HTTP cohort/trial pairs; WAPE: observed-value weighted within this metric
service-off,SOL,boundary-129,average_tpot_ms,30,30,155.51188556,0.5459962666666671,99.64861768766107,99.64890383477731,MAPE: equal supported HTTP cohort/trial pairs; WAPE: observed-value weighted within this metric
service-off,SOL,boundary-129,exact_itl_ms,30,30,155.51188556,0.5459962666666671,99.64861768766107,99.6489038347773,MAPE: equal supported HTTP cohort/trial pairs; WAPE: observed-value weighted within this metric
service-off,SOL,boundary-129,output_tokens_per_second,30,30,5.978281628528662,868.2602316984957,14432.615635748944,14423.575262080562,MAPE: equal supported HTTP cohort/trial pairs; WAPE: observed-value weighted within this metric
service-off,SOL,boundary-129,request_latency_ms,30,30,2678.0412351,18.123417000000007,99.3228319318921,99.32325847853036,MAPE: equal supported HTTP cohort/trial pairs; WAPE: observed-value weighted within this metric
service-off,SOL,boundary-129,last_token_latency_ms,30,30,2677.686105633333,18.123417000000007,99.32274207575574,99.32316872534567,MAPE: equal supported HTTP cohort/trial pairs; WAPE: observed-value weighted within this metric
service-off,SOL,boundary-129,native_forward_interval_ms,510,510,154.24700670429306,1.0660843866801482,99.35922131151577,99.30884598057457,MAPE: equal correlated native intervals; WAPE: observed interval latency weighted
service-off,SOL,engram-distinct-text,ttft_ms,30,30,407.02656713333334,16.4908611,95.87803213692729,95.94845584254013,MAPE: equal supported HTTP cohort/trial pairs; WAPE: observed-value weighted within this metric
service-off,SOL,engram-distinct-text,average_tpot_ms,30,30,160.8352146360215,0.8494086935483872,99.47168233630065,99.4718764199304,MAPE: equal supported HTTP cohort/trial pairs; WAPE: observed-value weighted within this metric
service-off,SOL,engram-distinct-text,exact_itl_ms,30,30,160.8352146360215,0.8494086935483872,99.47168233630065,99.4718764199304,MAPE: equal supported HTTP cohort/trial pairs; WAPE: observed-value weighted within this metric
service-off,SOL,engram-distinct-text,output_tokens_per_second,30,30,11.87249589998524,1463.336441675882,12232.998854859172,12225.432276440719,MAPE: equal supported HTTP cohort/trial pairs; WAPE: observed-value weighted within this metric
service-off,SOL,engram-distinct-text,request_latency_ms,30,30,5393.612627783334,42.8225306,99.20556033973872,99.20605105417816,MAPE: equal supported HTTP cohort/trial pairs; WAPE: observed-value weighted within this metric
service-off,SOL,engram-distinct-text,last_token_latency_ms,30,30,5392.91822085,42.8225306,99.20545796259597,99.2059488231355,MAPE: equal supported HTTP cohort/trial pairs; WAPE: observed-value weighted within this metric
service-off,SOL,engram-distinct-text,native_forward_interval_ms,1005,1005,157.72169733000038,1.1449099942729566,99.31586715046393,99.2740948051824,MAPE: equal correlated native intervals; WAPE: observed interval latency weighted
service-off,SOL,engram-repeated-text,ttft_ms,30,30,405.4389406166667,15.979127266666666,95.99462593005181,96.05880795703474,MAPE: equal supported HTTP cohort/trial pairs; WAPE: observed-value weighted within this metric
service-off,SOL,engram-repeated-text,average_tpot_ms,30,30,160.71975118010752,0.8329441935483872,99.48162555017085,99.48174123750667,MAPE: equal supported HTTP cohort/trial pairs; WAPE: observed-value weighted within this metric
service-off,SOL,engram-repeated-text,exact_itl_ms,30,30,160.71975118010752,0.8329441935483872,99.48162555017085,99.48174123750667,MAPE: equal supported HTTP cohort/trial pairs; WAPE: observed-value weighted within this metric
service-off,SOL,engram-repeated-text,output_tokens_per_second,30,30,11.881033704049523,1497.8278169494863,12511.704750267927,12506.881305613733,MAPE: equal supported HTTP cohort/trial pairs; WAPE: observed-value weighted within this metric
service-off,SOL,engram-repeated-text,request_latency_ms,30,30,5388.451541983333,41.80039726666667,99.22396458606993,99.22425956805985,MAPE: equal supported HTTP cohort/trial pairs; WAPE: observed-value weighted within this metric
service-off,SOL,engram-repeated-text,last_token_latency_ms,30,30,5387.7512272,41.80039726666667,99.22386366285194,99.22415873517623,MAPE: equal supported HTTP cohort/trial pairs; WAPE: observed-value weighted within this metric
service-off,SOL,engram-repeated-text,native_forward_interval_ms,1004,1004,157.69953696566273,1.1373101049963041,99.32120735241452,99.27881202007339,MAPE: equal correlated native intervals; WAPE: observed interval latency weighted
service-off,SOL,heldout-single-192,ttft_ms,30,30,345.7742313,10.186248,97.05377449896355,97.0540754405836,MAPE: equal supported HTTP cohort/trial pairs; WAPE: observed-value weighted within this metric
service-off,SOL,heldout-single-192,average_tpot_ms,30,30,155.0980563451613,0.5460747096774193,99.64781748024333,99.64791647133077,MAPE: equal supported HTTP cohort/trial pairs; WAPE: observed-value weighted within this metric
service-off,SOL,heldout-single-192,exact_itl_ms,30,30,155.0980563451613,0.5460747096774193,99.64781748024333,99.64791647133077,MAPE: equal supported HTTP cohort/trial pairs; WAPE: observed-value weighted within this metric
service-off,SOL,heldout-single-192,output_tokens_per_second,30,30,6.21023565004039,1167.4743783354972,18704.12331989137,18699.19610341846,MAPE: equal supported HTTP cohort/trial pairs; WAPE: observed-value weighted within this metric
service-off,SOL,heldout-single-192,request_latency_ms,30,30,5154.142682466667,27.114564,99.47378802503718,99.4739267872378,MAPE: equal supported HTTP cohort/trial pairs; WAPE: observed-value weighted within this metric
service-off,SOL,heldout-single-192,last_token_latency_ms,30,30,5153.813978,27.114564,99.47375447630881,99.47389323487918,MAPE: equal supported HTTP cohort/trial pairs; WAPE: observed-value weighted within this metric
service-off,SOL,heldout-single-192,native_forward_interval_ms,990,990,152.99795365767045,0.8216545023333341,99.49160511969534,99.4629637307622,MAPE: equal correlated native intervals; WAPE: observed interval latency weighted
service-off,HYBRID,boundary-129,ttft_ms,30,30,345.00782223333334,359.264744,4.335058898299977,4.329324458977505,MAPE: equal supported HTTP cohort/trial pairs; WAPE: observed-value weighted within this metric
service-off,HYBRID,boundary-129,average_tpot_ms,30,30,155.51188556,135.39208026666665,12.86683601900334,12.937792645804336,MAPE: equal supported HTTP cohort/trial pairs; WAPE: observed-value weighted within this metric
service-off,HYBRID,boundary-129,exact_itl_ms,30,30,155.51188556,135.39208026666665,12.866836019003339,12.937792645804333,MAPE: equal supported HTTP cohort/trial pairs; WAPE: observed-value weighted within this metric
service-off,HYBRID,boundary-129,output_tokens_per_second,30,30,5.978281628528662,6.6932974861220025,12.030784845225774,11.960223723506912,MAPE: equal supported HTTP cohort/trial pairs; WAPE: observed-value weighted within this metric
service-off,HYBRID,boundary-129,request_latency_ms,30,30,2678.0412351,2390.145948,10.693964934808609,10.750218604802393,MAPE: equal supported HTTP cohort/trial pairs; WAPE: observed-value weighted within this metric
service-off,HYBRID,boundary-129,last_token_latency_ms,30,30,2677.686105633333,2390.145948,10.68211456022371,10.738381807651184,MAPE: equal supported HTTP cohort/trial pairs; WAPE: observed-value weighted within this metric
service-off,HYBRID,boundary-129,native_forward_interval_ms,510,510,154.24700670429306,140.6227338794463,11.568299584120279,12.018072077968634,MAPE: equal correlated native intervals; WAPE: observed interval latency weighted
service-off,HYBRID,engram-distinct-text,ttft_ms,30,30,407.02656713333334,530.4144201,32.580227091082136,30.314446999290688,MAPE: equal supported HTTP cohort/trial pairs; WAPE: observed-value weighted within this metric
service-off,HYBRID,engram-distinct-text,average_tpot_ms,30,30,160.8352146360215,142.92020587096778,11.10607904688383,11.138735261177931,MAPE: equal supported HTTP cohort/trial pairs; WAPE: observed-value weighted within this metric
service-off,HYBRID,engram-distinct-text,exact_itl_ms,30,30,160.8352146360215,142.92020587096778,11.106079046883831,11.138735261177931,MAPE: equal supported HTTP cohort/trial pairs; WAPE: observed-value weighted within this metric
service-off,HYBRID,engram-distinct-text,output_tokens_per_second,30,30,11.87249589998524,12.726422966152787,7.258712556381952,7.192481457657175,MAPE: equal supported HTTP cohort/trial pairs; WAPE: observed-value weighted within this metric
service-off,HYBRID,engram-distinct-text,request_latency_ms,30,30,5393.612627783334,4960.940802100001,7.965091067880478,8.021929929757531,MAPE: equal supported HTTP cohort/trial pairs; WAPE: observed-value weighted within this metric
service-off,HYBRID,engram-distinct-text,last_token_latency_ms,30,30,5392.91822085,4960.940802100001,7.953230791677305,8.010086581322458,MAPE: equal supported HTTP cohort/trial pairs; WAPE: observed-value weighted within this metric
service-off,HYBRID,engram-distinct-text,native_forward_interval_ms,1005,1005,157.72169733000038,143.93654306610654,11.45900143059077,11.791628991810905,MAPE: equal correlated native intervals; WAPE: observed interval latency weighted
service-off,HYBRID,engram-repeated-text,ttft_ms,30,30,405.4389406166667,513.9174997666667,28.819603750748865,26.7558313429405,MAPE: equal supported HTTP cohort/trial pairs; WAPE: observed-value weighted within this metric
service-off,HYBRID,engram-repeated-text,average_tpot_ms,30,30,160.71975118010752,142.3880901935484,11.386202715611931,11.405978949044096,MAPE: equal supported HTTP cohort/trial pairs; WAPE: observed-value weighted within this metric
service-off,HYBRID,engram-repeated-text,exact_itl_ms,30,30,160.71975118010752,142.3880901935484,11.386202715611931,11.405978949044096,MAPE: equal supported HTTP cohort/trial pairs; WAPE: observed-value weighted within this metric
service-off,HYBRID,engram-repeated-text,output_tokens_per_second,30,30,11.881033704049523,12.810428501998201,7.86353353925209,7.822507881884923,MAPE: equal supported HTTP cohort/trial pairs; WAPE: observed-value weighted within this metric
service-off,HYBRID,engram-repeated-text,request_latency_ms,30,30,5388.451541983333,4927.948295766667,8.511317784758388,8.546114642188437,MAPE: equal supported HTTP cohort/trial pairs; WAPE: observed-value weighted within this metric
service-off,HYBRID,engram-repeated-text,last_token_latency_ms,30,30,5387.7512272,4927.948295766667,8.499419752344807,8.53422721361044,MAPE: equal supported HTTP cohort/trial pairs; WAPE: observed-value weighted within this metric
service-off,HYBRID,engram-repeated-text,native_forward_interval_ms,1004,1004,157.69953696566273,143.927320610227,11.463771504130738,11.780955176698477,MAPE: equal correlated native intervals; WAPE: observed interval latency weighted
service-off,HYBRID,heldout-single-192,ttft_ms,30,30,345.7742313,352.105249,2.0343845118178585,2.0333760578107394,MAPE: equal supported HTTP cohort/trial pairs; WAPE: observed-value weighted within this metric
service-off,HYBRID,heldout-single-192,average_tpot_ms,30,30,155.0980563451613,135.00712819354837,12.929220581552103,12.953694343468616,MAPE: equal supported HTTP cohort/trial pairs; WAPE: observed-value weighted within this metric
service-off,HYBRID,heldout-single-192,exact_itl_ms,30,30,155.0980563451613,135.00712819354837,12.929220581552103,12.953694343468616,MAPE: equal supported HTTP cohort/trial pairs; WAPE: observed-value weighted within this metric
service-off,HYBRID,heldout-single-192,output_tokens_per_second,30,30,6.21023565004039,7.052153128311498,13.586884608886878,13.55693287203411,MAPE: equal supported HTTP cohort/trial pairs; WAPE: observed-value weighted within this metric
service-off,HYBRID,heldout-single-192,request_latency_ms,30,30,5154.142682466667,4537.326223,11.94417166894464,11.967392008082154,MAPE: equal supported HTTP cohort/trial pairs; WAPE: observed-value weighted within this metric
service-off,HYBRID,heldout-single-192,last_token_latency_ms,30,30,5153.813978,4537.326223,11.938557655569578,11.961777387224126,MAPE: equal supported HTTP cohort/trial pairs; WAPE: observed-value weighted within this metric
service-off,HYBRID,heldout-single-192,native_forward_interval_ms,990,990,152.99795365767045,137.4894764959821,11.231219382740152,11.470158164720612,MAPE: equal correlated native intervals; WAPE: observed interval latency weighted
service-off,SILICON,boundary-129,ttft_ms,30,30,345.00782223333334,359.264744,4.335058898299977,4.329324458977505,MAPE: equal supported HTTP cohort/trial pairs; WAPE: observed-value weighted within this metric
service-off,SILICON,boundary-129,average_tpot_ms,30,30,155.51188556,135.39208026666665,12.86683601900334,12.937792645804336,MAPE: equal supported HTTP cohort/trial pairs; WAPE: observed-value weighted within this metric
service-off,SILICON,boundary-129,exact_itl_ms,30,30,155.51188556,135.39208026666665,12.866836019003339,12.937792645804333,MAPE: equal supported HTTP cohort/trial pairs; WAPE: observed-value weighted within this metric
service-off,SILICON,boundary-129,output_tokens_per_second,30,30,5.978281628528662,6.6932974861220025,12.030784845225774,11.960223723506912,MAPE: equal supported HTTP cohort/trial pairs; WAPE: observed-value weighted within this metric
service-off,SILICON,boundary-129,request_latency_ms,30,30,2678.0412351,2390.145948,10.693964934808609,10.750218604802393,MAPE: equal supported HTTP cohort/trial pairs; WAPE: observed-value weighted within this metric
service-off,SILICON,boundary-129,last_token_latency_ms,30,30,2677.686105633333,2390.145948,10.68211456022371,10.738381807651184,MAPE: equal supported HTTP cohort/trial pairs; WAPE: observed-value weighted within this metric
service-off,SILICON,boundary-129,native_forward_interval_ms,510,510,154.24700670429306,140.6227338794463,11.568299584120279,12.018072077968634,MAPE: equal correlated native intervals; WAPE: observed interval latency weighted
service-off,SILICON,engram-distinct-text,ttft_ms,30,30,407.02656713333334,530.4144201,32.580227091082136,30.314446999290688,MAPE: equal supported HTTP cohort/trial pairs; WAPE: observed-value weighted within this metric
service-off,SILICON,engram-distinct-text,average_tpot_ms,30,30,160.8352146360215,142.92020587096778,11.10607904688383,11.138735261177931,MAPE: equal supported HTTP cohort/trial pairs; WAPE: observed-value weighted within this metric
service-off,SILICON,engram-distinct-text,exact_itl_ms,30,30,160.8352146360215,142.92020587096778,11.106079046883831,11.138735261177931,MAPE: equal supported HTTP cohort/trial pairs; WAPE: observed-value weighted within this metric
service-off,SILICON,engram-distinct-text,output_tokens_per_second,30,30,11.87249589998524,12.726422966152787,7.258712556381952,7.192481457657175,MAPE: equal supported HTTP cohort/trial pairs; WAPE: observed-value weighted within this metric
service-off,SILICON,engram-distinct-text,request_latency_ms,30,30,5393.612627783334,4960.940802100001,7.965091067880478,8.021929929757531,MAPE: equal supported HTTP cohort/trial pairs; WAPE: observed-value weighted within this metric
service-off,SILICON,engram-distinct-text,last_token_latency_ms,30,30,5392.91822085,4960.940802100001,7.953230791677305,8.010086581322458,MAPE: equal supported HTTP cohort/trial pairs; WAPE: observed-value weighted within this metric
service-off,SILICON,engram-distinct-text,native_forward_interval_ms,1005,1005,157.72169733000038,143.93654306610654,11.45900143059077,11.791628991810905,MAPE: equal correlated native intervals; WAPE: observed interval latency weighted
service-off,SILICON,engram-repeated-text,ttft_ms,30,30,405.4389406166667,513.9174997666667,28.819603750748865,26.7558313429405,MAPE: equal supported HTTP cohort/trial pairs; WAPE: observed-value weighted within this metric
service-off,SILICON,engram-repeated-text,average_tpot_ms,30,30,160.71975118010752,142.3880901935484,11.386202715611931,11.405978949044096,MAPE: equal supported HTTP cohort/trial pairs; WAPE: observed-value weighted within this metric
service-off,SILICON,engram-repeated-text,exact_itl_ms,30,30,160.71975118010752,142.3880901935484,11.386202715611931,11.405978949044096,MAPE: equal supported HTTP cohort/trial pairs; WAPE: observed-value weighted within this metric
service-off,SILICON,engram-repeated-text,output_tokens_per_second,30,30,11.881033704049523,12.810428501998201,7.86353353925209,7.822507881884923,MAPE: equal supported HTTP cohort/trial pairs; WAPE: observed-value weighted within this metric
service-off,SILICON,engram-repeated-text,request_latency_ms,30,30,5388.451541983333,4927.948295766667,8.511317784758388,8.546114642188437,MAPE: equal supported HTTP cohort/trial pairs; WAPE: observed-value weighted within this metric
service-off,SILICON,engram-repeated-text,last_token_latency_ms,30,30,5387.7512272,4927.948295766667,8.499419752344807,8.53422721361044,MAPE: equal supported HTTP cohort/trial pairs; WAPE: observed-value weighted within this metric
service-off,SILICON,engram-repeated-text,native_forward_interval_ms,1004,1004,157.69953696566273,143.927320610227,11.463771504130738,11.780955176698477,MAPE: equal correlated native intervals; WAPE: observed interval latency weighted
service-off,SILICON,heldout-single-192,ttft_ms,30,30,345.7742313,352.105249,2.0343845118178585,2.0333760578107394,MAPE: equal supported HTTP cohort/trial pairs; WAPE: observed-value weighted within this metric
service-off,SILICON,heldout-single-192,average_tpot_ms,30,30,155.0980563451613,135.00712819354837,12.929220581552103,12.953694343468616,MAPE: equal supported HTTP cohort/trial pairs; WAPE: observed-value weighted within this metric
service-off,SILICON,heldout-single-192,exact_itl_ms,30,30,155.0980563451613,135.00712819354837,12.929220581552103,12.953694343468616,MAPE: equal supported HTTP cohort/trial pairs; WAPE: observed-value weighted within this metric
service-off,SILICON,heldout-single-192,output_tokens_per_second,30,30,6.21023565004039,7.052153128311498,13.586884608886878,13.55693287203411,MAPE: equal supported HTTP cohort/trial pairs; WAPE: observed-value weighted within this metric
service-off,SILICON,heldout-single-192,request_latency_ms,30,30,5154.142682466667,4537.326223,11.94417166894464,11.967392008082154,MAPE: equal supported HTTP cohort/trial pairs; WAPE: observed-value weighted within this metric
service-off,SILICON,heldout-single-192,last_token_latency_ms,30,30,5153.813978,4537.326223,11.938557655569578,11.961777387224126,MAPE: equal supported HTTP cohort/trial pairs; WAPE: observed-value weighted within this metric
service-off,SILICON,heldout-single-192,native_forward_interval_ms,990,990,152.99795365767045,137.4894764959821,11.231219382740152,11.470158164720612,MAPE: equal correlated native intervals; WAPE: observed interval latency weighted
service-on,SOL,boundary-129,ttft_ms,30,30,356.4389673333333,9.931709000000001,97.15663602884075,97.21362984684218,MAPE: equal supported HTTP cohort/trial pairs; WAPE: observed-value weighted within this metric
service-on,SOL,boundary-129,average_tpot_ms,30,30,156.16695263555556,0.5459962666666671,99.65001765014277,99.65037656338158,MAPE: equal supported HTTP cohort/trial pairs; WAPE: observed-value weighted within this metric
service-on,SOL,boundary-129,exact_itl_ms,30,30,156.16695263555556,0.5459962666666671,99.65001765014277,99.65037656338158,MAPE: equal supported HTTP cohort/trial pairs; WAPE: observed-value weighted within this metric
service-on,SOL,boundary-129,output_tokens_per_second,30,30,5.935249815358062,868.0573958662351,14544.711223809423,14525.456768812803,MAPE: equal supported HTTP cohort/trial pairs; WAPE: observed-value weighted within this metric
service-on,SOL,boundary-129,request_latency_ms,30,30,2699.2778537,18.12165300000001,99.32777163986104,99.32864810581985,MAPE: equal supported HTTP cohort/trial pairs; WAPE: observed-value weighted within this metric
service-on,SOL,boundary-129,last_token_latency_ms,30,30,2698.9432568666666,18.12165300000001,99.32768850462357,99.32856487612717,MAPE: equal supported HTTP cohort/trial pairs; WAPE: observed-value weighted within this metric
service-on,SOL,boundary-129,native_forward_interval_ms,510,510,155.43808363372204,1.0659805955428934,99.36092165996142,99.31420886656402,MAPE: equal correlated native intervals; WAPE: observed interval latency weighted
service-on,SOL,engram-distinct-text,ttft_ms,30,30,386.3346519666667,15.780872233333332,95.85933667338267,95.91523251849151,MAPE: equal supported HTTP cohort/trial pairs; WAPE: observed-value weighted within this metric
service-on,SOL,engram-distinct-text,average_tpot_ms,30,30,161.0337629155914,0.8417589193548388,99.47714112324147,99.47727799182333,MAPE: equal supported HTTP cohort/trial pairs; WAPE: observed-value weighted within this metric
service-on,SOL,engram-distinct-text,exact_itl_ms,30,30,161.0337629155914,0.8417589193548388,99.47714112324147,99.47727799182331,MAPE: equal supported HTTP cohort/trial pairs; WAPE: observed-value weighted within this metric
service-on,SOL,engram-distinct-text,output_tokens_per_second,30,30,11.902184581991012,1495.9997921894953,12474.338445815683,12469.119407315078,MAPE: equal supported HTTP cohort/trial pairs; WAPE: observed-value weighted within this metric
service-on,SOL,engram-distinct-text,request_latency_ms,30,30,5379.061056333333,41.875398733333334,99.2211890745697,99.22151099802021,MAPE: equal supported HTTP cohort/trial pairs; WAPE: observed-value weighted within this metric
service-on,SOL,engram-distinct-text,last_token_latency_ms,30,30,5378.38130235,41.875398733333334,99.22109058632442,99.2214126076365,MAPE: equal supported HTTP cohort/trial pairs; WAPE: observed-value weighted within this metric
service-on,SOL,engram-distinct-text,native_forward_interval_ms,1000,1000,158.04549703979492,1.077649961658465,99.3487324231772,99.31813940805469,MAPE: equal correlated native intervals; WAPE: observed interval latency weighted
service-on,SOL,engram-repeated-text,ttft_ms,30,30,400.50909056666666,15.506595183333332,96.07000451280223,96.12827884595738,MAPE: equal supported HTTP cohort/trial pairs; WAPE: observed-value weighted within this metric
service-on,SOL,engram-repeated-text,average_tpot_ms,30,30,160.8280665403226,0.8329417096774194,99.48204711819257,99.48209182166063,MAPE: equal supported HTTP cohort/trial pairs; WAPE: observed-value weighted within this metric
service-on,SOL,engram-repeated-text,exact_itl_ms,30,30,160.8280665403226,0.8329417096774194,99.48204711819257,99.48209182166063,MAPE: equal supported HTTP cohort/trial pairs; WAPE: observed-value weighted within this metric
service-on,SOL,engram-repeated-text,output_tokens_per_second,30,30,11.883484970672347,1514.702399758851,12650.166357084567,12646.281107747733,MAPE: equal supported HTTP cohort/trial pairs; WAPE: observed-value weighted within this metric
service-on,SOL,engram-repeated-text,request_latency_ms,30,30,5386.948605233333,41.32778818333333,99.23258221384961,99.23281636392106,MAPE: equal supported HTTP cohort/trial pairs; WAPE: observed-value weighted within this metric
service-on,SOL,engram-repeated-text,last_token_latency_ms,30,30,5386.179153316667,41.32778818333333,99.23247281538627,99.23270676657896,MAPE: equal supported HTTP cohort/trial pairs; WAPE: observed-value weighted within this metric
service-on,SOL,engram-repeated-text,native_forward_interval_ms,1004,1004,157.61983590297015,1.1084472547288169,99.33111018099434,99.29675903519454,MAPE: equal correlated native intervals; WAPE: observed interval latency weighted
service-on,SOL,heldout-single-192,ttft_ms,30,30,342.2474696,10.071928000000002,97.05692689381662,97.05712126614947,MAPE: equal supported HTTP cohort/trial pairs; WAPE: observed-value weighted within this metric
service-on,SOL,heldout-single-192,average_tpot_ms,30,30,155.69903053978493,0.5460747096774193,99.64919935391433,99.649275459337,MAPE: equal supported HTTP cohort/trial pairs; WAPE: observed-value weighted within this metric
service-on,SOL,heldout-single-192,exact_itl_ms,30,30,155.69903053978496,0.5460747096774193,99.64919935391433,99.649275459337,MAPE: equal supported HTTP cohort/trial pairs; WAPE: observed-value weighted within this metric
service-on,SOL,heldout-single-192,output_tokens_per_second,30,30,6.191631905631433,1172.403025171906,18838.910925430017,18835.28302458643,MAPE: equal supported HTTP cohort/trial pairs; WAPE: observed-value weighted within this metric
service-on,SOL,heldout-single-192,request_latency_ms,30,30,5169.247116033333,27.000244000000002,99.47757633684301,99.47767550295181,MAPE: equal supported HTTP cohort/trial pairs; WAPE: observed-value weighted within this metric
service-on,SOL,heldout-single-192,last_token_latency_ms,30,30,5168.917416333334,27.000244000000002,99.47754300840569,99.47764218645317,MAPE: equal supported HTTP cohort/trial pairs; WAPE: observed-value weighted within this metric
service-on,SOL,heldout-single-192,native_forward_interval_ms,990,990,153.46794151537347,0.8181902650808094,99.49143823183877,99.46686568087,MAPE: equal correlated native intervals; WAPE: observed interval latency weighted
service-on,HYBRID,boundary-129,ttft_ms,30,30,356.4389673333333,330.080979,5.500617944648538,7.3948111034347,MAPE: equal supported HTTP cohort/trial pairs; WAPE: observed-value weighted within this metric
service-on,HYBRID,boundary-129,average_tpot_ms,30,30,156.16695263555556,147.37760526666668,5.531294339329223,5.628173708044651,MAPE: equal supported HTTP cohort/trial pairs; WAPE: observed-value weighted within this metric
service-on,HYBRID,boundary-129,exact_itl_ms,30,30,156.16695263555556,147.37760526666668,5.531294339329222,5.62817370804465,MAPE: equal supported HTTP cohort/trial pairs; WAPE: observed-value weighted within this metric
service-on,HYBRID,boundary-129,output_tokens_per_second,30,30,5.935249815358062,6.296594185877206,6.226616209684395,6.088107186055235,MAPE: equal supported HTTP cohort/trial pairs; WAPE: observed-value weighted within this metric
service-on,HYBRID,boundary-129,request_latency_ms,30,30,2699.2778537,2540.745058,5.750271022709948,5.8731558695483335,MAPE: equal supported HTTP cohort/trial pairs; WAPE: observed-value weighted within this metric
service-on,HYBRID,boundary-129,last_token_latency_ms,30,30,2698.9432568666666,2540.745058,5.738615052707448,5.861486656459995,MAPE: equal supported HTTP cohort/trial pairs; WAPE: observed-value weighted within this metric
service-on,HYBRID,boundary-129,native_forward_interval_ms,510,510,155.43808363372204,149.48646616986602,3.416472048028203,4.166914848589554,MAPE: equal correlated native intervals; WAPE: observed interval latency weighted
service-on,HYBRID,engram-distinct-text,ttft_ms,30,30,386.3346519666667,501.85176523333337,31.677585219750593,29.900790073739905,MAPE: equal supported HTTP cohort/trial pairs; WAPE: observed-value weighted within this metric
service-on,HYBRID,engram-distinct-text,average_tpot_ms,30,30,161.0337629155914,154.4682353870968,4.051996132962934,4.077112407747707,MAPE: equal supported HTTP cohort/trial pairs; WAPE: observed-value weighted within this metric
service-on,HYBRID,engram-distinct-text,exact_itl_ms,30,30,161.0337629155914,154.4682353870968,4.051996132962932,4.077112407747706,MAPE: equal supported HTTP cohort/trial pairs; WAPE: observed-value weighted within this metric
service-on,HYBRID,engram-distinct-text,output_tokens_per_second,30,30,11.902184581991012,11.92962358011049,1.7265663823796062,1.7067160158238053,MAPE: equal supported HTTP cohort/trial pairs; WAPE: observed-value weighted within this metric
service-on,HYBRID,engram-distinct-text,request_latency_ms,30,30,5379.061056333333,5290.367062233334,1.6411236860257468,1.6811460733813468,MAPE: equal supported HTTP cohort/trial pairs; WAPE: observed-value weighted within this metric
service-on,HYBRID,engram-distinct-text,last_token_latency_ms,30,30,5378.38130235,5290.367062233334,1.6313960519657107,1.671380955159417,MAPE: equal supported HTTP cohort/trial pairs; WAPE: observed-value weighted within this metric
service-on,HYBRID,engram-distinct-text,native_forward_interval_ms,1000,1000,158.04549703979492,153.7380508552129,3.739083110637445,4.0110950535376055,MAPE: equal correlated native intervals; WAPE: observed interval latency weighted
service-on,HYBRID,engram-repeated-text,ttft_ms,30,30,400.50909056666666,499.7018001833333,26.643977814647716,24.766656226534657,MAPE: equal supported HTTP cohort/trial pairs; WAPE: observed-value weighted within this metric
service-on,HYBRID,engram-repeated-text,average_tpot_ms,30,30,160.8280665403226,154.39891211290325,3.9892461289022196,3.9975326233294197,MAPE: equal supported HTTP cohort/trial pairs; WAPE: observed-value weighted within this metric
service-on,HYBRID,engram-repeated-text,exact_itl_ms,30,30,160.8280665403226,154.39891211290325,3.989246128902219,3.9975326233294193,MAPE: equal supported HTTP cohort/trial pairs; WAPE: observed-value weighted within this metric
service-on,HYBRID,engram-repeated-text,output_tokens_per_second,30,30,11.883484970672347,11.939147660861721,1.6978009971017234,1.686959082944953,MAPE: equal supported HTTP cohort/trial pairs; WAPE: observed-value weighted within this metric
service-on,HYBRID,engram-repeated-text,request_latency_ms,30,30,5386.948605233333,5286.0680756833335,1.8550040111011412,1.8846685502939842,MAPE: equal supported HTTP cohort/trial pairs; WAPE: observed-value weighted within this metric
service-on,HYBRID,engram-repeated-text,last_token_latency_ms,30,30,5386.179153316667,5286.0680756833335,1.8418863747024417,1.8715077503117963,MAPE: equal supported HTTP cohort/trial pairs; WAPE: observed-value weighted within this metric
service-on,HYBRID,engram-repeated-text,native_forward_interval_ms,1004,1004,157.61983590297015,153.69984557722518,3.542751536822541,3.602740796921724,MAPE: equal correlated native intervals; WAPE: observed interval latency weighted
service-on,HYBRID,heldout-single-192,ttft_ms,30,30,342.2474696,333.398732,2.5790452647359965,2.585479334687826,MAPE: equal supported HTTP cohort/trial pairs; WAPE: observed-value weighted within this metric
service-on,HYBRID,heldout-single-192,average_tpot_ms,30,30,155.69903053978493,147.41547748387097,5.2996891672233435,5.320234189767366,MAPE: equal supported HTTP cohort/trial pairs; WAPE: observed-value weighted within this metric
service-on,HYBRID,heldout-single-192,exact_itl_ms,30,30,155.69903053978496,147.41547748387097,5.299689167223346,5.320234189767368,MAPE: equal supported HTTP cohort/trial pairs; WAPE: observed-value weighted within this metric
service-on,HYBRID,heldout-single-192,output_tokens_per_second,30,30,6.191631905631433,6.5258541429080115,5.417978232255661,5.3979668425152365,MAPE: equal supported HTTP cohort/trial pairs; WAPE: observed-value weighted within this metric
service-on,HYBRID,heldout-single-192,request_latency_ms,30,30,5169.247116033333,4903.278534,5.127200583399623,5.1452092744489715,MAPE: equal supported HTTP cohort/trial pairs; WAPE: observed-value weighted within this metric
service-on,HYBRID,heldout-single-192,last_token_latency_ms,30,30,5168.917416333334,4903.278534,5.121148096936643,5.139158956069544,MAPE: equal supported HTTP cohort/trial pairs; WAPE: observed-value weighted within this metric
service-on,HYBRID,heldout-single-192,native_forward_interval_ms,990,990,153.46794151537347,148.5847152463218,3.2542763782187922,3.4493862633510863,MAPE: equal correlated native intervals; WAPE: observed interval latency weighted
service-on,SILICON,boundary-129,ttft_ms,30,30,356.4389673333333,330.080979,5.500617944648538,7.3948111034347,MAPE: equal supported HTTP cohort/trial pairs; WAPE: observed-value weighted within this metric
service-on,SILICON,boundary-129,average_tpot_ms,30,30,156.16695263555556,147.37760526666668,5.531294339329223,5.628173708044651,MAPE: equal supported HTTP cohort/trial pairs; WAPE: observed-value weighted within this metric
service-on,SILICON,boundary-129,exact_itl_ms,30,30,156.16695263555556,147.37760526666668,5.531294339329222,5.62817370804465,MAPE: equal supported HTTP cohort/trial pairs; WAPE: observed-value weighted within this metric
service-on,SILICON,boundary-129,output_tokens_per_second,30,30,5.935249815358062,6.296594185877206,6.226616209684395,6.088107186055235,MAPE: equal supported HTTP cohort/trial pairs; WAPE: observed-value weighted within this metric
service-on,SILICON,boundary-129,request_latency_ms,30,30,2699.2778537,2540.745058,5.750271022709948,5.8731558695483335,MAPE: equal supported HTTP cohort/trial pairs; WAPE: observed-value weighted within this metric
service-on,SILICON,boundary-129,last_token_latency_ms,30,30,2698.9432568666666,2540.745058,5.738615052707448,5.861486656459995,MAPE: equal supported HTTP cohort/trial pairs; WAPE: observed-value weighted within this metric
service-on,SILICON,boundary-129,native_forward_interval_ms,510,510,155.43808363372204,149.48646616986602,3.416472048028203,4.166914848589554,MAPE: equal correlated native intervals; WAPE: observed interval latency weighted
service-on,SILICON,engram-distinct-text,ttft_ms,30,30,386.3346519666667,501.85176523333337,31.677585219750593,29.900790073739905,MAPE: equal supported HTTP cohort/trial pairs; WAPE: observed-value weighted within this metric
service-on,SILICON,engram-distinct-text,average_tpot_ms,30,30,161.0337629155914,154.4682353870968,4.051996132962934,4.077112407747707,MAPE: equal supported HTTP cohort/trial pairs; WAPE: observed-value weighted within this metric
service-on,SILICON,engram-distinct-text,exact_itl_ms,30,30,161.0337629155914,154.4682353870968,4.051996132962932,4.077112407747706,MAPE: equal supported HTTP cohort/trial pairs; WAPE: observed-value weighted within this metric
service-on,SILICON,engram-distinct-text,output_tokens_per_second,30,30,11.902184581991012,11.92962358011049,1.7265663823796062,1.7067160158238053,MAPE: equal supported HTTP cohort/trial pairs; WAPE: observed-value weighted within this metric
service-on,SILICON,engram-distinct-text,request_latency_ms,30,30,5379.061056333333,5290.367062233334,1.6411236860257468,1.6811460733813468,MAPE: equal supported HTTP cohort/trial pairs; WAPE: observed-value weighted within this metric
service-on,SILICON,engram-distinct-text,last_token_latency_ms,30,30,5378.38130235,5290.367062233334,1.6313960519657107,1.671380955159417,MAPE: equal supported HTTP cohort/trial pairs; WAPE: observed-value weighted within this metric
service-on,SILICON,engram-distinct-text,native_forward_interval_ms,1000,1000,158.04549703979492,153.7380508552129,3.739083110637445,4.0110950535376055,MAPE: equal correlated native intervals; WAPE: observed interval latency weighted
service-on,SILICON,engram-repeated-text,ttft_ms,30,30,400.50909056666666,499.7018001833333,26.643977814647716,24.766656226534657,MAPE: equal supported HTTP cohort/trial pairs; WAPE: observed-value weighted within this metric
service-on,SILICON,engram-repeated-text,average_tpot_ms,30,30,160.8280665403226,154.39891211290325,3.9892461289022196,3.9975326233294197,MAPE: equal supported HTTP cohort/trial pairs; WAPE: observed-value weighted within this metric
service-on,SILICON,engram-repeated-text,exact_itl_ms,30,30,160.8280665403226,154.39891211290325,3.989246128902219,3.9975326233294193,MAPE: equal supported HTTP cohort/trial pairs; WAPE: observed-value weighted within this metric
service-on,SILICON,engram-repeated-text,output_tokens_per_second,30,30,11.883484970672347,11.939147660861721,1.6978009971017234,1.686959082944953,MAPE: equal supported HTTP cohort/trial pairs; WAPE: observed-value weighted within this metric
service-on,SILICON,engram-repeated-text,request_latency_ms,30,30,5386.948605233333,5286.0680756833335,1.8550040111011412,1.8846685502939842,MAPE: equal supported HTTP cohort/trial pairs; WAPE: observed-value weighted within this metric
service-on,SILICON,engram-repeated-text,last_token_latency_ms,30,30,5386.179153316667,5286.0680756833335,1.8418863747024417,1.8715077503117963,MAPE: equal supported HTTP cohort/trial pairs; WAPE: observed-value weighted within this metric
service-on,SILICON,engram-repeated-text,native_forward_interval_ms,1004,1004,157.61983590297015,153.69984557722518,3.542751536822541,3.602740796921724,MAPE: equal correlated native intervals; WAPE: observed interval latency weighted
service-on,SILICON,heldout-single-192,ttft_ms,30,30,342.2474696,333.398732,2.5790452647359965,2.585479334687826,MAPE: equal supported HTTP cohort/trial pairs; WAPE: observed-value weighted within this metric
service-on,SILICON,heldout-single-192,average_tpot_ms,30,30,155.69903053978493,147.41547748387097,5.2996891672233435,5.320234189767366,MAPE: equal supported HTTP cohort/trial pairs; WAPE: observed-value weighted within this metric
service-on,SILICON,heldout-single-192,exact_itl_ms,30,30,155.69903053978496,147.41547748387097,5.299689167223346,5.320234189767368,MAPE: equal supported HTTP cohort/trial pairs; WAPE: observed-value weighted within this metric
service-on,SILICON,heldout-single-192,output_tokens_per_second,30,30,6.191631905631433,6.5258541429080115,5.417978232255661,5.3979668425152365,MAPE: equal supported HTTP cohort/trial pairs; WAPE: observed-value weighted within this metric
service-on,SILICON,heldout-single-192,request_latency_ms,30,30,5169.247116033333,4903.278534,5.127200583399623,5.1452092744489715,MAPE: equal supported HTTP cohort/trial pairs; WAPE: observed-value weighted within this metric
service-on,SILICON,heldout-single-192,last_token_latency_ms,30,30,5168.917416333334,4903.278534,5.121148096936643,5.139158956069544,MAPE: equal supported HTTP cohort/trial pairs; WAPE: observed-value weighted within this metric
service-on,SILICON,heldout-single-192,native_forward_interval_ms,990,990,153.46794151537347,148.5847152463218,3.2542763782187922,3.4493862633510863,MAPE: equal correlated native intervals; WAPE: observed interval latency weighted
