scenario,minimum_request_sla_fraction,eligible_count,candidate_id,average_gpus,goodput_per_gpu,total_goodput_tok_s,request_sla_fraction,backend,deployment_mode
1,0.0,162,candidate-000159,39.999999999996746,34.386763888891686,1375.4705555555556,0.7850948660714285,sglang,disagg
1,0.9,41,candidate-000170,55.999999999995104,30.74898582176195,1721.9432060185186,0.940210193452381,sglang,disagg
1,0.95,33,candidate-000098,79.99999999998974,22.291878761576932,1783.350300925926,0.9585435267857143,sglang,disagg
1,0.99,24,candidate-000100,95.99999999996601,19.330479721264563,1855.7260532407408,0.9976804315476191,sglang,disagg
2,0.0,200,candidate-000228,71.9999999999687,23.210100147901038,1671.127210648148,0.893539806547619,sglang,disagg
2,0.9,76,candidate-000227,79.99999999994762,23.1995915798763,1855.967326388889,0.9978087797619047,sglang,disagg
2,0.95,59,candidate-000227,79.99999999994762,23.1995915798763,1855.967326388889,0.9978087797619047,sglang,disagg
2,0.99,42,candidate-000227,79.99999999994762,23.1995915798763,1855.967326388889,0.9978087797619047,sglang,disagg
3,0.0,242,candidate-000240,25.120195796339484,41.91012861163633,1052.7906365740741,0.5859802827380952,vllm,disagg
3,0.9,41,candidate-000202,64.1924267837849,27.289104139102903,1751.7538194444444,0.9317764136904761,vllm,agg
3,0.95,23,candidate-000212,79.68671853446014,22.339180292038392,1780.1359722222223,0.9524348958333333,vllm,agg
3,0.99,6,candidate-000010,151.4613464403128,12.25090506586848,1855.538576388889,0.9958891369047619,vllm,agg
