scenario,hour,requests,input_tokens,output_tokens,compliant_requests,compliant_output_tokens,gpu_hours,gpu_observed_seconds,first_admission_reused_input_tokens,max_admission_reused_input_tokens,prefill_max_reused_input_tokens,decode_max_reused_input_tokens,readmission_events,requests_readmitted,cache_history_requests,first_admission_cache_reuse_ratio,max_admission_cache_reuse_ratio,request_rate_rps,mean_isl,mean_osl,cohort_goodput_tok_s,request_sla_pass_fraction,ttft_mean_ms,ttft_p95_ms,itl_mean_ms,itl_p95_ms,average_allocated_gpus
1,0,24460,67348434,6560246,21284,5426392,40.0,3600.0,8172672,8172672,8172672,0,0,0,24460,0.12134910219293295,0.12134910219293295,6.794444444444444,2753.41103843009,268.2030253475061,1507.331111111111,0.8701553556827474,470.73242888747467,2242.3960104424905,33.90055917394773,51.8294017804558,40.0
1,1,29981,86271210,9084781,22087,6390161,40.0,3600.0,11596992,11596992,11596992,0,0,0,29981,0.13442482144390927,0.13442482144390927,8.328055555555556,2877.529435309029,303.01794469830895,1775.0447222222222,0.7366999099429639,765.1131247198613,4275.869646956213,40.00091975840463,56.830419315695394,40.0
1,2,44602,110342367,10786099,36094,7859295,40.0,3600.0,15754624,15754624,15754624,0,0,0,44602,0.14277946384818807,0.14277946384818807,12.389444444444445,2473.9331644320882,241.82994036141878,2183.1375,0.8092462221425049,643.3525163544994,2894.3112443359532,36.64263586343326,55.87384448966543,40.0
1,3,52509,139053669,13602154,29891,7786175,40.0,3600.0,15597184,15597184,15597184,0,0,0,52509,0.11216664840393388,0.11216664840393388,14.585833333333333,2648.1873393132605,259.04424003504164,2162.8263888888887,0.5692547944161953,2913.753395253517,22582.11746977977,43.87979170329179,61.0024099201552,40.0
1,4,28160,89998336,10944512,23903,8372742,40.0,3600.0,7152000,7152000,7152000,0,0,0,28160,0.07946813594420235,0.07946813594420235,7.822222222222222,3195.9636363636364,388.6545454545454,2325.7616666666668,0.848828125,454.28785341612473,1743.7944849390537,39.94216805273796,59.19155199655821,40.0
1,5,23552,63699456,6737408,21406,6016905,40.0,3600.0,8761664,8761664,8761664,0,0,0,23552,0.1375469203379068,0.1375469203379068,6.542222222222223,2704.6304347826085,286.0652173913044,1671.3625,0.9088824728260869,250.39973356404357,570.5351694390177,34.89769869863132,52.61904290846006,40.0
1,6,35328,82793984,8801792,28048,6383588,40.0,3600.0,11475072,11475072,11475072,0,0,0,35328,0.13859789619496993,0.13859789619496993,9.813333333333333,2343.5797101449275,249.14492753623188,1773.2188888888888,0.7939311594202898,566.7550540692552,2772.439684720338,37.002006147512375,57.29565496935493,40.0
1,7,30685,82856781,9467272,21343,5780760,40.0,3600.0,11607744,11607744,11607744,0,0,0,30685,0.140094073893602,0.140094073893602,8.52361111111111,2700.2372820596383,308.5309434577155,1605.7666666666667,0.6955515724295258,1686.5839253458244,10558.303205405917,41.74447338750855,71.88128490169603,40.0
1,8,38334,102636239,12085921,29082,8080475,40.0,3600.0,11039680,11039680,11039680,0,0,0,38334,0.10756122893396357,0.10756122893396357,10.648333333333333,2677.420540512339,315.279412531956,2244.5763888888887,0.7586476756925966,1599.5851582949776,12727.615216937098,40.918230913185795,64.79554199785926,40.0
1,9,41522,104174227,12354834,34972,10205283,40.0,3600.0,12736640,12736640,12736640,0,0,0,41522,0.12226287025868691,0.12226287025868691,11.533888888888889,2508.892322142479,297.54910649776025,2834.8008333333332,0.8422522999855498,522.6622699085457,2999.129936918795,39.303172394815135,54.09734036364545,40.0
1,10,30288,85408320,9219972,25736,7462126,40.0,3600.0,10342208,10342208,10342208,0,0,0,30288,0.12109134098411022,0.12109134098411022,8.413333333333334,2819.8732171156894,304.4100633914422,2072.8127777777777,0.8497094558901215,399.36830909554567,1487.7772912494822,39.08614249710711,57.84909016638994,40.0
1,11,29155,84006673,8989505,24010,7401311,40.0,3600.0,9917376,9917376,9917376,0,0,0,29155,0.11805462168463689,0.11805462168463689,8.098611111111111,2881.381341107872,308.33493397358944,2055.9197222222224,0.8235294117647058,1447.6886272860709,10562.148230358956,37.521446437370194,53.399701654005874,40.0
1,12,28160,86564864,8553472,18753,4914636,40.0,3600.0,9547328,9547328,9547328,0,0,0,28160,0.1102910298571023,0.1102910298571023,7.822222222222222,3074.0363636363636,303.74545454545455,1365.1766666666667,0.6659446022727272,2764.2953362326393,22034.8494619973,39.79009848087478,66.30430553372773,40.0
1,13,21783,62694322,6568563,17355,4598568,40.0,3600.0,8329728,8329728,8329728,0,0,0,21783,0.13286255811172182,0.13286255811172182,6.050833333333333,2878.1307441582885,301.5453794243217,1277.38,0.7967222145709957,368.98786609943556,1148.9692413777113,37.65341314110694,64.86736757358166,40.0
1,14,24447,69273924,8443251,18698,6215524,40.0,3600.0,8437312,8437312,8437312,0,0,0,24447,0.12179636308750173,0.12179636308750173,6.7908333333333335,2833.6370106761565,345.3696159037919,1726.5344444444445,0.7648382214586656,979.56878324006,6145.496997717768,39.86558250381328,61.25031220898793,40.0
1,15,20842,64637706,8126490,15620,5544093,40.0,3600.0,6136320,6136320,6136320,0,0,0,20842,0.09493406217108015,0.09493406217108015,5.789444444444444,3101.319738988581,389.9093177238269,1540.0258333333334,0.7494482295365128,319.07967483626925,840.7372765582056,41.53409377171575,62.46671552318342,40.0
1,16,8704,23278080,2369536,8704,2369536,40.0,3600.0,3477568,3477568,3477568,0,0,0,8704,0.14939238975035743,0.14939238975035743,2.417777777777778,2674.4117647058824,272.2352941176471,658.2044444444444,1.0,223.91269372141687,450.2894090108575,33.61977641056559,43.302086031232676,40.0
1,17,6505,20134038,2014008,6498,2012278,40.0,3600.0,2093568,2093568,2093568,0,0,0,6505,0.10398152620949658,0.10398152620949658,1.8069444444444445,3095.1634127594157,309.6092236740968,558.9661111111111,0.998923904688701,234.0131929203444,499.0286489725112,31.7010732661799,41.57480769764761,40.0
1,18,2199,6439786,629960,2199,629960,40.0,3600.0,650240,650240,650240,0,0,0,2199,0.1009722993900729,0.1009722993900729,0.6108333333333333,2928.506593906321,286.4756707594361,174.98888888888888,1.0,200.07008126643692,292.1743588306009,29.885524193696313,36.41375482721711,40.0
1,19,2048,6161408,419328,2048,419328,40.0,3600.0,838912,838912,838912,0,0,0,2048,0.13615589164035233,0.13615589164035233,0.5688888888888889,3008.5,204.75,116.48,1.0,185.38533368270873,232.73232274353498,24.048441871152008,32.0731150629027,40.0
1,20,2560,4393984,1233408,2560,1233408,40.0,3600.0,668096,668096,668096,0,0,0,2560,0.1520478909345141,0.1520478909345141,0.7111111111111111,1716.4,481.8,342.61333333333334,1.0,148.77675676345825,238.80227414667607,33.855735724746545,42.13101690168671,40.0
1,21,1536,1935872,696320,1536,696320,40.0,3600.0,586752,586752,586752,0,0,0,1536,0.3030944194657498,0.3030944194657498,0.4266666666666667,1260.3333333333333,453.3333333333333,193.42222222222222,1.0,124.04618190640274,163.61660504713655,33.41038997947055,37.727524489366814,40.0
1,22,2048,5345792,440832,2048,440832,40.0,3600.0,638848,638848,638848,0,0,0,2048,0.11950483670146538,0.11950483670146538,0.5688888888888889,2610.25,215.25,122.45333333333333,1.0,185.86788073540083,266.26248592957853,28.47035700809642,33.71042797642755,40.0
1,23,8192,26964480,2600960,8192,2600960,39.38183249830289,3544.36492484726,3498944,3498944,3498944,0,0,0,8192,0.1297612266210956,0.1297612266210956,2.2755555555555556,3291.5625,317.5,722.4888888888889,1.0,209.4837825835475,292.94750343263144,30.171313970652307,36.614236943682506,40.0
2,0,24460,67348434,6560246,22358,6107970,72.0,3600.0,14345600,14345600,14345600,0,0,0,24460,0.21300569512870932,0.21300569512870932,6.794444444444444,2753.41103843009,268.2030253475061,1696.6583333333333,0.9140637775960753,457.03421594304086,2136.894102054309,26.6729123273759,35.66195480164949,72.0
2,1,29981,86271210,9084781,26291,8142779,72.0,3600.0,18984512,18984512,18984512,0,0,0,29981,0.2200561693756237,0.2200561693756237,8.328055555555556,2877.529435309029,303.01794469830895,2261.8830555555555,0.876922050632067,578.0092526255874,2878.463295010384,29.437072978958238,37.666753869339935,72.0
2,2,44602,110342367,10786099,41286,9985116,72.0,3600.0,26001792,26001792,26001792,0,0,0,44602,0.23564649469591312,0.23564649469591312,12.389444444444445,2473.9331644320882,241.82994036141878,2773.6433333333334,0.9256535581364065,548.8188600593066,2189.6683493062387,27.981319563203254,37.45308169376111,72.0
2,3,52509,139053669,13602154,40727,10994900,72.0,3600.0,25988224,25988224,25988224,0,0,0,52509,0.18689347923642347,0.18689347923642347,14.585833333333333,2648.1873393132605,259.04424003504164,3054.1388888888887,0.7756194176236455,3391.3106722927378,30602.376197203233,31.851834765343757,38.54987625692839,72.0
2,4,28160,89998336,10944512,27157,10400547,72.0,3600.0,14330624,14330624,14330624,0,0,0,28160,0.15923209958015225,0.15923209958015225,7.822222222222222,3195.9636363636364,388.6545454545454,2889.0408333333335,0.9643821022727272,269.50318484143963,649.2633966526014,29.552971004710088,38.98447135341632,72.0
2,5,23552,63699456,6737408,23524,6727359,72.0,3600.0,15778496,15778496,15778496,0,0,0,23552,0.2477022095761697,0.2477022095761697,6.542222222222223,2704.6304347826085,286.0652173913044,1868.7108333333333,0.9988111413043478,183.66020176358,311.3874954545871,26.94004254609965,35.708346517066936,72.0
2,6,35328,82793984,8801792,30452,8051252,72.0,3600.0,18009728,18009728,18009728,0,0,0,35328,0.21752459695622328,0.21752459695622328,9.813333333333333,2343.5797101449275,249.14492753623188,2236.458888888889,0.8619791666666666,852.5727570820336,5671.8217965442755,28.513844126545038,37.76913833754043,72.0
2,7,30685,82856781,9467272,24230,6806317,72.0,3600.0,18474368,18474368,18474368,0,0,0,30685,0.22296748409765038,0.22296748409765038,8.52361111111111,2700.2372820596383,308.5309434577155,1890.643611111111,0.7896366302753789,1849.4313156854846,12244.347565613687,30.24087088727538,42.785308445453005,72.0
2,8,38334,102636239,12085921,32415,9886084,72.0,3600.0,20191744,20191744,20191744,0,0,0,38334,0.19673113704020273,0.19673113704020273,10.648333333333333,2677.420540512339,315.279412531956,2746.1344444444444,0.8455939896697449,1389.694937628431,11709.15874612294,30.081372186503305,40.476518400536705,72.0
2,9,41522,104174227,12354834,37764,11442602,72.0,3600.0,21551040,21551040,21551040,0,0,0,41522,0.20687496918023687,0.20687496918023687,11.533888888888889,2508.892322142479,297.54910649776025,3178.5005555555554,0.9094937623428544,531.2723046029487,3581.5239662460936,29.616184406719416,36.43642706141977,72.0
2,10,30288,85408320,9219972,28927,8641082,72.0,3600.0,18300160,18300160,18300160,0,0,0,30288,0.21426671312584067,0.21426671312584067,8.413333333333334,2819.8732171156894,304.4100633914422,2400.3005555555555,0.9550647120972002,273.6329707378242,841.6765173368153,28.769376394610862,37.42140897812308,72.0
2,11,29155,84006673,8989505,25605,8145047,72.0,3600.0,17095104,17095104,17095104,0,0,0,29155,0.2034969769603898,0.2034969769603898,8.098611111111111,2881.381341107872,308.33493397358944,2262.5130555555556,0.87823700908935,1452.4973673296852,12102.369509977842,28.93924964477962,37.19342530555356,72.0
2,12,28160,86564864,8553472,22082,6568220,72.0,3600.0,16027840,16027840,16027840,0,0,0,28160,0.1851541059430302,0.1851541059430302,7.822222222222222,3074.0363636363636,303.74545454545455,1824.5055555555555,0.7841619318181818,1982.248105705316,16952.022925123943,29.165860416392718,41.809807358708795,72.0
2,13,21783,62694322,6568563,21448,6516253,72.0,3600.0,13987776,13987776,13987776,0,0,0,21783,0.22311073082503388,0.22311073082503388,6.050833333333333,2878.1307441582885,301.5453794243217,1810.0702777777778,0.9846210347518707,231.12861511099493,540.7085375025861,28.403227386596882,39.82092530669569,72.0
2,14,24447,69273924,8443251,21688,7496143,72.0,3600.0,15344896,15344896,15344896,0,0,0,24447,0.22151041999584142,0.22151041999584142,6.7908333333333335,2833.6370106761565,345.3696159037919,2082.2619444444445,0.8871436168036978,1069.1073385299092,8329.013967706265,29.53865752954528,39.12365349222134,72.0
2,15,20842,64637706,8126490,20842,8126490,72.0,3600.0,11725568,11725568,11725568,0,0,0,20842,0.1814044576396322,0.1814044576396322,5.789444444444444,3101.319738988581,389.9093177238269,2257.358333333333,1.0,211.80319456783283,375.92032845057554,29.916617020239165,39.72505295342373,72.0
2,16,8704,23278080,2369536,8704,2369536,72.0,3600.0,5656896,5656896,5656896,0,0,0,8704,0.24301385681293303,0.24301385681293303,2.417777777777778,2674.4117647058824,272.2352941176471,658.2044444444444,1.0,169.1792593834124,265.86275179497903,26.27505017933334,32.6474560911193,72.0
2,17,6505,20134038,2014008,6505,2014008,72.0,3600.0,4662976,4662976,4662976,0,0,0,6505,0.23159666232873902,0.23159666232873902,1.8069444444444445,3095.1634127594157,309.6092236740968,559.4466666666667,1.0,179.3584002215676,295.0327732369303,25.24348211831632,30.48481726913356,72.0
2,18,2199,6439786,629960,2199,629960,72.0,3600.0,1475968,1475968,1475968,0,0,0,2199,0.2291951937533328,0.2291951937533328,0.6108333333333333,2928.506593906321,286.4756707594361,174.98888888888888,1.0,169.05105536075993,213.37912260591983,24.28422297952316,27.256468983854887,72.0
2,19,2048,6161408,419328,2048,419328,72.0,3600.0,1602560,1602560,1602560,0,0,0,2048,0.2600963935516038,0.2600963935516038,0.5688888888888889,3008.5,204.75,116.48,1.0,156.11005255624332,196.95357956066724,22.283616115104564,24.287682201065053,72.0
2,20,2560,4393984,1233408,2560,1233408,72.0,3600.0,1415680,1415680,1415680,0,0,0,2560,0.32218597063621535,0.32218597063621535,0.7111111111111111,1716.4,481.8,342.61333333333334,1.0,125.73794633566285,197.2288632929325,27.103993078276925,33.502940572903995,72.0
2,21,1536,1935872,696320,1536,696320,72.0,3600.0,724992,724992,724992,0,0,0,1536,0.3745040994445914,0.3745040994445914,0.4266666666666667,1260.3333333333333,453.3333333333333,193.42222222222222,1.0,111.4296705154023,142.5807309113443,27.255876478550213,31.336972781622507,72.0
2,22,2048,5345792,440832,2048,440832,72.0,3600.0,1243648,1243648,1243648,0,0,0,2048,0.23264055167129585,0.23264055167129585,0.5688888888888889,2610.25,215.25,122.45333333333333,1.0,157.90285918259178,208.8082391172647,23.566561923836787,25.760545362855957,72.0
2,23,8192,26964480,2600960,8192,2600960,70.88418575012625,3544.209287506312,6695168,6695168,6695168,0,0,0,8192,0.24829583214658693,0.24829583214658693,2.2755555555555556,3291.5625,317.5,722.4888888888889,1.0,178.10228757212462,232.1891652494669,24.342737243281068,27.412158014666357,72.0
3,0,24460,67348434,6560246,13775,3281463,24.80590665233128,3600.0,4723008,4723008,4723008,0,7,7,24460,0.0701279557591495,0.0701279557591495,6.794444444444444,2753.41103843009,268.2030253475061,911.5175,0.5631643499591169,1193.3701292523938,3486.0998172496425,35.655710983069426,46.23777500508546,24.805906652331284
3,1,29981,86271210,9084781,16333,4696590,30.1290887292203,3600.0,7576064,7588032,7576064,11968,8,5,29981,0.087816827884992,0.08795555319091966,8.328055555555556,2877.529435309029,303.01794469830895,1304.6083333333333,0.5447783596277642,1415.4090800488916,4879.792393020354,37.980941827962354,48.00469572357152,30.1290887292203
3,2,44602,110342367,10786099,27333,6494200,30.93421464470255,3600.0,11588544,11588544,11588544,0,2,2,44602,0.1050235219260794,0.1050235219260794,12.389444444444445,2473.9331644320882,241.82994036141878,1803.9444444444443,0.6128200529124255,1050.4447144533533,3217.166635073162,36.138572113444425,46.15158278306999,30.93421464470255
3,3,52509,139053669,13602154,28408,7617736,37.950531546239645,3599.9999999999986,12849792,12849792,12849792,0,0,0,52509,0.09240886696776049,0.09240886696776049,14.585833333333333,2648.1873393132605,259.04424003504164,2116.0377777777776,0.5410120169875641,1197.2684514466468,3361.25391997993,39.35446667614706,47.091522143835995,37.95053154623966
3,4,28160,89998336,10944512,16788,6080944,31.358419076369614,3600.0,4637504,4656512,4637504,20032,87,80,28160,0.05152877493201652,0.05173997883694205,7.822222222222222,3195.9636363636364,388.6545454545454,1689.151111111111,0.5961647727272728,1286.1790135218048,4176.943039695825,37.95410105103824,47.0643809915346,31.358419076369614
3,5,23552,63699456,6737408,15288,4113090,24.49787255677417,3600.0,5382784,5382784,5382784,0,0,0,23552,0.08450282526745598,0.08450282526745598,6.542222222222223,2704.6304347826085,286.0652173913044,1142.525,0.6491168478260869,1207.299577730363,4436.868682142161,35.62554354010939,45.599786641521625,24.49787255677417
3,6,35328,82793984,8801792,21788,5068725,27.72313117189722,3600.0,7636608,7636608,7636608,0,0,0,35328,0.09223626682827583,0.09223626682827583,9.813333333333333,2343.5797101449275,249.14492753623188,1407.9791666666667,0.6167346014492754,1041.9556978573823,3300.934406408481,35.73869704486789,46.179509640439704,27.72313117189722
3,7,30685,82856781,9467272,17544,5013919,28.682207423218177,3600.0,8334528,8334528,8334528,0,0,0,30685,0.10058957033341664,0.10058957033341664,8.52361111111111,2700.2372820596383,308.5309434577155,1392.7552777777778,0.5717451523545707,1349.932097194071,4451.501204035424,37.26598790649963,46.7256567697809,28.682207423218177
3,8,38334,102636239,12085921,22682,6584508,31.248751651980978,3600.0,7260736,7260736,7260736,0,0,0,38334,0.07074242071555252,0.07074242071555252,10.648333333333333,2677.420540512339,315.279412531956,1829.03,0.5916940574946523,1244.3438994714995,4067.624185484457,37.80678119140793,47.12094385882389,31.248751651980978
3,9,41522,104174227,12354834,26078,8172324,31.954061989402987,3600.0,9916224,9916224,9916224,0,0,0,41522,0.09518884167002266,0.09518884167002266,11.533888888888889,2508.892322142479,297.54910649776025,2270.09,0.628052598622417,1011.458450111046,3185.6691809192275,36.73815233129684,45.23978129012421,31.954061989402987
3,10,30288,85408320,9219972,17618,5291006,28.592714183420387,3600.0,6631424,6631424,6631424,0,0,0,30288,0.07764377053664093,0.07764377053664093,8.413333333333334,2819.8732171156894,304.4100633914422,1469.723888888889,0.5816825145272055,1225.9454041219706,3944.3980614438633,36.77234403158387,44.73029918971264,28.592714183420387
3,11,29155,84006673,8989505,16462,5248485,28.479639711680985,3599.9999999999995,6801600,6817920,6801600,16320,39,38,29155,0.08096499667353807,0.08115926695490012,8.098611111111111,2881.381341107872,308.33493397358944,1457.9125,0.5646372834848224,1256.0917750936653,3979.752641788124,38.00739642715756,46.68320832719246,28.479639711680985
3,12,28160,86564864,8553472,15957,4585902,28.971269898921697,3600.0,6465344,6502400,6465344,41152,69,61,28160,0.07468785487839501,0.07511592694236775,7.822222222222222,3074.0363636363636,303.74545454545455,1273.8616666666667,0.5666548295454545,1184.120691772406,3551.8027754329105,37.245610588322236,47.755546778777436,28.971269898921697
3,13,21783,62694322,6568563,12152,3491254,25.049953921656854,3600.0,5264832,5264832,5264832,0,0,0,21783,0.08397621717641351,0.08397621717641351,6.050833333333333,2878.1307441582885,301.5453794243217,969.7927777777778,0.5578662259560208,1098.8913144011117,2859.887118668853,36.949101861807605,46.656802549002755,25.049953921656854
3,14,24447,69273924,8443251,13732,4594239,26.738592672356244,3600.0,4621504,4621504,4621504,0,0,0,24447,0.06671347215728678,0.06671347215728678,6.7908333333333335,2833.6370106761565,345.3696159037919,1276.1775,0.5617049126682211,1354.7400259541625,4379.092043408007,37.766615887709165,46.43702350621068,26.738592672356244
3,15,20842,64637706,8126490,11181,3998056,26.456251880355207,3600.0,4065856,4085888,4065856,20544,27,22,20842,0.062902232328604,0.0632121443171266,5.789444444444444,3101.319738988581,389.9093177238269,1110.5711111111111,0.5364648306304577,1221.067459233631,3311.1661518070846,37.80181877114719,47.22505955531443,26.456251880355207
3,16,8704,23278080,2369536,4773,1247750,18.9978265046255,3600.0,1382272,1382272,1382272,0,0,0,8704,0.05938084240624656,0.05938084240624656,2.417777777777778,2674.4117647058824,272.2352941176471,346.59722222222223,0.5483685661764706,1337.893728186599,4726.1163289919505,35.376233894514726,44.68193220589927,18.9978265046255
3,17,6505,20134038,2014008,3698,1200693,18.602301842648853,3600.0,538752,538752,538752,0,1,1,6505,0.026758268758606693,0.026758268758606693,1.8069444444444445,3095.1634127594157,309.6092236740968,333.5258333333333,0.5684857801691007,1179.5450131848122,3448.3240080818514,33.921601334172486,43.75322023389851,18.602301842648853
3,18,2199,6439786,629960,1393,385305,16.81236129767784,3600.0,199104,199104,199104,0,0,0,2199,0.030917797578987872,0.030917797578987872,0.6108333333333333,2928.506593906321,286.4756707594361,107.02916666666667,0.6334697589813552,1055.4352157445708,3175.6940923221405,34.75187307349296,43.31275458286112,16.81236129767784
3,19,2048,6161408,419328,1234,241263,16.293232797645693,3600.0,208384,208384,208384,0,0,0,2048,0.033820840950639856,0.033820840950639856,0.5688888888888889,3008.5,204.75,67.0175,0.6025390625,972.1495095403588,2400.217081378398,29.48834526390996,38.20802650970499,16.293232797645693
3,20,2560,4393984,1233408,1837,868025,16.582586498773562,3600.0,157184,157184,157184,0,0,0,2560,0.03577254719179678,0.03577254719179678,0.7111111111111111,1716.4,481.8,241.11805555555554,0.717578125,715.4717567299434,2299.6303219690917,37.62154999802615,44.65675183217264,16.582586498773562
3,21,1536,1935872,696320,1520,689618,16.229600059814683,3600.0,507904,507904,507904,0,0,0,1536,0.2623644538481883,0.2623644538481883,0.4266666666666667,1260.3333333333333,453.3333333333333,191.56055555555557,0.9895833333333334,352.4511527417926,831.2581245675683,37.49644793495283,44.338438553188965,16.229600059814683
3,22,2048,5345792,440832,1004,211882,16.486041577401952,3600.0,93184,93184,93184,0,0,0,2048,0.017431280528684992,0.017431280528684992,0.5688888888888889,2610.25,215.25,58.85611111111111,0.490234375,1417.0424972797264,3854.6430252976716,34.20145523567466,38.61536921736434,16.486041577401952
3,23,8192,26964480,2600960,4852,1592825,18.595844926973683,3546.6667922910306,1148864,1148864,1148864,0,0,0,8192,0.04260656982815912,0.04260656982815912,2.2755555555555556,3291.5625,317.5,442.4513888888889,0.59228515625,1079.7978526258885,2794.473784384876,35.95553751250266,43.451902478597496,18.875481024215684
