scope,purpose,metric,coverage_unit,observed_points,predicted_points,observed_mean_supported,predicted_mean_supported,mape_percent,wape_percent
main,,ttft_ms,scenario whole-trial cohorts,450,450,338.23252633,2722.551336031111,838.9658165681057,704.9348078885904
main,,average_tpot_ms,scenario whole-trial cohorts,450,450,143.82825528807885,770.777934727223,435.91723609323395,435.9016093071586
main,,exact_itl_ms,scenario whole-trial cohorts,450,450,143.82825528807885,770.777934727223,435.91723609323395,435.9016093071586
main,,output_tokens_per_second,scenario whole-trial cohorts,450,450,9.19743013126127,1.6325440909215712,82.25709045342838,82.24999736205991
main,,request_latency_ms,scenario whole-trial cohorts,450,450,3801.1446174444445,21316.087859145184,464.1971259552761,460.7807648601449
main,,last_token_latency_ms,scenario whole-trial cohorts,450,450,3800.586862860741,21316.087859145184,464.2936382524595,460.86306216141435
main,,native_forward_interval_ms,correlated native intervals,12531,12531,144.41040087943222,768.5187224147595,432.32914479798,432.17684995999235
main,boundary-127,ttft_ms,scenario whole-trial cohorts,30,30,162.11241496666668,1595.932716,884.717802179967,884.4605154566068
main,boundary-127,average_tpot_ms,scenario whole-trial cohorts,30,30,142.92301170666667,744.3577281333332,420.8348615060373,420.81027347859373
main,boundary-127,exact_itl_ms,scenario whole-trial cohorts,30,30,142.92301170666667,744.3577281333332,420.8348615060373,420.81027347859373
main,boundary-127,output_tokens_per_second,scenario whole-trial cohorts,30,30,6.937037716426408,1.2537570288433573,81.92578761385093,81.92662228324707
main,boundary-127,request_latency_ms,scenario whole-trial cohorts,30,30,2306.5665464666668,12761.298637999998,453.2850622649184,453.25950415558145
main,boundary-127,last_token_latency_ms,scenario whole-trial cohorts,30,30,2305.9575905666666,12761.298637999998,453.43132332026323,453.4056085942168
main,boundary-127,native_forward_interval_ms,correlated native intervals,480,480,143.57308165490394,751.0235109029605,423.03523501824327,423.0949299452529
main,boundary-128,ttft_ms,scenario whole-trial cohorts,30,30,162.0830611,1528.7996569999998,843.4110482614574,843.2198815993362
main,boundary-128,average_tpot_ms,scenario whole-trial cohorts,30,30,142.6842828511111,744.3785641999999,421.71893065182314,421.69625786797263
main,boundary-128,exact_itl_ms,scenario whole-trial cohorts,30,30,142.6842828511111,744.3785641999999,421.71893065182314,421.69625786797263
main,boundary-128,output_tokens_per_second,scenario whole-trial cohorts,30,30,6.948275513814527,1.2603549614665184,81.86007791455557,81.86089542706407
main,boundary-128,request_latency_ms,scenario whole-trial cohorts,30,30,2302.8334402666665,12694.478119999998,451.27957176156417,451.25472376890565
main,boundary-128,last_token_latency_ms,scenario whole-trial cohorts,30,30,2302.3473038666666,12694.478119999998,451.3959853752331,451.3711201902647
main,boundary-128,native_forward_interval_ms,correlated native intervals,480,480,143.33566072018584,746.8604183275487,421.1651258516578,421.05694743022804
main,boundary-129,ttft_ms,scenario whole-trial cohorts,30,30,162.65034056666667,1521.560867,835.9919034200632,835.4796686554411
main,boundary-129,average_tpot_ms,scenario whole-trial cohorts,30,30,142.51715732444444,744.5267489999999,422.44291244445276,422.41201198327514
main,boundary-129,exact_itl_ms,scenario whole-trial cohorts,30,30,142.51715732444444,744.5267489999999,422.44291244445276,422.41201198327514
main,boundary-129,output_tokens_per_second,scenario whole-trial cohorts,30,30,6.954413941090704,1.2608526107437825,81.8687864315993,81.86975032800484
main,boundary-129,request_latency_ms,scenario whole-trial cohorts,30,30,2300.8194206666667,12689.462101999998,451.5485759193183,451.51925388056753
main,boundary-129,last_token_latency_ms,scenario whole-trial cohorts,30,30,2300.4077004333335,12689.462101999998,451.647323888541,451.6179631814678
main,boundary-129,native_forward_interval_ms,correlated native intervals,480,480,143.14748861506814,746.6611272678803,421.722097892106,421.6026732230666
main,engram-distinct-text,ttft_ms,scenario whole-trial cohorts,30,30,240.45077955,2328.0950315,868.3520221291617,868.2210371107943
main,engram-distinct-text,average_tpot_ms,scenario whole-trial cohorts,30,30,143.22490031129033,775.6966962419355,441.6206878256307,441.5934621396192
main,engram-distinct-text,exact_itl_ms,scenario whole-trial cohorts,30,30,143.22490031129033,775.6966962419355,441.6206878256307,441.59346213961913
main,engram-distinct-text,output_tokens_per_second,scenario whole-trial cohorts,30,30,13.4679332560673,2.390930000841841,82.24633510657516,82.24723901297382
main,engram-distinct-text,request_latency_ms,scenario whole-trial cohorts,30,30,4680.903486966667,26374.692615,463.48194939408694,463.45303184388894
main,engram-distinct-text,last_token_latency_ms,scenario whole-trial cohorts,30,30,4680.4226892,26374.692615,463.5398462682665,463.51091271861367
main,engram-distinct-text,native_forward_interval_ms,correlated native intervals,990,990,143.70558238047354,765.2627300558379,432.7105128176113,432.52122664917465
main,engram-repeated-text,ttft_ms,scenario whole-trial cohorts,30,30,242.4888752,2328.5096063333335,861.0563095108614,860.2541990484408
main,engram-repeated-text,average_tpot_ms,scenario whole-trial cohorts,30,30,143.23250250430107,775.710012951613,441.5988118685849,441.57401385088514
main,engram-repeated-text,exact_itl_ms,scenario whole-trial cohorts,30,30,143.23250250430107,775.710012951613,441.59881186858496,441.57401385088514
main,engram-repeated-text,output_tokens_per_second,scenario whole-trial cohorts,30,30,13.461277701899286,2.390855472660152,82.23822689663812,82.23901530296177
main,engram-repeated-text,request_latency_ms,scenario whole-trial cohorts,30,30,4683.136920883333,26375.520007833333,463.2266805503809,463.20198306007205
main,engram-repeated-text,last_token_latency_ms,scenario whole-trial cohorts,30,30,4682.696452833334,26375.520007833333,463.27967344131156,463.254959476915
main,engram-repeated-text,native_forward_interval_ms,correlated native intervals,990,990,143.7397358289948,765.2877493189353,432.6442716208482,432.4121022661316
main,heldout-burst-192,ttft_ms,scenario whole-trial cohorts,30,30,244.0010432,2316.97395575,849.7635154683823,849.5754302373409
main,heldout-burst-192,average_tpot_ms,scenario whole-trial cohorts,30,30,143.19296130107526,782.2399425806451,446.314503579203,446.28379458953975
main,heldout-burst-192,exact_itl_ms,scenario whole-trial cohorts,30,30,143.19296130107526,782.2399425806451,446.314503579203,446.28379458953975
main,heldout-burst-192,output_tokens_per_second,scenario whole-trial cohorts,30,30,13.461177535208021,2.3753898113126057,82.35273028314514,82.35377399117039
main,heldout-burst-192,request_latency_ms,scenario whole-trial cohorts,30,30,4683.44579585,26566.41217575,467.27453368612566,467.2407311576124
main,heldout-burst-192,last_token_latency_ms,scenario whole-trial cohorts,30,30,4682.982843533333,26566.41217575,467.3306704037909,467.2968076839144
main,heldout-burst-192,native_forward_interval_ms,correlated native intervals,990,990,143.7760850090082,770.3627698137677,436.11940464971195,435.8073074291188
main,heldout-burst-384,ttft_ms,scenario whole-trial cohorts,30,30,240.34040858333333,2328.09457335,868.7898659919263,868.6654803795835
main,heldout-burst-384,average_tpot_ms,scenario whole-trial cohorts,30,30,143.1843081801075,775.6966962419355,441.7739080478052,441.74700154028636
main,heldout-burst-384,exact_itl_ms,scenario whole-trial cohorts,30,30,143.18430818010754,775.6966962419355,441.7739080478052,441.74700154028636
main,heldout-burst-384,output_tokens_per_second,scenario whole-trial cohorts,30,30,13.472245669505057,2.3909275776970915,82.25204945489642,82.25293958891318
main,heldout-burst-384,request_latency_ms,scenario whole-trial cohorts,30,30,4679.56741165,26374.69215685,463.6421240549363,463.61389497646684
main,heldout-burst-384,last_token_latency_ms,scenario whole-trial cohorts,30,30,4679.053962166667,26374.69215685,463.70403014551954,463.6757423638907
main,heldout-burst-384,native_forward_interval_ms,correlated native intervals,990,990,143.66093132071046,765.2627300558379,432.8795480449662,432.68673885139714
main,heldout-burst-768,ttft_ms,scenario whole-trial cohorts,30,30,471.5865969833333,3902.8889373666666,729.2751835607235,727.6081131933869
main,heldout-burst-768,average_tpot_ms,scenario whole-trial cohorts,30,30,146.3442859951613,786.2255596290322,437.26862354935287,437.2437702521764
main,heldout-burst-768,exact_itl_ms,scenario whole-trial cohorts,30,30,146.3442859951613,786.2255596290322,437.26862354935287,437.2437702521764
main,heldout-burst-768,output_tokens_per_second,scenario whole-trial cohorts,30,30,12.416326269991387,2.202367451996508,82.261084530061,82.26232619773099
main,heldout-burst-768,request_latency_ms,scenario whole-trial cohorts,30,30,5008.724816916667,28275.881285866664,464.57313531858046,464.5325371113737
main,heldout-burst-768,last_token_latency_ms,scenario whole-trial cohorts,30,30,5008.259462833334,28275.881285866664,464.62558331254434,464.58499196585336
main,heldout-burst-768,native_forward_interval_ms,correlated native intervals,1050,1050,146.86495533456937,765.6655571878156,421.4391910178315,421.3398631712869
main,heldout-single-192,ttft_ms,scenario whole-trial cohorts,30,30,161.93669549999998,1537.301852,849.5711252120949,849.3227259290344
main,heldout-single-192,average_tpot_ms,scenario whole-trial cohorts,30,30,142.58313678817206,750.410520967742,426.3232454175161,426.29682434507373
main,heldout-single-192,exact_itl_ms,scenario whole-trial cohorts,30,30,142.58313678817206,750.410520967742,426.3232454175161,426.2968243450737
main,heldout-single-192,output_tokens_per_second,scenario whole-trial cohorts,30,30,6.983130967451226,1.2903021767457679,81.52164393907738,81.52258374130544
main,heldout-single-192,request_latency_ms,scenario whole-trial cohorts,30,30,4582.7047522,24800.028002,441.1932610450742,441.16573820502737
main,heldout-single-192,last_token_latency_ms,scenario whole-trial cohorts,30,30,4582.013935933333,24800.028002,441.27471059491717,441.2473281129024
main,heldout-single-192,native_forward_interval_ms,correlated native intervals,960,960,142.90289849644373,751.5919812172137,426.0467857069884,425.9459319055855
main,heldout-single-384,ttft_ms,scenario whole-trial cohorts,30,30,160.02007263333334,1557.375863,873.335432725221,873.2378178383524
main,heldout-single-384,average_tpot_ms,scenario whole-trial cohorts,30,30,142.4597559516129,781.9459330322582,448.91183771835233,448.8890022371298
main,heldout-single-384,exact_itl_ms,scenario whole-trial cohorts,30,30,142.4597559516129,781.9459330322582,448.91183771835233,448.8890022371298
main,heldout-single-384,output_tokens_per_second,scenario whole-trial cohorts,30,30,6.991642820183254,1.2404014712274056,82.25807463200006,82.25879806607605
main,heldout-single-384,request_latency_ms,scenario whole-trial cohorts,30,30,4577.0794934,25797.699787000005,463.6509452906926,463.6279602353302
main,heldout-single-384,last_token_latency_ms,scenario whole-trial cohorts,30,30,4576.272507133333,25797.699787000005,463.7503356570335,463.72735117472683
main,heldout-single-384,native_forward_interval_ms,correlated native intervals,960,960,142.71484119575084,781.8383736970986,447.9641371563192,447.8325639760982
main,heldout-single-768,ttft_ms,scenario whole-trial cohorts,30,30,313.6633187333333,2413.007717,669.4377903546034,669.298662892572
main,heldout-single-768,average_tpot_ms,scenario whole-trial cohorts,30,30,145.67647390215052,783.9685686129033,438.188924962051,438.1572930845974
main,heldout-single-768,exact_itl_ms,scenario whole-trial cohorts,30,30,145.67647390215055,783.9685686129033,438.188924962051,438.15729308459737
main,heldout-single-768,output_tokens_per_second,scenario whole-trial cohorts,30,30,6.62496177213028,1.1977636526243276,81.9193573377806,81.92044431617629
main,heldout-single-768,request_latency_ms,scenario whole-trial cohorts,30,30,4830.506964033333,26716.033344000003,453.10218627174345,453.0689334043085
main,heldout-single-768,last_token_latency_ms,scenario whole-trial cohorts,30,30,4829.6340097,26716.033344000003,453.20247249420413,453.16890038339596
main,heldout-single-768,native_forward_interval_ms,correlated native intervals,990,990,146.0639307559985,785.7849203313559,438.04720234955977,437.9732807848494
main,heterogeneous,ttft_ms,scenario whole-trial cohorts,30,30,1854.6996149,10886.550371533333,487.52317165090653,486.9710806038154
main,heterogeneous,average_tpot_ms,scenario whole-trial cohorts,30,30,144.8988137250896,769.4587383455198,431.07307598960364,431.03177214782545
main,heterogeneous,exact_itl_ms,scenario whole-trial cohorts,30,30,144.8988137250896,769.4587383455198,431.07307598960364,431.03177214782545
main,heterogeneous,output_tokens_per_second,scenario whole-trial cohorts,30,30,10.22456260916376,1.8588694280566918,81.81789096578714,81.81957019471248
main,heterogeneous,request_latency_ms,scenario whole-trial cohorts,30,30,6347.1777353,34739.771260244444,447.4379232224196,447.3262717544252
main,heterogeneous,last_token_latency_ms,scenario whole-trial cohorts,30,30,6346.562840377777,34739.771260244444,447.4911319097543,447.37930016582914
main,heterogeneous,native_forward_interval_ms,correlated native intervals,1941,1941,144.96771588087626,769.3019017215511,430.8886146436792,430.67118913131424
main,prefix-cold-control,ttft_ms,scenario whole-trial cohorts,30,30,314.2469046333333,2413.007717,667.9287494853909,667.8700033069612
main,prefix-cold-control,average_tpot_ms,scenario whole-trial cohorts,30,30,145.81373753333332,784.5497702,438.07601923016745,438.04928360789756
main,prefix-cold-control,exact_itl_ms,scenario whole-trial cohorts,30,30,145.81373753333332,784.5497702,438.07601923016745,438.04928360789756
main,prefix-cold-control,output_tokens_per_second,scenario whole-trial cohorts,30,30,6.394893361353769,1.1282148395788385,82.356766955666,82.35756601670681
main,prefix-cold-control,request_latency_ms,scenario whole-trial cohorts,30,30,2502.1097026666666,14181.254270000001,466.7975549180799,466.7718827390376
main,prefix-cold-control,last_token_latency_ms,scenario whole-trial cohorts,30,30,2501.452967633333,14181.254270000001,466.9461822505007,466.92068383828644
main,prefix-cold-control,native_forward_interval_ms,correlated native intervals,510,510,146.58244372181156,788.0072528269011,437.6326223627544,437.58637993674347
main,prefix-reuse-B,ttft_ms,scenario whole-trial cohorts,30,30,172.6192405,2540.119811633333,1397.2983927114667,1371.5160397391119
main,prefix-reuse-B,average_tpot_ms,scenario whole-trial cohorts,30,30,145.83892494666668,784.5497702000001,437.98170135220124,437.95635869292795
main,prefix-reuse-B,exact_itl_ms,scenario whole-trial cohorts,30,30,145.83892494666668,784.5497702000001,437.98170135220124,437.95635869292795
main,prefix-reuse-B,output_tokens_per_second,scenario whole-trial cohorts,30,30,6.779199275167692,1.1181937655176315,83.5019565767983,83.50551857040709
main,prefix-reuse-B,request_latency_ms,scenario whole-trial cohorts,30,30,2360.666972666667,14308.366364633335,506.2462891758182,506.11541273313355
main,prefix-reuse-B,last_token_latency_ms,scenario whole-trial cohorts,30,30,2360.2031147,14308.366364633335,506.3654040417948,506.2345344566685
main,prefix-reuse-B,native_forward_interval_ms,correlated native intervals,480,480,146.5137117843066,789.8140235096776,439.0715787153905,439.071745498073
main,short,ttft_ms,scenario whole-trial cohorts,30,30,170.5885279,1640.0513640000001,898.0349358593586,861.4077711963184
main,short,average_tpot_ms,scenario whole-trial cohorts,30,30,142.8495763,777.9537705714284,444.6304972557278,444.59648444293526
main,short,exact_itl_ms,scenario whole-trial cohorts,30,30,142.8495763,777.9537705714284,444.63049725572785,444.59648444293526
main,short,output_tokens_per_second,scenario whole-trial cohorts,30,30,6.844373559466376,1.128981114511049,83.47558816299441,83.50497522231865
main,short,request_latency_ms,scenario whole-trial cohorts,30,30,1170.9258017333334,7085.727757999999,506.21709645540204,505.1389206310874
main,short,last_token_latency_ms,scenario whole-trial cohorts,30,30,1170.535562,7085.727757999999,506.4199006832179,505.34066525011735
main,short,native_forward_interval_ms,correlated native intervals,240,240,144.0655925728303,788.4741485304403,447.22237683575895,447.302193708632
