source_analysis,purpose,metric,estimand,independent_trials,low,high,bootstrap_seed,bootstrap_resamples,interval_available
e2e_paired,boundary-127,average_tpot_ms,observed_mean,30,142.55366902472224,143.265933795,94051000,5000,True
e2e_paired,boundary-127,average_tpot_ms,paired_ratio_error_percent,30,419.56365928612894,422.15964220780484,94051000,5000,True
e2e_paired,boundary-127,exact_itl_ms,observed_mean,30,142.55366902472224,143.265933795,94051000,5000,True
e2e_paired,boundary-127,exact_itl_ms,paired_ratio_error_percent,30,419.56365928612894,422.15964220780484,94051000,5000,True
e2e_paired,boundary-127,last_token_latency_ms,observed_mean,30,2300.16418449,2311.5598343633333,94051000,5000,True
e2e_paired,boundary-127,last_token_latency_ms,paired_ratio_error_percent,30,452.0643873583668,454.79946710112046,94051000,5000,True
e2e_paired,boundary-127,output_tokens_per_second,observed_mean,30,6.920212881855494,6.954549200690191,94051000,5000,True
e2e_paired,boundary-127,output_tokens_per_second,paired_ratio_error_percent,30,-81.97213681177685,-81.88270076287363,94051000,5000,True
e2e_paired,boundary-127,request_latency_ms,observed_mean,30,2300.7837670058334,2312.147488811667,94051000,5000,True
e2e_paired,boundary-127,request_latency_ms,paired_ratio_error_percent,30,451.92407490233035,454.6500640840905,94051000,5000,True
e2e_paired,boundary-127,ttft_ms,observed_mean,30,161.24166408416667,163.1074048975,94051000,5000,True
e2e_paired,boundary-127,ttft_ms,paired_ratio_error_percent,30,878.4550965125707,889.7768824653414,94051000,5000,True
e2e_paired,boundary-128,average_tpot_ms,observed_mean,30,142.3337775312778,143.00147761422224,94051000,5000,True
e2e_paired,boundary-128,average_tpot_ms,paired_ratio_error_percent,30,420.5390717775844,422.9809656647243,94051000,5000,True
e2e_paired,boundary-128,exact_itl_ms,observed_mean,30,142.3337775312778,143.00147761422224,94051000,5000,True
e2e_paired,boundary-128,exact_itl_ms,paired_ratio_error_percent,30,420.5390717775844,422.9809656647243,94051000,5000,True
e2e_paired,boundary-128,last_token_latency_ms,observed_mean,30,2296.652626399167,2307.5928484233336,94051000,5000,True
e2e_paired,boundary-128,last_token_latency_ms,paired_ratio_error_percent,30,450.1177614017943,452.73827543973067,94051000,5000,True
e2e_paired,boundary-128,output_tokens_per_second,observed_mean,30,6.932295650780948,6.965512516121862,94051000,5000,True
e2e_paired,boundary-128,output_tokens_per_second,paired_ratio_error_percent,30,-81.90579378098688,-81.81907399626286,94051000,5000,True
e2e_paired,boundary-128,request_latency_ms,observed_mean,30,2297.1422187,2308.0859820458336,94051000,5000,True
e2e_paired,boundary-128,request_latency_ms,paired_ratio_error_percent,30,450.00022610793195,452.6204697603699,94051000,5000,True
e2e_paired,boundary-128,ttft_ms,observed_mean,30,161.28192030083332,162.9194171875,94051000,5000,True
e2e_paired,boundary-128,ttft_ms,paired_ratio_error_percent,30,838.3778087303596,847.9051676397717,94051000,5000,True
e2e_paired,boundary-129,average_tpot_ms,observed_mean,30,142.103621524,142.8864177407222,94051000,5000,True
e2e_paired,boundary-129,average_tpot_ms,paired_ratio_error_percent,30,421.0619461071364,423.93228336998067,94051000,5000,True
e2e_paired,boundary-129,exact_itl_ms,observed_mean,30,142.103621524,142.8864177407222,94051000,5000,True
e2e_paired,boundary-129,exact_itl_ms,paired_ratio_error_percent,30,421.0619461071364,423.93228336998067,94051000,5000,True
e2e_paired,boundary-129,last_token_latency_ms,observed_mean,30,2294.1102901475,2306.0324918791666,94051000,5000,True
e2e_paired,boundary-129,last_token_latency_ms,paired_ratio_error_percent,30,450.2724765019964,453.1321731347419,94051000,5000,True
e2e_paired,boundary-129,output_tokens_per_second,observed_mean,30,6.937349524947625,6.973638693323021,94051000,5000,True
e2e_paired,boundary-129,output_tokens_per_second,paired_ratio_error_percent,30,-81.91972734544838,-81.82515309890704,94051000,5000,True
e2e_paired,boundary-129,request_latency_ms,observed_mean,30,2294.498279549167,2306.4408590733333,94051000,5000,True
e2e_paired,boundary-129,request_latency_ms,paired_ratio_error_percent,30,450.17504793557174,453.03864095699845,94051000,5000,True
e2e_paired,boundary-129,ttft_ms,observed_mean,30,161.41032860416666,164.24478292999999,94051000,5000,True
e2e_paired,boundary-129,ttft_ms,paired_ratio_error_percent,30,826.3982942084182,842.666358569523,94051000,5000,True
e2e_paired,engram-distinct-text,average_tpot_ms,observed_mean,30,142.85675052775537,143.5786837329973,94051000,5000,True
e2e_paired,engram-distinct-text,average_tpot_ms,paired_ratio_error_percent,30,440.25895493264517,442.989178584165,94051000,5000,True
e2e_paired,engram-distinct-text,exact_itl_ms,observed_mean,30,142.85675052775537,143.5786837329973,94051000,5000,True
e2e_paired,engram-distinct-text,exact_itl_ms,paired_ratio_error_percent,30,440.25895493264517,442.989178584165,94051000,5000,True
e2e_paired,engram-distinct-text,last_token_latency_ms,observed_mean,30,4668.336170779167,4692.168269754584,94051000,5000,True
e2e_paired,engram-distinct-text,last_token_latency_ms,paired_ratio_error_percent,30,462.1003023651134,464.96985709589995,94051000,5000,True
e2e_paired,engram-distinct-text,output_tokens_per_second,observed_mean,30,13.434350657866906,13.502649267273602,94051000,5000,True
e2e_paired,engram-distinct-text,output_tokens_per_second,paired_ratio_error_percent,30,-82.29289532674935,-82.20286871539341,94051000,5000,True
e2e_paired,engram-distinct-text,request_latency_ms,observed_mean,30,4668.798930462916,4692.6412499225,94051000,5000,True
e2e_paired,engram-distinct-text,request_latency_ms,paired_ratio_error_percent,30,462.0436472148519,464.91385916547085,94051000,5000,True
e2e_paired,engram-distinct-text,ttft_ms,observed_mean,30,239.48896831416667,241.42601756625,94051000,5000,True
e2e_paired,engram-distinct-text,ttft_ms,paired_ratio_error_percent,30,864.3097582779644,872.1096597034559,94051000,5000,True
e2e_paired,engram-repeated-text,average_tpot_ms,observed_mean,30,142.88541663944892,143.5718214333602,94051000,5000,True
e2e_paired,engram-repeated-text,average_tpot_ms,paired_ratio_error_percent,30,440.2940529753767,442.8895622775233,94051000,5000,True
e2e_paired,engram-repeated-text,exact_itl_ms,observed_mean,30,142.88541663944892,143.5718214333602,94051000,5000,True
e2e_paired,engram-repeated-text,exact_itl_ms,paired_ratio_error_percent,30,440.2940529753767,442.8895622775233,94051000,5000,True
e2e_paired,engram-repeated-text,last_token_latency_ms,observed_mean,30,4671.67553717375,4693.318379320417,94051000,5000,True
e2e_paired,engram-repeated-text,last_token_latency_ms,paired_ratio_error_percent,30,461.980206081724,464.58372566676235,94051000,5000,True
e2e_paired,engram-repeated-text,output_tokens_per_second,observed_mean,30,13.430617247093199,13.493253732255829,94051000,5000,True
e2e_paired,engram-repeated-text,output_tokens_per_second,paired_ratio_error_percent,30,-82.28111493385289,-82.19846747440357,94051000,5000,True
e2e_paired,engram-repeated-text,request_latency_ms,observed_mean,30,4672.11075131,4693.760460557916,94051000,5000,True
e2e_paired,engram-repeated-text,request_latency_ms,paired_ratio_error_percent,30,461.92727604699786,464.5311243554032,94051000,5000,True
e2e_paired,engram-repeated-text,ttft_ms,observed_mean,30,240.50524418708335,245.52914742833335,94051000,5000,True
e2e_paired,engram-repeated-text,ttft_ms,paired_ratio_error_percent,30,848.3639288471949,868.1743193773914,94051000,5000,True
e2e_paired,heldout-burst-192,average_tpot_ms,observed_mean,30,142.8075851236425,143.57000155584677,94051000,5000,True
e2e_paired,heldout-burst-192,average_tpot_ms,paired_ratio_error_percent,30,444.84915658169325,447.75797931426797,94051000,5000,True
e2e_paired,heldout-burst-192,exact_itl_ms,observed_mean,30,142.8075851236425,143.57000155584677,94051000,5000,True
e2e_paired,heldout-burst-192,exact_itl_ms,paired_ratio_error_percent,30,444.84915658169314,447.75797931426797,94051000,5000,True
e2e_paired,heldout-burst-192,last_token_latency_ms,observed_mean,30,4669.91685888875,4695.544346916667,94051000,5000,True
e2e_paired,heldout-burst-192,last_token_latency_ms,paired_ratio_error_percent,30,465.77916211479965,468.88404902170294,94051000,5000,True
e2e_paired,heldout-burst-192,output_tokens_per_second,observed_mean,30,13.425295033656287,13.49872838029676,94051000,5000,True
e2e_paired,heldout-burst-192,output_tokens_per_second,paired_ratio_error_percent,30,-82.40284798640397,-82.30660255148783,94051000,5000,True
e2e_paired,heldout-burst-192,request_latency_ms,observed_mean,30,4670.390381950834,4696.0171469424995,94051000,5000,True
e2e_paired,heldout-burst-192,request_latency_ms,paired_ratio_error_percent,30,465.7221880571861,468.82637020831993,94051000,5000,True
e2e_paired,heldout-burst-192,ttft_ms,observed_mean,30,242.79791491125002,245.24137275666666,94051000,5000,True
e2e_paired,heldout-burst-192,ttft_ms,paired_ratio_error_percent,30,844.7728601688341,854.2807261701397,94051000,5000,True
e2e_paired,heldout-burst-384,average_tpot_ms,observed_mean,30,142.8131089106855,143.53786744798387,94051000,5000,True
e2e_paired,heldout-burst-384,average_tpot_ms,paired_ratio_error_percent,30,440.41258243122513,443.15510821002596,94051000,5000,True
e2e_paired,heldout-burst-384,exact_itl_ms,observed_mean,30,142.8131089106855,143.53786744798387,94051000,5000,True
e2e_paired,heldout-burst-384,exact_itl_ms,paired_ratio_error_percent,30,440.41258243122513,443.15510821002584,94051000,5000,True
e2e_paired,heldout-burst-384,last_token_latency_ms,observed_mean,30,4666.875921309583,4690.667880353333,94051000,5000,True
e2e_paired,heldout-burst-384,last_token_latency_ms,paired_ratio_error_percent,30,462.28008792331144,465.1466344809159,94051000,5000,True
e2e_paired,heldout-burst-384,output_tokens_per_second,observed_mean,30,13.438811995116057,13.50740792409735,94051000,5000,True
e2e_paired,heldout-burst-384,output_tokens_per_second,paired_ratio_error_percent,30,-82.29914052904893,-82.208794113039,94051000,5000,True
e2e_paired,heldout-burst-384,request_latency_ms,observed_mean,30,4667.380531094167,4691.186375095417,94051000,5000,True
e2e_paired,heldout-burst-384,request_latency_ms,paired_ratio_error_percent,30,462.2179525787241,465.08553448679857,94051000,5000,True
e2e_paired,heldout-burst-384,ttft_ms,observed_mean,30,239.39175193916665,241.37422104208332,94051000,5000,True
e2e_paired,heldout-burst-384,ttft_ms,paired_ratio_error_percent,30,864.5167681488975,872.5039418626856,94051000,5000,True
e2e_paired,heldout-burst-768,average_tpot_ms,observed_mean,30,145.9834291372043,146.6944247737231,94051000,5000,True
e2e_paired,heldout-burst-768,average_tpot_ms,paired_ratio_error_percent,30,435.9614455988218,438.57178467171764,94051000,5000,True
e2e_paired,heldout-burst-768,exact_itl_ms,observed_mean,30,145.9834291372043,146.6944247737231,94051000,5000,True
e2e_paired,heldout-burst-768,exact_itl_ms,paired_ratio_error_percent,30,435.9614455988218,438.57178467171764,94051000,5000,True
e2e_paired,heldout-burst-768,last_token_latency_ms,observed_mean,30,4993.202600142917,5023.6600734575,94051000,5000,True
e2e_paired,heldout-burst-768,last_token_latency_ms,paired_ratio_error_percent,30,462.85421052867883,466.28746689706753,94051000,5000,True
e2e_paired,heldout-burst-768,output_tokens_per_second,observed_mean,30,12.378858375845809,12.4529656236771,94051000,5000,True
e2e_paired,heldout-burst-768,output_tokens_per_second,paired_ratio_error_percent,30,-82.31451417723352,-82.20864395108948,94051000,5000,True
e2e_paired,heldout-burst-768,request_latency_ms,observed_mean,30,4993.663814054999,5024.143154342501,94051000,5000,True
e2e_paired,heldout-burst-768,request_latency_ms,paired_ratio_error_percent,30,462.8000910279156,466.23516468565293,94051000,5000,True
e2e_paired,heldout-burst-768,ttft_ms,observed_mean,30,466.07636559416665,480.9338139858333,94051000,5000,True
e2e_paired,heldout-burst-768,ttft_ms,paired_ratio_error_percent,30,711.5232204675516,737.3925232071523,94051000,5000,True
e2e_paired,heldout-single-192,average_tpot_ms,observed_mean,30,142.1979565202688,142.9307171421774,94051000,5000,True
e2e_paired,heldout-single-192,average_tpot_ms,paired_ratio_error_percent,30,425.01697043987974,427.7224366166428,94051000,5000,True
e2e_paired,heldout-single-192,exact_itl_ms,observed_mean,30,142.1979565202688,142.9307171421774,94051000,5000,True
e2e_paired,heldout-single-192,exact_itl_ms,paired_ratio_error_percent,30,425.01697043987974,427.72243661664277,94051000,5000,True
e2e_paired,heldout-single-192,last_token_latency_ms,observed_mean,30,4569.623246616667,4593.183032951667,94051000,5000,True
e2e_paired,heldout-single-192,last_token_latency_ms,paired_ratio_error_percent,30,439.9311942086447,442.7149387069507,94051000,5000,True
e2e_paired,heldout-single-192,output_tokens_per_second,observed_mean,30,6.9659849974736865,7.002058081301777,94051000,5000,True
e2e_paired,heldout-single-192,output_tokens_per_second,paired_ratio_error_percent,30,-81.5725263408455,-81.47710630343167,94051000,5000,True
e2e_paired,heldout-single-192,request_latency_ms,observed_mean,30,4570.370181706667,4593.867369879166,94051000,5000,True
e2e_paired,heldout-single-192,request_latency_ms,paired_ratio_error_percent,30,439.8507620116602,442.6262428646386,94051000,5000,True
e2e_paired,heldout-single-192,ttft_ms,observed_mean,30,161.03111363333332,162.95515363083334,94051000,5000,True
e2e_paired,heldout-single-192,ttft_ms,paired_ratio_error_percent,30,843.3895263503134,854.6613802227281,94051000,5000,True
e2e_paired,heldout-single-384,average_tpot_ms,observed_mean,30,142.11863644043012,142.77965150166668,94051000,5000,True
e2e_paired,heldout-single-384,average_tpot_ms,paired_ratio_error_percent,30,447.6592251125093,450.20647018435886,94051000,5000,True
e2e_paired,heldout-single-384,exact_itl_ms,observed_mean,30,142.1186364404301,142.77965150166668,94051000,5000,True
e2e_paired,heldout-single-384,exact_itl_ms,paired_ratio_error_percent,30,447.6592251125093,450.20647018435886,94051000,5000,True
e2e_paired,heldout-single-384,last_token_latency_ms,observed_mean,30,4565.514991280834,4586.35307451,94051000,5000,True
e2e_paired,heldout-single-384,last_token_latency_ms,paired_ratio_error_percent,30,462.4883075488407,465.05563635799,94051000,5000,True
e2e_paired,heldout-single-384,output_tokens_per_second,observed_mean,30,6.976123257080493,7.008202303275368,94051000,5000,True
e2e_paired,heldout-single-384,output_tokens_per_second,paired_ratio_error_percent,30,-82.30070906133338,-82.21933235487933,94051000,5000,True
e2e_paired,heldout-single-384,request_latency_ms,observed_mean,30,4566.271754876667,4587.17720243,94051000,5000,True
e2e_paired,heldout-single-384,request_latency_ms,paired_ratio_error_percent,30,462.38725143197684,464.96199025934675,94051000,5000,True
e2e_paired,heldout-single-384,ttft_ms,observed_mean,30,159.43922611416667,160.57182397166667,94051000,5000,True
e2e_paired,heldout-single-384,ttft_ms,paired_ratio_error_percent,30,869.8936117705007,876.7833807025431,94051000,5000,True
e2e_paired,heldout-single-768,average_tpot_ms,observed_mean,30,145.2704091635215,146.0661044183602,94051000,5000,True
e2e_paired,heldout-single-768,average_tpot_ms,paired_ratio_error_percent,30,436.7217615180609,439.6615684693602,94051000,5000,True
e2e_paired,heldout-single-768,exact_itl_ms,observed_mean,30,145.2704091635215,146.0661044183602,94051000,5000,True
e2e_paired,heldout-single-768,exact_itl_ms,paired_ratio_error_percent,30,436.7217615180609,439.6615684693602,94051000,5000,True
e2e_paired,heldout-single-768,last_token_latency_ms,observed_mean,30,4815.857346830834,4842.82878037,94051000,5000,True
e2e_paired,heldout-single-768,last_token_latency_ms,paired_ratio_error_percent,30,451.66173646880696,454.75134373757845,94051000,5000,True
e2e_paired,heldout-single-768,output_tokens_per_second,observed_mean,30,6.6069493309469,6.643825346928483,94051000,5000,True
e2e_paired,heldout-single-768,output_tokens_per_second,paired_ratio_error_percent,30,-81.97177444530584,-81.87115484182269,94051000,5000,True
e2e_paired,heldout-single-768,request_latency_ms,observed_mean,30,4816.749800470833,4843.614118854167,94051000,5000,True
e2e_paired,heldout-single-768,request_latency_ms,paired_ratio_error_percent,30,451.57229061949494,454.6485586900609,94051000,5000,True
e2e_paired,heldout-single-768,ttft_ms,observed_mean,30,312.1948964558333,315.19033584500005,94051000,5000,True
e2e_paired,heldout-single-768,ttft_ms,paired_ratio_error_percent,30,665.5716062901873,672.9170926217797,94051000,5000,True
e2e_paired,heterogeneous,average_tpot_ms,observed_mean,30,144.47386348619176,145.35553233247313,94051000,5000,True
e2e_paired,heterogeneous,average_tpot_ms,paired_ratio_error_percent,30,429.21173448630935,432.82818829507795,94051000,5000,True
e2e_paired,heterogeneous,exact_itl_ms,observed_mean,30,144.47386348619176,145.3555323324731,94051000,5000,True
e2e_paired,heterogeneous,exact_itl_ms,paired_ratio_error_percent,30,429.21173448630935,432.82818829507795,94051000,5000,True
e2e_paired,heterogeneous,last_token_latency_ms,observed_mean,30,6318.354411894722,6377.251598459445,94051000,5000,True
e2e_paired,heterogeneous,last_token_latency_ms,paired_ratio_error_percent,30,443.66370852575034,451.2166205843989,94051000,5000,True
e2e_paired,heterogeneous,output_tokens_per_second,observed_mean,30,10.190031022524904,10.260743318012159,94051000,5000,True
e2e_paired,heterogeneous,output_tokens_per_second,paired_ratio_error_percent,30,-81.88518892252387,-81.75865436409256,94051000,5000,True
e2e_paired,heterogeneous,request_latency_ms,observed_mean,30,6318.944737864167,6377.83145145,94051000,5000,True
e2e_paired,heterogeneous,request_latency_ms,paired_ratio_error_percent,30,443.6151607974803,451.1658789952197,94051000,5000,True
e2e_paired,heterogeneous,ttft_ms,observed_mean,30,1836.3778195825,1874.6377300672223,94051000,5000,True
e2e_paired,heterogeneous,ttft_ms,paired_ratio_error_percent,30,477.72117886883166,496.67262284785653,94051000,5000,True
e2e_paired,prefix-cold-control,average_tpot_ms,observed_mean,30,145.45654682155558,146.17615880733334,94051000,5000,True
e2e_paired,prefix-cold-control,average_tpot_ms,paired_ratio_error_percent,30,436.7152732712958,439.3705455984444,94051000,5000,True
e2e_paired,prefix-cold-control,exact_itl_ms,observed_mean,30,145.45654682155558,146.17615880733334,94051000,5000,True
e2e_paired,prefix-cold-control,exact_itl_ms,paired_ratio_error_percent,30,436.7152732712958,439.3705455984444,94051000,5000,True
e2e_paired,prefix-cold-control,last_token_latency_ms,observed_mean,30,2495.6255620133334,2507.3334571783334,94051000,5000,True
e2e_paired,prefix-cold-control,last_token_latency_ms,paired_ratio_error_percent,30,465.5910756266274,468.244470880141,94051000,5000,True
e2e_paired,prefix-cold-control,output_tokens_per_second,observed_mean,30,6.379804752007833,6.409943942263348,94051000,5000,True
e2e_paired,prefix-cold-control,output_tokens_per_second,paired_ratio_error_percent,30,-82.39901156019125,-82.31583707957077,94051000,5000,True
e2e_paired,prefix-cold-control,request_latency_ms,observed_mean,30,2496.244912299167,2507.9979083066664,94051000,5000,True
e2e_paired,prefix-cold-control,request_latency_ms,paired_ratio_error_percent,30,465.44123195052526,468.10348215985044,94051000,5000,True
e2e_paired,prefix-cold-control,ttft_ms,observed_mean,30,313.31520466083333,315.2648185858333,94051000,5000,True
e2e_paired,prefix-cold-control,ttft_ms,paired_ratio_error_percent,30,665.3907365351466,670.1534049750696,94051000,5000,True
e2e_paired,prefix-reuse-B,average_tpot_ms,observed_mean,30,145.48649428966667,146.1868605958889,94051000,5000,True
e2e_paired,prefix-reuse-B,average_tpot_ms,paired_ratio_error_percent,30,436.6759823707941,439.2595196073349,94051000,5000,True
e2e_paired,prefix-reuse-B,exact_itl_ms,observed_mean,30,145.48649428966667,146.1868605958889,94051000,5000,True
e2e_paired,prefix-reuse-B,exact_itl_ms,paired_ratio_error_percent,30,436.6759823707941,439.2595196073349,94051000,5000,True
e2e_paired,prefix-reuse-B,last_token_latency_ms,observed_mean,30,2349.2845191875,2374.1436786074996,94051000,5000,True
e2e_paired,prefix-reuse-B,last_token_latency_ms,paired_ratio_error_percent,30,502.65051311142946,509.09375272966633,94051000,5000,True
e2e_paired,prefix-reuse-B,output_tokens_per_second,observed_mean,30,6.7406442665232325,6.809615283201876,94051000,5000,True
e2e_paired,prefix-reuse-B,output_tokens_per_second,paired_ratio_error_percent,30,-83.58041267597001,-83.4110322952996,94051000,5000,True
e2e_paired,prefix-reuse-B,request_latency_ms,observed_mean,30,2349.742803654167,2374.620976875,94051000,5000,True
e2e_paired,prefix-reuse-B,request_latency_ms,paired_ratio_error_percent,30,502.5330215030798,508.9760412522669,94051000,5000,True
e2e_paired,prefix-reuse-B,ttft_ms,observed_mean,30,165.21300967583335,184.85592678749998,94051000,5000,True
e2e_paired,prefix-reuse-B,ttft_ms,paired_ratio_error_percent,30,1273.6773803857336,1438.0475695603793,94051000,5000,True
e2e_paired,short,average_tpot_ms,observed_mean,30,142.44683228238097,143.27037905619048,94051000,5000,True
e2e_paired,short,average_tpot_ms,paired_ratio_error_percent,30,442.99693746631556,446.13623771520736,94051000,5000,True
e2e_paired,short,exact_itl_ms,observed_mean,30,142.44683228238097,143.27037905619048,94051000,5000,True
e2e_paired,short,exact_itl_ms,paired_ratio_error_percent,30,442.99693746631556,446.13623771520736,94051000,5000,True
e2e_paired,short,last_token_latency_ms,observed_mean,30,1158.1319908241667,1192.4541701024998,94051000,5000,True
e2e_paired,short,last_token_latency_ms,paired_ratio_error_percent,30,494.2138437002289,511.82385204277875,94051000,5000,True
e2e_paired,short,output_tokens_per_second,observed_mean,30,6.738598232963985,6.9057478883101275,94051000,5000,True
e2e_paired,short,output_tokens_per_second,paired_ratio_error_percent,30,-83.65155699592356,-83.2460633539966,94051000,5000,True
e2e_paired,short,request_latency_ms,observed_mean,30,1158.5219990175,1192.8457259841668,94051000,5000,True
e2e_paired,short,request_latency_ms,paired_ratio_error_percent,30,494.0187908595152,511.6178858934896,94051000,5000,True
e2e_paired,short,ttft_ms,observed_mean,30,160.262589155,190.59277785166665,94051000,5000,True
e2e_paired,short,ttft_ms,paired_ratio_error_percent,30,760.5002678944941,923.3525944185694,94051000,5000,True
native_whole_trial,boundary-127,native_forward_interval_ms,mean_trial_total_forward_signed_error_percent,30,421.8583314176388,424.4198660476486,94051000,5000,True
native_whole_trial,boundary-127,native_forward_interval_ms,interval_mape_percent,30,421.77872138099565,424.3333318349788,94051000,5000,True
native_whole_trial,boundary-127,native_forward_interval_ms,interval_wape_percent,30,421.8393992466053,424.40033039748243,94051000,5000,True
native_whole_trial,boundary-128,native_forward_interval_ms,mean_trial_total_forward_signed_error_percent,30,419.8891298139666,422.37446652354555,94051000,5000,True
native_whole_trial,boundary-128,native_forward_interval_ms,interval_mape_percent,30,419.97673068896535,422.4612133426526,94051000,5000,True
native_whole_trial,boundary-128,native_forward_interval_ms,interval_wape_percent,30,419.8711055495635,422.3460929032438,94051000,5000,True
native_whole_trial,boundary-129,native_forward_interval_ms,mean_trial_total_forward_signed_error_percent,30,420.31154891724253,423.09911125983393,94051000,5000,True
native_whole_trial,boundary-129,native_forward_interval_ms,interval_mape_percent,30,420.39504693322493,423.20029390503913,94051000,5000,True
native_whole_trial,boundary-129,native_forward_interval_ms,interval_wape_percent,30,420.294561761313,423.06749859835503,94051000,5000,True
native_whole_trial,engram-distinct-text,native_forward_interval_ms,mean_trial_total_forward_signed_error_percent,30,431.2202975079409,433.92145052825623,94051000,5000,True
native_whole_trial,engram-distinct-text,native_forward_interval_ms,interval_mape_percent,30,431.3942508717843,434.084250387636,94051000,5000,True
native_whole_trial,engram-distinct-text,native_forward_interval_ms,interval_wape_percent,30,431.1975860878551,433.89134024537884,94051000,5000,True
native_whole_trial,engram-repeated-text,native_forward_interval_ms,mean_trial_total_forward_signed_error_percent,30,431.21611171826015,433.680302628689,94051000,5000,True
native_whole_trial,engram-repeated-text,native_forward_interval_ms,interval_mape_percent,30,431.4203586614143,433.8963372005244,94051000,5000,True
native_whole_trial,engram-repeated-text,native_forward_interval_ms,interval_wape_percent,30,431.19564920499016,433.6595020932057,94051000,5000,True
native_whole_trial,heldout-burst-192,native_forward_interval_ms,mean_trial_total_forward_signed_error_percent,30,434.4105583793973,437.33907951053686,94051000,5000,True
native_whole_trial,heldout-burst-192,native_forward_interval_ms,interval_mape_percent,30,434.69928545558463,437.609095058121,94051000,5000,True
native_whole_trial,heldout-burst-192,native_forward_interval_ms,interval_wape_percent,30,434.3785680391948,437.30593333400134,94051000,5000,True
native_whole_trial,heldout-burst-384,native_forward_interval_ms,mean_trial_total_forward_signed_error_percent,30,431.3949662568477,434.1036493774679,94051000,5000,True
native_whole_trial,heldout-burst-384,native_forward_interval_ms,interval_mape_percent,30,431.56224989446014,434.26810249715066,94051000,5000,True
native_whole_trial,heldout-burst-384,native_forward_interval_ms,interval_wape_percent,30,431.37128562130624,434.07601261953886,94051000,5000,True
native_whole_trial,heldout-burst-768,native_forward_interval_ms,mean_trial_total_forward_signed_error_percent,30,420.1054022468146,422.6399607720329,94051000,5000,True
native_whole_trial,heldout-burst-768,native_forward_interval_ms,interval_mape_percent,30,420.18217702366445,422.71002588324893,94051000,5000,True
native_whole_trial,heldout-burst-768,native_forward_interval_ms,interval_wape_percent,30,420.0853004905954,422.6119930609215,94051000,5000,True
native_whole_trial,heldout-single-192,native_forward_interval_ms,mean_trial_total_forward_signed_error_percent,30,424.6793973676309,427.40655359596036,94051000,5000,True
native_whole_trial,heldout-single-192,native_forward_interval_ms,interval_mape_percent,30,424.7545947466215,427.47873155294184,94051000,5000,True
native_whole_trial,heldout-single-192,native_forward_interval_ms,interval_wape_percent,30,424.6647647813267,427.3729990864511,94051000,5000,True
native_whole_trial,heldout-single-384,native_forward_interval_ms,mean_trial_total_forward_signed_error_percent,30,446.63486796408347,449.15259889294924,94051000,5000,True
native_whole_trial,heldout-single-384,native_forward_interval_ms,interval_mape_percent,30,446.7494476984212,449.26024202138996,94051000,5000,True
native_whole_trial,heldout-single-384,native_forward_interval_ms,interval_wape_percent,30,446.62066840265953,449.13187849726796,94051000,5000,True
native_whole_trial,heldout-single-768,native_forward_interval_ms,mean_trial_total_forward_signed_error_percent,30,436.5363763356132,439.5465676526536,94051000,5000,True
native_whole_trial,heldout-single-768,native_forward_interval_ms,interval_mape_percent,30,436.58241754914826,439.5800904153098,94051000,5000,True
native_whole_trial,heldout-single-768,native_forward_interval_ms,interval_wape_percent,30,436.51086414571466,439.51124267957516,94051000,5000,True
native_whole_trial,heterogeneous,native_forward_interval_ms,mean_trial_total_forward_signed_error_percent,30,427.9840015683008,433.22910551121265,94051000,5000,True
native_whole_trial,heterogeneous,native_forward_interval_ms,interval_mape_percent,30,428.1521793058775,433.43133055882953,94051000,5000,True
native_whole_trial,heterogeneous,native_forward_interval_ms,interval_wape_percent,30,427.96297712723924,433.2126955759264,94051000,5000,True
native_whole_trial,prefix-cold-control,native_forward_interval_ms,mean_trial_total_forward_signed_error_percent,30,436.3381644838273,438.88306622268976,94051000,5000,True
native_whole_trial,prefix-cold-control,native_forward_interval_ms,interval_mape_percent,30,436.3571168180639,438.90697082819105,94051000,5000,True
native_whole_trial,prefix-cold-control,native_forward_interval_ms,interval_wape_percent,30,436.31594904485246,438.8609155901892,94051000,5000,True
native_whole_trial,prefix-reuse-B,native_forward_interval_ms,mean_trial_total_forward_signed_error_percent,30,437.7681803556055,440.46161492661605,94051000,5000,True
native_whole_trial,prefix-reuse-B,native_forward_interval_ms,interval_mape_percent,30,437.7508918458563,440.4197341220684,94051000,5000,True
native_whole_trial,prefix-reuse-B,native_forward_interval_ms,interval_wape_percent,30,437.74816228479307,440.43194791846804,94051000,5000,True
native_whole_trial,short,native_forward_interval_ms,mean_trial_total_forward_signed_error_percent,30,445.7484018442808,448.85261549723594,94051000,5000,True
native_whole_trial,short,native_forward_interval_ms,interval_mape_percent,30,445.6418855665203,448.73530674682934,94051000,5000,True
native_whole_trial,short,native_forward_interval_ms,interval_wape_percent,30,445.7161178411358,448.8198633051674,94051000,5000,True
frozen_observed_main,boundary-127,average_tpot_ms,observed_mean,30,142.5713520466111,143.27250093205555,92031519,5000,True
frozen_observed_main,boundary-127,exact_itl_ms,observed_mean,30,142.5713520466111,143.27250093205555,92031519,5000,True
frozen_observed_main,boundary-127,output_tokens_per_second,observed_mean,30,6.920397755426322,6.953956849116626,92031519,5000,True
frozen_observed_main,boundary-127,ttft_ms,observed_mean,30,161.21431981916666,163.1185528475,92031519,5000,True
frozen_observed_main,boundary-128,average_tpot_ms,observed_mean,30,142.34613140711113,143.01677012705557,92031519,5000,True
frozen_observed_main,boundary-128,exact_itl_ms,observed_mean,30,142.3461314071111,143.01677012705557,92031519,5000,True
frozen_observed_main,boundary-128,output_tokens_per_second,observed_mean,30,6.931577385608242,6.965190895165116,92031519,5000,True
frozen_observed_main,boundary-128,ttft_ms,observed_mean,30,161.2767153425,162.943694745,92031519,5000,True
frozen_observed_main,boundary-129,average_tpot_ms,observed_mean,30,142.120960757,142.8995274817222,92031519,5000,True
frozen_observed_main,boundary-129,exact_itl_ms,observed_mean,30,142.120960757,142.8995274817222,92031519,5000,True
frozen_observed_main,boundary-129,output_tokens_per_second,observed_mean,30,6.936359990215793,6.972725987968139,92031519,5000,True
frozen_observed_main,boundary-129,ttft_ms,observed_mean,30,161.38118109666667,164.23472785416666,92031519,5000,True
frozen_observed_main,engram-distinct-text,average_tpot_ms,observed_mean,30,142.8476254776344,143.59242782555108,92031519,5000,True
frozen_observed_main,engram-distinct-text,exact_itl_ms,observed_mean,30,142.8476254776344,143.59242782555108,92031519,5000,True
frozen_observed_main,engram-distinct-text,output_tokens_per_second,observed_mean,30,13.433212191136809,13.503831078995773,92031519,5000,True
frozen_observed_main,engram-distinct-text,ttft_ms,observed_mean,30,239.44182667083334,241.47341714125,92031519,5000,True
frozen_observed_main,engram-repeated-text,average_tpot_ms,observed_mean,30,142.8832175612903,143.59254054232528,92031519,5000,True
frozen_observed_main,engram-repeated-text,exact_itl_ms,observed_mean,30,142.8832175612903,143.59254054232528,92031519,5000,True
frozen_observed_main,engram-repeated-text,output_tokens_per_second,observed_mean,30,13.42882038701179,13.494072866986295,92031519,5000,True
frozen_observed_main,engram-repeated-text,ttft_ms,observed_mean,30,240.53774743666668,245.59911607041664,92031519,5000,True
frozen_observed_main,heldout-burst-192,average_tpot_ms,observed_mean,30,142.8048545056317,143.57412801930107,92031519,5000,True
frozen_observed_main,heldout-burst-192,exact_itl_ms,observed_mean,30,142.8048545056317,143.57412801930107,92031519,5000,True
frozen_observed_main,heldout-burst-192,output_tokens_per_second,observed_mean,30,13.424301719064564,13.498905633157127,92031519,5000,True
frozen_observed_main,heldout-burst-192,ttft_ms,observed_mean,30,242.81354714958331,245.23290420333333,92031519,5000,True
frozen_observed_main,heldout-burst-384,average_tpot_ms,observed_mean,30,142.8138989294086,143.54207280391128,92031519,5000,True
frozen_observed_main,heldout-burst-384,exact_itl_ms,observed_mean,30,142.8138989294086,143.5420728039113,92031519,5000,True
frozen_observed_main,heldout-burst-384,output_tokens_per_second,observed_mean,30,13.43849247753161,13.507570001950816,92031519,5000,True
frozen_observed_main,heldout-burst-384,ttft_ms,observed_mean,30,239.41707938333334,241.31116819833335,92031519,5000,True
frozen_observed_main,heldout-burst-768,average_tpot_ms,observed_mean,30,145.99176345719084,146.70120985180105,92031519,5000,True
frozen_observed_main,heldout-burst-768,exact_itl_ms,observed_mean,30,145.99176345719084,146.70120985180108,92031519,5000,True
frozen_observed_main,heldout-burst-768,output_tokens_per_second,observed_mean,30,12.377521916907526,12.45189272777466,92031519,5000,True
frozen_observed_main,heldout-burst-768,ttft_ms,observed_mean,30,466.0692369766666,481.195424815,92031519,5000,True
frozen_observed_main,heldout-single-192,average_tpot_ms,observed_mean,30,142.20434932462365,142.93064169193548,92031519,5000,True
frozen_observed_main,heldout-single-192,exact_itl_ms,observed_mean,30,142.20434932462365,142.93064169193548,92031519,5000,True
frozen_observed_main,heldout-single-192,output_tokens_per_second,observed_mean,30,6.965948387950839,7.001753087375958,92031519,5000,True
frozen_observed_main,heldout-single-192,ttft_ms,observed_mean,30,161.05643010333333,162.94428818166665,92031519,5000,True
frozen_observed_main,heldout-single-384,average_tpot_ms,observed_mean,30,142.12555648333333,142.78288103776882,92031519,5000,True
frozen_observed_main,heldout-single-384,exact_itl_ms,observed_mean,30,142.12555648333333,142.7828810377688,92031519,5000,True
frozen_observed_main,heldout-single-384,output_tokens_per_second,observed_mean,30,6.975735744602388,7.007830609178625,92031519,5000,True
frozen_observed_main,heldout-single-384,ttft_ms,observed_mean,30,159.4339777825,160.61857006999998,92031519,5000,True
frozen_observed_main,heldout-single-768,average_tpot_ms,observed_mean,30,145.27011432325267,146.07895340354838,92031519,5000,True
frozen_observed_main,heldout-single-768,exact_itl_ms,observed_mean,30,145.27011432325267,146.07895340354838,92031519,5000,True
frozen_observed_main,heldout-single-768,output_tokens_per_second,observed_mean,30,6.606463593077618,6.64370551500904,92031519,5000,True
frozen_observed_main,heldout-single-768,ttft_ms,observed_mean,30,312.1624101475,315.21079738833333,92031519,5000,True
frozen_observed_main,heterogeneous,average_tpot_ms,observed_mean,30,144.4828015173835,145.33296886299283,92031519,5000,True
frozen_observed_main,heterogeneous,exact_itl_ms,observed_mean,30,144.4828015173835,145.33296886299283,92031519,5000,True
frozen_observed_main,heterogeneous,output_tokens_per_second,observed_mean,30,10.18970632770453,10.260643585452227,92031519,5000,True
frozen_observed_main,heterogeneous,ttft_ms,observed_mean,30,1836.3132536616667,1874.517850185,92031519,5000,True
frozen_observed_main,prefix-cold-control,average_tpot_ms,observed_mean,30,145.46227035033334,146.1837224498333,92031519,5000,True
frozen_observed_main,prefix-cold-control,exact_itl_ms,observed_mean,30,145.46227035033334,146.18372244983334,92031519,5000,True
frozen_observed_main,prefix-cold-control,output_tokens_per_second,observed_mean,30,6.379545673949637,6.409873840202024,92031519,5000,True
frozen_observed_main,prefix-cold-control,ttft_ms,observed_mean,30,313.3033852475,315.26346466583334,92031519,5000,True
frozen_observed_main,prefix-reuse-B,average_tpot_ms,observed_mean,30,145.48119426355555,146.18310351216667,92031519,5000,True
frozen_observed_main,prefix-reuse-B,exact_itl_ms,observed_mean,30,145.48119426355555,146.18310351216667,92031519,5000,True
frozen_observed_main,prefix-reuse-B,output_tokens_per_second,observed_mean,30,6.742484026431249,6.809482762020054,92031519,5000,True
frozen_observed_main,prefix-reuse-B,ttft_ms,observed_mean,30,165.21458921166666,184.70932437833332,92031519,5000,True
frozen_observed_main,short,average_tpot_ms,observed_mean,30,142.4466484465476,143.26243698059523,92031519,5000,True
frozen_observed_main,short,exact_itl_ms,observed_mean,30,142.4466484465476,143.26243698059523,92031519,5000,True
frozen_observed_main,short,output_tokens_per_second,observed_mean,30,6.738659407430003,6.906926291437179,92031519,5000,True
frozen_observed_main,short,ttft_ms,observed_mean,30,160.210176155,190.56076703,92031519,5000,True
