dataset,population,group,metric,planned,predicted,mape_percent,wape_percent,observed_mean,predicted_mean
gb200-fresh-diagnostic,native-benchmark,overall,forward_ms,30,30,96.63505805265439,96.53954309151092,146.20334883996597,5.059303885375002
gb200-fresh-diagnostic,native-benchmark,decode-1,forward_ms,5,5,99.64319375137676,99.64320151218661,140.57507338002324,0.501569736062501
gb200-fresh-diagnostic,native-benchmark,decode-2,forward_ms,5,5,99.54627405496332,99.54629384265479,140.64000803045928,0.6380923761250008
gb200-fresh-diagnostic,native-benchmark,decode-3,forward_ms,5,5,99.64955694463009,99.64958901102503,143.25853465124965,0.5019936480625007
gb200-fresh-diagnostic,native-benchmark,prefill-1,forward_ms,5,5,93.7485283546795,93.74879295301217,150.10716863907874,9.383509904000007
gb200-fresh-diagnostic,native-benchmark,prefill-2,forward_ms,5,5,93.43349750674118,93.43411572413841,150.53401151672006,9.883888991999996
gb200-fresh-diagnostic,native-benchmark,prefill-3,forward_ms,5,5,93.78929770353545,93.78932301940898,152.1052968222648,9.446768656000007
gb200-fresh-diagnostic,ordinary-matched,overall,forward_ms,30,20,96.68803621005017,96.61576083842309,146.5162551845424,4.958460486031254
gb200-fresh-diagnostic,ordinary-matched,decode-1,forward_ms,5,5,99.64420239877133,99.64421050672705,140.9737346228212,0.501569736062501
gb200-fresh-diagnostic,ordinary-matched,decode-2,forward_ms,5,0,,,,
gb200-fresh-diagnostic,ordinary-matched,decode-3,forward_ms,5,5,99.65348911934218,99.65349205005752,144.87218782305717,0.5019936480625007
gb200-fresh-diagnostic,ordinary-matched,prefill-1,forward_ms,5,5,93.67887954695654,93.67889918620438,148.4474014956504,9.383509904000007
gb200-fresh-diagnostic,ordinary-matched,prefill-2,forward_ms,5,0,,,,
gb200-fresh-diagnostic,ordinary-matched,prefill-3,forward_ms,5,5,93.77557377513061,93.77567171258698,151.77169679664075,9.446768656000007
gb200-ordinary-e2e,http-cohort,overall,average_tpot_ms,450,450,99.57512355675685,99.57512228825229,143.82825528807885,0.6110941999146636
gb200-ordinary-e2e,http-cohort,boundary-127,average_tpot_ms,30,30,99.64904129805025,99.64905786641546,142.92301170666667,0.5015770666666663
gb200-ordinary-e2e,http-cohort,boundary-128,average_tpot_ms,30,30,99.64845471757911,99.64846999498182,142.6842828511111,0.5015780666666662
gb200-ordinary-e2e,http-cohort,boundary-129,average_tpot_ms,30,30,99.6480361071633,99.6480569244552,142.51715732444444,0.5015792666666662
gb200-ordinary-e2e,http-cohort,engram-distinct-text,average_tpot_ms,30,30,99.43801846581934,99.43804671498549,143.22490031129033,0.8048570322580643
gb200-ordinary-e2e,http-cohort,engram-repeated-text,average_tpot_ms,30,30,99.4495462845293,99.44957148798376,143.23250250430107,0.7883925322580643
gb200-ordinary-e2e,http-cohort,heldout-burst-192,average_tpot_ms,30,30,99.44718296908188,99.44721404358637,143.19296130107526,0.791550580645161
gb200-ordinary-e2e,http-cohort,heldout-burst-384,average_tpot_ms,30,30,99.43785948567427,99.43788740366321,143.1843081801075,0.8048570322580643
gb200-ordinary-e2e,http-cohort,heldout-burst-768,average_tpot_ms,30,30,99.43922281592316,99.43924875669356,146.3442859951613,0.8206274032258072
gb200-ordinary-e2e,http-cohort,heldout-single-192,average_tpot_ms,30,30,99.64814708290096,99.64816474568045,142.58313678817206,0.5016577419354838
gb200-ordinary-e2e,http-cohort,heldout-single-384,average_tpot_ms,30,30,99.64769633324762,99.64771098956074,142.4597559516129,0.5018700645161289
gb200-ordinary-e2e,http-cohort,heldout-single-768,average_tpot_ms,30,30,99.65531266807294,99.65533292695778,145.67647390215052,0.5020988387096778
gb200-ordinary-e2e,http-cohort,heterogeneous,average_tpot_ms,30,30,99.55789275449173,99.55807502308555,144.8988137250896,0.6403440491039427
gb200-ordinary-e2e,http-cohort,prefix-cold-control,average_tpot_ms,30,30,99.65564240316381,99.65565951341273,145.81373753333332,0.5020957333333338
gb200-ordinary-e2e,http-cohort,prefix-reuse-B,average_tpot_ms,30,30,99.65570276466781,99.65571898344903,145.83892494666668,0.5020957333333702
gb200-ordinary-e2e,http-cohort,short,average_tpot_ms,30,30,99.64909720098713,99.64911911527815,142.8495763,0.501231857142857
gb200-ordinary-e2e,http-cohort,overall,exact_itl_ms,450,450,99.57512355675685,99.57512228825229,143.82825528807885,0.6110941999146636
gb200-ordinary-e2e,http-cohort,boundary-127,exact_itl_ms,30,30,99.64904129805025,99.64905786641546,142.92301170666667,0.5015770666666663
gb200-ordinary-e2e,http-cohort,boundary-128,exact_itl_ms,30,30,99.64845471757911,99.64846999498182,142.6842828511111,0.5015780666666662
gb200-ordinary-e2e,http-cohort,boundary-129,exact_itl_ms,30,30,99.6480361071633,99.6480569244552,142.51715732444444,0.5015792666666662
gb200-ordinary-e2e,http-cohort,engram-distinct-text,exact_itl_ms,30,30,99.43801846581934,99.43804671498548,143.22490031129033,0.8048570322580643
gb200-ordinary-e2e,http-cohort,engram-repeated-text,exact_itl_ms,30,30,99.4495462845293,99.44957148798376,143.23250250430107,0.7883925322580643
gb200-ordinary-e2e,http-cohort,heldout-burst-192,exact_itl_ms,30,30,99.44718296908188,99.44721404358637,143.19296130107526,0.791550580645161
gb200-ordinary-e2e,http-cohort,heldout-burst-384,exact_itl_ms,30,30,99.43785948567427,99.43788740366321,143.18430818010754,0.8048570322580643
gb200-ordinary-e2e,http-cohort,heldout-burst-768,exact_itl_ms,30,30,99.43922281592316,99.43924875669356,146.3442859951613,0.8206274032258072
gb200-ordinary-e2e,http-cohort,heldout-single-192,exact_itl_ms,30,30,99.64814708290096,99.64816474568045,142.58313678817206,0.5016577419354838
gb200-ordinary-e2e,http-cohort,heldout-single-384,exact_itl_ms,30,30,99.64769633324762,99.64771098956072,142.4597559516129,0.5018700645161289
gb200-ordinary-e2e,http-cohort,heldout-single-768,exact_itl_ms,30,30,99.65531266807294,99.65533292695775,145.67647390215055,0.5020988387096778
gb200-ordinary-e2e,http-cohort,heterogeneous,exact_itl_ms,30,30,99.55789275449173,99.55807502308555,144.8988137250896,0.6403440491039427
gb200-ordinary-e2e,http-cohort,prefix-cold-control,exact_itl_ms,30,30,99.65564240316381,99.65565951341273,145.81373753333332,0.5020957333333338
gb200-ordinary-e2e,http-cohort,prefix-reuse-B,exact_itl_ms,30,30,99.65570276466781,99.65571898344903,145.83892494666668,0.5020957333333702
gb200-ordinary-e2e,http-cohort,short,exact_itl_ms,30,30,99.64909720098713,99.64911911527815,142.8495763,0.501231857142857
gb200-ordinary-e2e,http-cohort,overall,last_token_latency_ms,450,450,99.1823551995415,99.17853937181115,3800.586862860741,31.220324718518555
gb200-ordinary-e2e,http-cohort,boundary-127,last_token_latency_ms,30,30,99.24519155052128,99.24522662206797,2305.9575905666666,17.404753999999993
gb200-ordinary-e2e,http-cohort,boundary-128,last_token_latency_ms,30,30,99.2438353651834,99.2438694644043,2302.3473038666666,17.40875099999999
gb200-ordinary-e2e,http-cohort,boundary-129,last_token_latency_ms,30,30,99.24301801734451,99.24305830672016,2300.4077004333335,17.412744999999994
gb200-ordinary-e2e,http-cohort,engram-distinct-text,last_token_latency_ms,30,30,99.11596727279108,99.11601262861429,4680.4226892,41.3743455
gb200-ordinary-e2e,http-cohort,engram-repeated-text,last_token_latency_ms,30,30,99.1381659052727,99.13820373069632,4682.696452833334,40.355303333333325
gb200-ordinary-e2e,http-cohort,heldout-burst-192,last_token_latency_ms,30,30,99.15085130129101,99.15090211562685,4682.982843533333,39.763108249999995
gb200-ordinary-e2e,http-cohort,heldout-burst-384,last_token_latency_ms,30,30,99.1157193758283,99.11576383421658,4679.053962166667,41.37388735
gb200-ordinary-e2e,http-cohort,heldout-burst-768,last_token_latency_ms,30,30,98.91428358514457,98.91436129117984,5008.259462833334,54.37160336666668
gb200-ordinary-e2e,http-cohort,heldout-single-192,last_token_latency_ms,30,30,99.43923084442063,99.43925921310482,4582.013935933333,25.693220999999998
gb200-ordinary-e2e,http-cohort,heldout-single-384,last_token_latency_ms,30,30,99.42092656456258,99.42095017377802,4576.272507133333,26.498897999999997
gb200-ordinary-e2e,http-cohort,heldout-single-768,last_token_latency_ms,30,30,99.23200027380753,99.23204688128526,4829.6340097,37.08932500000001
gb200-ordinary-e2e,http-cohort,heterogeneous,last_token_latency_ms,30,30,99.15384908210636,99.15424239343729,6346.562840377777,53.676537977777784
gb200-ordinary-e2e,http-cohort,prefix-cold-control,last_token_latency_ms,30,30,98.83839495624689,98.83844719944946,2501.452967633333,29.055697000000002
gb200-ordinary-e2e,http-cohort,prefix-reuse-B,last_token_latency_ms,30,30,99.23510962254596,99.23527361320787,2360.2031147,18.04909600000053
gb200-ordinary-e2e,http-cohort,short,last_token_latency_ms,30,30,99.24878427605584,99.25012120221258,1170.535562,8.777598
gb200-ordinary-e2e,http-cohort,overall,output_tokens_per_second,450,450,12470.868900841295,12148.928078895084,9.19743013126127,1126.5866018848187
gb200-ordinary-e2e,http-cohort,boundary-127,output_tokens_per_second,30,30,12895.1444640079,12894.668174227054,6.937037716426408,901.4450323705896
gb200-ordinary-e2e,http-cohort,boundary-128,output_tokens_per_second,30,30,12861.337682623778,12860.811338790796,6.948275513814527,900.5528806448976
gb200-ordinary-e2e,http-cohort,boundary-129,output_tokens_per_second,30,30,12843.14725540596,12842.467053371949,6.954413941090704,900.07273308077
gb200-ordinary-e2e,http-cohort,engram-distinct-text,output_tokens_per_second,30,30,11122.622360467938,11122.063608608601,13.4679332560673,1511.380036760824
gb200-ordinary-e2e,http-cohort,engram-repeated-text,output_tokens_per_second,30,30,11403.045811082158,11402.51432560511,13.461277701899286,1548.3853960704519
gb200-ordinary-e2e,http-cohort,heldout-burst-192,output_tokens_per_second,30,30,11576.220398451853,11575.549780382948,13.461177535208021,1571.666484148939
gb200-ordinary-e2e,http-cohort,heldout-burst-384,output_tokens_per_second,30,30,11111.827192571473,11111.291753275294,13.472245669505057,1510.4127677262081
gb200-ordinary-e2e,http-cohort,heldout-burst-768,output_tokens_per_second,30,30,9152.22639900878,9151.582424391665,12.416326269991387,1148.7066589496485
gb200-ordinary-e2e,http-cohort,heldout-single-192,output_tokens_per_second,30,30,17487.065699515275,17486.108034048102,6.983130967451226,1228.060956095041
gb200-ordinary-e2e,http-cohort,heldout-single-384,output_tokens_per_second,30,30,16916.33736038448,16915.700262044076,6.991642820183254,1189.676985675108
gb200-ordinary-e2e,http-cohort,heldout-single-768,output_tokens_per_second,30,30,12777.209892717274,12776.45685099197,6.62496177213028,853.0603439830685
gb200-ordinary-e2e,http-cohort,heterogeneous,output_tokens_per_second,30,30,13069.382643947289,13067.747154886418,10.22456260916376,1346.3445520677415
gb200-ordinary-e2e,http-cohort,prefix-cold-control,output_tokens_per_second,30,30,8382.450716589039,8382.08063942158,6.394893361353769,542.4200117150438
gb200-ordinary-e2e,http-cohort,prefix-reuse-B,output_tokens_per_second,30,30,12677.553511771697,12674.801951735786,6.779199275167692,866.0292813161807
gb200-ordinary-e2e,http-cohort,short,output_tokens_per_second,30,30,12787.462124074538,12765.82183185842,6.844373559466376,880.5849076677703
gb200-ordinary-e2e,http-cohort,overall,request_latency_ms,450,450,99.18249278947827,99.17865990745945,3801.1446174444445,31.220324718518555
gb200-ordinary-e2e,http-cohort,boundary-127,request_latency_ms,30,30,99.24539103160548,99.24542588954732,2306.5665464666668,17.404753999999993
gb200-ordinary-e2e,http-cohort,boundary-128,request_latency_ms,30,30,99.24399501062878,99.24402908627279,2302.8334402666665,17.40875099999999
gb200-ordinary-e2e,http-cohort,boundary-129,request_latency_ms,30,30,99.24315352137089,99.24319375768505,2300.8194206666667,17.412744999999994
gb200-ordinary-e2e,http-cohort,engram-distinct-text,request_latency_ms,30,30,99.11605809592622,99.1161034271439,4680.903486966667,41.3743455
gb200-ordinary-e2e,http-cohort,engram-repeated-text,request_latency_ms,30,30,99.13824698598563,99.138284786136,4683.136920883333,40.355303333333325
gb200-ordinary-e2e,http-cohort,heldout-burst-192,request_latency_ms,30,30,99.15093532442812,99.15098604781048,4683.44579585,39.763108249999995
gb200-ordinary-e2e,http-cohort,heldout-burst-384,request_latency_ms,30,30,99.11581648845318,99.11586085399694,4679.56741165,41.37388735
gb200-ordinary-e2e,http-cohort,heldout-burst-768,request_latency_ms,30,30,98.91438443722024,98.91446215645487,5008.724816916667,54.37160336666668
gb200-ordinary-e2e,http-cohort,heldout-single-192,request_latency_ms,30,30,99.43931522744167,99.43934374153898,4582.7047522,25.693220999999998
gb200-ordinary-e2e,http-cohort,heldout-single-384,request_latency_ms,30,30,99.42102865642353,99.42105226622762,4577.0794934,26.498897999999997
gb200-ordinary-e2e,http-cohort,heldout-single-768,request_latency_ms,30,30,99.23213949912777,99.2321856634064,4830.506964033333,37.08932500000001
gb200-ordinary-e2e,http-cohort,heterogeneous,request_latency_ms,30,30,99.15393269924445,99.15432432781495,6347.1777353,53.676537977777784
gb200-ordinary-e2e,http-cohort,prefix-cold-control,request_latency_ms,30,30,98.83869947590746,98.83875207513752,2502.1097026666666,29.055697000000002
gb200-ordinary-e2e,http-cohort,prefix-reuse-B,request_latency_ms,30,30,99.23525988424603,99.23542387770132,2360.666972666667,18.04909600000053
gb200-ordinary-e2e,http-cohort,short,request_latency_ms,30,30,99.24903550416468,99.25037111770821,1170.9258017333334,8.777598
gb200-ordinary-e2e,http-cohort,overall,ttft_ms,450,450,94.06998022508039,95.34209105947053,338.23252633,15.754563083703703
gb200-ordinary-e2e,http-cohort,boundary-127,ttft_ms,30,30,93.90319340650395,93.90478637800089,162.11241496666668,9.881098
gb200-ordinary-e2e,http-cohort,boundary-128,ttft_ms,30,30,93.89998967997651,93.90122574628498,162.0830611,9.885079999999999
gb200-ordinary-e2e,http-cohort,boundary-129,ttft_ms,30,30,93.91672291972293,93.92005207886625,162.65034056666667,9.889056
gb200-ordinary-e2e,http-cohort,engram-distinct-text,ttft_ms,30,30,93.16866167557788,93.16958858243802,240.45077955,16.4237775
gb200-ordinary-e2e,http-cohort,engram-repeated-text,ttft_ms,30,30,93.43126669226545,93.43675670885649,242.4888752,15.915134833333335
gb200-ordinary-e2e,http-cohort,heldout-burst-192,ttft_ms,30,30,93.75901428403128,93.76025608320022,244.0010432,15.225040250000001
gb200-ordinary-e2e,http-cohort,heldout-burst-384,ttft_ms,30,30,93.16576087258687,93.16664249395018,240.34040858333333,16.42331935
gb200-ordinary-e2e,http-cohort,heldout-burst-768,ttft_ms,30,30,93.85258870229944,93.86493296210257,471.5865969833333,28.932153866666663
gb200-ordinary-e2e,http-cohort,heldout-single-192,ttft_ms,30,30,93.73552444378315,93.73716317435908,161.93669549999998,10.141831
gb200-ordinary-e2e,http-cohort,heldout-single-384,ttft_ms,30,30,93.16209323925767,93.16277900643763,160.02007263333334,10.940926000000001
gb200-ordinary-e2e,http-cohort,heldout-single-768,ttft_ms,30,30,93.13654087959314,93.13778190994041,313.6633187333333,21.524261
gb200-ordinary-e2e,http-cohort,heterogeneous,ttft_ms,30,30,98.17414036866303,98.17620750099852,1854.6996149,33.825872455555555
gb200-ordinary-e2e,http-cohort,prefix-cold-control,ttft_ms,30,30,93.1500016693369,93.15052569090066,314.2469046333333,21.524260999999996
gb200-ordinary-e2e,http-cohort,prefix-reuse-B,ttft_ms,30,30,93.80058041692416,93.90701756679321,172.6192405,10.517659999999978
gb200-ordinary-e2e,http-cohort,short,ttft_ms,30,30,96.79362412568344,96.91129581522111,170.5885279,5.268975
gb200-ordinary-trace,native-forward,overall,forward_ms,12531,12531,99.22727715358253,99.20110608554768,144.41040087943222,1.1536859044619847
gb200-ordinary-trace,native-forward,boundary-127,forward_ms,480,480,99.2881786464743,99.26417312923107,143.57308165490394,1.056449314007813
gb200-ordinary-trace,native-forward,boundary-128,forward_ms,480,480,99.28704378595033,99.26278022333423,143.33566072018584,1.0566988378437514
gb200-ordinary-trace,native-forward,boundary-129,forward_ms,480,480,99.2852907332749,99.26163672394318,143.14748861506814,1.0569484865312508
gb200-ordinary-trace,native-forward,engram-distinct-text,forward_ms,990,990,99.17000019399609,99.13985553296658,143.70558238047354,1.2360756156637882
gb200-ordinary-trace,native-forward,engram-repeated-text,forward_ms,990,990,99.1916543403524,99.16158257653878,143.7397358289948,1.205138989627425
gb200-ordinary-trace,native-forward,heldout-burst-192,forward_ms,990,990,99.2069076397295,99.17423246164086,143.7760850090082,1.1872562379280303
gb200-ordinary-trace,native-forward,heldout-burst-384,forward_ms,990,990,99.16966821413646,99.13958819262812,143.66093132071046,1.2360756156637882
gb200-ordinary-trace,native-forward,heldout-burst-768,forward_ms,1050,1050,98.98211376845732,98.95109213969457,146.86495533456937,1.5404780605383583
gb200-ordinary-trace,native-forward,heldout-single-192,forward_ms,960,960,99.46186008273203,99.4491106374054,142.90289849644373,0.7872368666562506
gb200-ordinary-trace,native-forward,heldout-single-384,forward_ms,960,960,99.44195546519036,99.43074761292209,142.71484119575084,0.8124076402212509
gb200-ordinary-trace,native-forward,heldout-single-768,forward_ms,990,990,99.2567934662782,99.24094606746297,146.0639307559985,1.1087040104215766
gb200-ordinary-trace,native-forward,heterogeneous,forward_ms,1941,1941,99.23443401883641,99.20492401206454,144.96771588087626,1.1526034992273455
gb200-ordinary-trace,native-forward,prefix-cold-control,forward_ms,510,510,98.88334944822743,98.85414396947107,146.58244372181156,1.6796237710830595
gb200-ordinary-trace,native-forward,prefix-reuse-B,forward_ms,480,480,99.27703250736403,99.25147776819807,146.5137117843066,1.0966877053437505
gb200-ordinary-trace,native-forward,short,forward_ms,240,240,99.30203100200536,99.28189129757284,144.0655925728303,1.0345475574687508
gb200-retained-holdout,native-forward,overall,forward_ms,38,38,99.12040344036309,99.10230186059299,790.4843240608707,7.096163069398567
gb200-retained-holdout,native-forward,decode,forward_ms,10,10,99.92187162691097,99.92201613639043,731.2541901599616,0.5702602702937509
gb200-retained-holdout,native-forward,prefill,forward_ms,28,28,98.83416480231028,98.83854091369247,811.6379433111953,9.426842640507429
gb300-holdout-off,native-forward,overall,forward_ms,46,46,96.12908903053403,96.00983464646767,180.25733532672547,7.192565741407603
gb300-holdout-off,native-forward,context,forward_ms,36,36,95.16353648307046,95.17960168625662,187.1126375675279,9.019574426105894
gb300-holdout-off,native-forward,generation,forward_ms,10,10,99.60507820140285,99.60448553230836,155.57824725983664,0.615334476493751
gb300-holdout-on,native-forward,overall,forward_ms,46,30,96.87636935207708,96.77596370920536,181.55836388274716,5.853507540552772
gb300-holdout-on,native-forward,context,forward_ms,36,20,95.49871762942892,95.51703657066501,188.99538678233512,8.472594072582282
gb300-holdout-on,native-forward,generation,forward_ms,10,10,99.6316727973734,99.63083841145439,166.68431808357127,0.615334476493751
gb300-retained-e2e-core-off,http-cohort,overall,average_tpot_ms,600,560,99.57074951643055,99.56943853070709,158.98206324437376,0.6845155074171604
gb300-retained-e2e-core-off,http-cohort,boundary-127,average_tpot_ms,40,40,99.65139784604787,99.65170526482034,156.81919501833335,0.5461930000000002
gb300-retained-e2e-core-off,http-cohort,boundary-128,average_tpot_ms,40,40,99.65039157940913,99.65061860464235,156.33202204166668,0.5461950000000002
gb300-retained-e2e-core-off,http-cohort,boundary-129,average_tpot_ms,40,40,99.65278790663662,99.65340976149982,157.591647425,0.5461972666666668
gb300-retained-e2e-core-off,http-cohort,engram-distinct-text,average_tpot_ms,40,40,99.47193108459072,99.47215029284207,161.77263632379032,0.8539163870967742
gb300-retained-e2e-core-off,http-cohort,engram-repeated-text,average_tpot_ms,40,40,99.48237606110071,99.48248381718089,161.70488252661292,0.836848935483871
gb300-retained-e2e-core-off,http-cohort,heldout-burst-192,average_tpot_ms,40,40,99.48284867179157,99.48311856503453,162.36028001612902,0.8392101451612901
gb300-retained-e2e-core-off,http-cohort,heldout-burst-384,average_tpot_ms,40,40,99.47177206406731,99.4720014481148,161.72703202459678,0.8539163870967742
gb300-retained-e2e-core-off,http-cohort,heldout-burst-768,average_tpot_ms,40,40,99.4519909685371,99.4521173713571,161.9424110794355,0.8872543387096767
gb300-retained-e2e-core-off,http-cohort,heldout-single-192,average_tpot_ms,40,40,99.65288308894556,99.65308537931568,157.4888663233871,0.5463519032258064
gb300-retained-e2e-core-off,http-cohort,heldout-single-384,average_tpot_ms,40,40,99.6506217369805,99.65072872126439,156.5460212766129,0.5467702903225806
gb300-retained-e2e-core-off,http-cohort,heldout-single-768,average_tpot_ms,40,40,99.64902347427169,99.6490307602214,155.9138934217742,0.547209806451613
gb300-retained-e2e-core-off,http-cohort,heterogeneous,average_tpot_ms,40,40,99.42215504371663,99.42227479296022,162.7488646153226,0.9402412150537633
gb300-retained-e2e-core-off,http-cohort,prefix-cold-control,average_tpot_ms,40,40,99.64879009037006,99.6488007537718,155.8101294,0.5472040000000002
gb300-retained-e2e-core-off,http-cohort,prefix-reuse-B,average_tpot_ms,40,0,,,,
gb300-retained-e2e-core-off,http-cohort,short,average_tpot_ms,40,40,99.65152361356236,99.65239509595104,156.99100392857142,0.5457084285714286
gb300-retained-e2e-core-off,http-cohort,overall,exact_itl_ms,600,560,99.57074951643055,99.56943853070709,158.98206324437376,0.6845155074171604
gb300-retained-e2e-core-off,http-cohort,boundary-127,exact_itl_ms,40,40,99.65139784604787,99.65170526482034,156.81919501833335,0.5461930000000002
gb300-retained-e2e-core-off,http-cohort,boundary-128,exact_itl_ms,40,40,99.65039157940913,99.65061860464235,156.33202204166668,0.5461950000000002
gb300-retained-e2e-core-off,http-cohort,boundary-129,exact_itl_ms,40,40,99.65278790663662,99.65340976149982,157.591647425,0.5461972666666668
gb300-retained-e2e-core-off,http-cohort,engram-distinct-text,exact_itl_ms,40,40,99.47193108459072,99.47215029284207,161.77263632379032,0.8539163870967742
gb300-retained-e2e-core-off,http-cohort,engram-repeated-text,exact_itl_ms,40,40,99.48237606110071,99.48248381718089,161.70488252661292,0.836848935483871
gb300-retained-e2e-core-off,http-cohort,heldout-burst-192,exact_itl_ms,40,40,99.48284867179157,99.48311856503453,162.36028001612902,0.8392101451612901
gb300-retained-e2e-core-off,http-cohort,heldout-burst-384,exact_itl_ms,40,40,99.47177206406731,99.4720014481148,161.72703202459678,0.8539163870967742
gb300-retained-e2e-core-off,http-cohort,heldout-burst-768,exact_itl_ms,40,40,99.4519909685371,99.4521173713571,161.9424110794355,0.8872543387096767
gb300-retained-e2e-core-off,http-cohort,heldout-single-192,exact_itl_ms,40,40,99.65288308894556,99.65308537931567,157.4888663233871,0.5463519032258064
gb300-retained-e2e-core-off,http-cohort,heldout-single-384,exact_itl_ms,40,40,99.6506217369805,99.65072872126439,156.5460212766129,0.5467702903225806
gb300-retained-e2e-core-off,http-cohort,heldout-single-768,exact_itl_ms,40,40,99.64902347427169,99.6490307602214,155.9138934217742,0.547209806451613
gb300-retained-e2e-core-off,http-cohort,heterogeneous,exact_itl_ms,40,40,99.42215504371663,99.42227479296022,162.7488646153226,0.9402412150537633
gb300-retained-e2e-core-off,http-cohort,prefix-cold-control,exact_itl_ms,40,40,99.64879009037006,99.6488007537718,155.8101294,0.5472040000000002
gb300-retained-e2e-core-off,http-cohort,prefix-reuse-B,exact_itl_ms,40,0,,,,
gb300-retained-e2e-core-off,http-cohort,short,exact_itl_ms,40,40,99.65152361356236,99.65239509595104,156.99100392857142,0.5457084285714286
gb300-retained-e2e-core-off,http-cohort,overall,last_token_latency_ms,600,560,99.30466847285211,99.29406086480802,4318.2652475357145,30.48432434375
gb300-retained-e2e-core-off,http-cohort,boundary-127,last_token_latency_ms,40,40,99.34802130893678,99.3484699721492,2698.60255835,17.582206000000003
gb300-retained-e2e-core-off,http-cohort,boundary-128,last_token_latency_ms,40,40,99.34599179209107,99.34632308533298,2690.3748022,17.586359
gb300-retained-e2e-core-off,http-cohort,boundary-129,last_token_latency_ms,40,40,99.3496742692948,99.35057888349738,2708.645523375,17.590516000000004
gb300-retained-e2e-core-off,http-cohort,engram-distinct-text,last_token_latency_ms,40,40,99.21955534347602,99.22003889933835,5410.183833425,42.197329374999995
gb300-retained-e2e-core-off,http-cohort,engram-repeated-text,last_token_latency_ms,40,40,99.2398918956551,99.2401918986455,5414.553605925,41.140216949999996
gb300-retained-e2e-core-off,http-cohort,heldout-burst-192,last_token_latency_ms,40,40,99.25490201158655,99.25541193492988,5432.5339671125,40.449999549999994
gb300-retained-e2e-core-off,http-cohort,heldout-burst-384,last_token_latency_ms,40,40,99.21874026396912,99.21922843413083,5404.498011275,42.196783749999994
gb300-retained-e2e-core-off,http-cohort,heldout-burst-768,last_token_latency_ms,40,40,99.14818601045936,99.1485107886751,5431.3084384875,46.247005387499975
gb300-retained-e2e-core-off,http-cohort,heldout-single-192,last_token_latency_ms,40,40,99.49111447139454,99.49137669256133,5229.52401335,26.598578
gb300-retained-e2e-core-off,http-cohort,heldout-single-384,last_token_latency_ms,40,40,99.47198356245283,99.47212531527778,5204.1641312,27.471465
gb300-retained-e2e-core-off,http-cohort,heldout-single-768,last_token_latency_ms,40,40,99.43111034335688,99.43112141595017,5185.208202075,29.497539000000007
gb300-retained-e2e-core-off,http-cohort,heterogeneous,last_token_latency_ms,40,40,99.11226139722206,99.1124902245401,5508.885665475,48.8918988
gb300-retained-e2e-core-off,http-cohort,prefix-cold-control,last_token_latency_ms,40,40,99.22847097376739,99.22849057157397,2688.5082976,20.742095000000003
gb300-retained-e2e-core-off,http-cohort,prefix-reuse-B,last_token_latency_ms,40,0,,,,
gb300-retained-e2e-core-off,http-cohort,short,last_token_latency_ms,40,40,99.40545497626718,99.40716393235715,1448.72241565,8.588549
gb300-retained-e2e-core-off,http-cohort,overall,output_tokens_per_second,600,560,14468.94204456855,13681.507512502068,8.873472163103154,1222.898232777841
gb300-retained-e2e-core-off,http-cohort,boundary-127,output_tokens_per_second,40,40,15005.99660537767,14995.605261955468,5.932314583909938,895.5187924844603
gb300-retained-e2e-core-off,http-cohort,boundary-128,output_tokens_per_second,40,40,14950.556874766302,14942.979085125671,5.949363730889907,894.961541735821
gb300-retained-e2e-core-off,http-cohort,boundary-129,output_tokens_per_second,40,40,15051.525121706945,15030.573978654445,5.914472996075211,894.8937121186998
gb300-retained-e2e-core-off,http-cohort,engram-distinct-text,output_tokens_per_second,40,40,12527.945009648412,12520.159233091103,11.834641707577067,1493.5506281620378
gb300-retained-e2e-core-off,http-cohort,engram-repeated-text,output_tokens_per_second,40,40,12856.574658531583,12851.447837332898,11.822310618771601,1531.160392957672
gb300-retained-e2e-core-off,http-cohort,heldout-burst-192,output_tokens_per_second,40,40,13126.236886081973,13117.173317617246,11.786778439855125,1557.8789349591939
gb300-retained-e2e-core-off,http-cohort,heldout-burst-384,output_tokens_per_second,40,40,12513.13210501011,12505.321086980312,11.847185466953945,1493.3757678796126
gb300-retained-e2e-core-off,http-cohort,heldout-burst-768,output_tokens_per_second,40,40,11458.902194762792,11454.454902306927,11.785644080682724,1361.766930248891
gb300-retained-e2e-core-off,http-cohort,heldout-single-192,output_tokens_per_second,40,40,19337.052991880297,19327.009567512116,6.121848191383893,1189.2920338487165
gb300-retained-e2e-core-off,http-cohort,heldout-single-384,output_tokens_per_second,40,40,18621.979990551863,18617.0127229379,6.150156985343514,1151.1256654273996
gb300-retained-e2e-core-off,http-cohort,heldout-single-768,output_tokens_per_second,40,40,17261.297105284288,17260.963232346865,6.171076413215031,1071.3583071382914
gb300-retained-e2e-core-off,http-cohort,heterogeneous,output_tokens_per_second,40,40,10943.181667445913,10940.37235015366,17.425446616840897,1923.834190176489
gb300-retained-e2e-core-off,http-cohort,prefix-cold-control,output_tokens_per_second,40,40,12635.342675768858,12635.011299714044,5.9505933733381955,757.8087384946542
gb300-retained-e2e-core-off,http-cohort,prefix-reuse-B,output_tokens_per_second,40,0,,,,
gb300-retained-e2e-core-off,http-cohort,short,output_tokens_per_second,40,40,16275.464737142682,16228.084198131863,5.536777078607107,904.049623257834
gb300-retained-e2e-core-off,http-cohort,overall,request_latency_ms,600,560,99.30476080945677,99.29414792319979,4318.797853785714,30.48432434375
gb300-retained-e2e-core-off,http-cohort,boundary-127,request_latency_ms,40,40,99.34810514330557,99.3485536336217,2698.9491242,17.582206000000003
gb300-retained-e2e-core-off,http-cohort,boundary-128,request_latency_ms,40,40,99.34607721004369,99.34640845773798,2690.7262201,17.586359
gb300-retained-e2e-core-off,http-cohort,boundary-129,request_latency_ms,40,40,99.34975855081856,99.35066316313033,2708.997087675,17.590516000000004
gb300-retained-e2e-core-off,http-cohort,engram-distinct-text,request_latency_ms,40,40,99.21965484801109,99.22013830564784,5410.8734511,42.197329374999995
gb300-retained-e2e-core-off,http-cohort,engram-repeated-text,request_latency_ms,40,40,99.23999597050485,99.24029599901438,5415.295548875,41.140216949999996
gb300-retained-e2e-core-off,http-cohort,heldout-burst-192,request_latency_ms,40,40,99.25499511229819,99.25550510171514,5433.213799475,40.449999549999994
gb300-retained-e2e-core-off,http-cohort,heldout-burst-384,request_latency_ms,40,40,99.21884042729735,99.21932846328039,5405.1905014125,42.196783749999994
gb300-retained-e2e-core-off,http-cohort,heldout-burst-768,request_latency_ms,40,40,99.14830687349074,99.1486315608369,5432.0789049875,46.247005387499975
gb300-retained-e2e-core-off,http-cohort,heldout-single-192,request_latency_ms,40,40,99.49114857305412,99.49141082497465,5229.874976925,26.598578
gb300-retained-e2e-core-off,http-cohort,heldout-single-384,request_latency_ms,40,40,99.47201930510197,99.47216106547546,5204.51660595,27.471465
gb300-retained-e2e-core-off,http-cohort,heldout-single-768,request_latency_ms,40,40,99.43115135259129,99.43116242430018,5185.582011475,29.497539000000007
gb300-retained-e2e-core-off,http-cohort,heterogeneous,request_latency_ms,40,40,99.11243256299937,99.11266114566187,5509.9467989,48.8918988
gb300-retained-e2e-core-off,http-cohort,prefix-cold-control,request_latency_ms,40,40,99.22857641839906,99.22859602844794,2688.875837425,20.742095000000003
gb300-retained-e2e-core-off,http-cohort,prefix-reuse-B,request_latency_ms,40,0,,,,
gb300-retained-e2e-core-off,http-cohort,short,request_latency_ms,40,40,99.40558898447883,99.40729757936643,1449.0490845,8.588549
gb300-retained-e2e-core-off,http-cohort,overall,ttft_ms,600,560,96.64172914250082,96.61398021238332,375.00928670625,12.69788865327381
gb300-retained-e2e-core-off,http-cohort,boundary-127,ttft_ms,40,40,97.2884765962595,97.28879172195805,346.314633075,9.389311
gb300-retained-e2e-core-off,http-cohort,boundary-128,ttft_ms,40,40,97.2802830400002,97.28037511510654,345.394471575,9.393434000000001
gb300-retained-e2e-core-off,http-cohort,boundary-129,ttft_ms,40,40,97.27420348407301,97.27425968994147,344.770812,9.397557
gb300-retained-e2e-core-off,http-cohort,engram-distinct-text,ttft_ms,40,40,95.9578302413048,96.02109214280465,395.2321073875,15.725921374999999
gb300-retained-e2e-core-off,http-cohort,engram-repeated-text,ttft_ms,40,40,96.15422132341875,96.21662561242786,401.7022476,15.19789995
gb300-retained-e2e-core-off,http-cohort,heldout-burst-192,ttft_ms,40,40,96.33379335073529,96.3856435364134,399.36528661250003,14.43448505
gb300-retained-e2e-core-off,http-cohort,heldout-burst-384,ttft_ms,40,40,95.91933453067912,95.97775347724024,390.96001851249997,15.72537575
gb300-retained-e2e-core-off,http-cohort,heldout-burst-768,ttft_ms,40,40,95.37115071210238,95.44091259138375,411.093695025,18.7421208875
gb300-retained-e2e-core-off,http-cohort,heldout-single-192,ttft_ms,40,40,97.21834718730373,97.21861633473678,347.369157325,9.661669
gb300-retained-e2e-core-off,http-cohort,heldout-single-384,ttft_ms,40,40,97.00429605879852,97.00442383003102,351.237471625,10.521586
gb300-retained-e2e-core-off,http-cohort,heldout-single-768,ttft_ms,40,40,96.43772188710422,96.43795503086237,351.877506,12.534035000000001
gb300-retained-e2e-core-off,http-cohort,heterogeneous,ttft_ms,40,40,95.69611932185556,95.74171621845407,463.67086240000003,19.744421133333333
gb300-retained-e2e-core-off,http-cohort,prefix-cold-control,ttft_ms,40,40,96.43253351923521,96.43267162680955,351.3563566,12.534035000000001
gb300-retained-e2e-core-off,http-cohort,prefix-reuse-B,ttft_ms,40,0,,,,
gb300-retained-e2e-core-off,http-cohort,short,ttft_ms,40,40,98.6158967421412,98.63670977646582,349.78538815,4.76859
gb300-retained-e2e-core-on,http-cohort,overall,average_tpot_ms,1500,1300,99.58855613584952,99.58741167011065,160.36712407535828,0.6616560389140966
gb300-retained-e2e-core-on,http-cohort,boundary-127,average_tpot_ms,100,100,99.65514475551612,99.65554534166455,158.56745925266668,0.5461930000000002
gb300-retained-e2e-core-on,http-cohort,boundary-128,average_tpot_ms,100,100,99.65407875354684,99.65422764280946,157.96375524,0.5461950000000002
gb300-retained-e2e-core-on,http-cohort,boundary-129,average_tpot_ms,100,100,99.65465518667371,99.65486606217198,158.256609044,0.5461972666666668
gb300-retained-e2e-core-on,http-cohort,engram-distinct-text,average_tpot_ms,100,100,99.48399492080591,99.48456542984165,164.10950955451614,0.8458771451612903
gb300-retained-e2e-core-on,http-cohort,engram-repeated-text,average_tpot_ms,100,100,99.48904134633983,99.4891989074523,163.83013055048386,0.8368460967741934
gb300-retained-e2e-core-on,http-cohort,heldout-burst-192,average_tpot_ms,100,100,99.48756471980374,99.48798785408579,163.53880883451612,0.8373385645161289
gb300-retained-e2e-core-on,http-cohort,heldout-burst-384,average_tpot_ms,100,100,99.48325309436876,99.48358056301956,163.77904743919356,0.8457868346774193
gb300-retained-e2e-core-on,http-cohort,heldout-burst-768,average_tpot_ms,100,100,99.4728686806825,99.47330041088213,164.0119315382258,0.8638501695161283
gb300-retained-e2e-core-on,http-cohort,heldout-single-192,average_tpot_ms,100,100,99.65464826718272,99.65484420051475,158.2913872635484,0.5463519032258064
gb300-retained-e2e-core-on,http-cohort,heldout-single-384,average_tpot_ms,100,100,99.65432779108805,99.6544400941851,158.22735251451613,0.5467702903225807
gb300-retained-e2e-core-on,http-cohort,heldout-single-768,average_tpot_ms,100,100,99.65398261833803,99.65423863249303,158.26227504741937,0.547209806451613
gb300-retained-e2e-core-on,http-cohort,heterogeneous,average_tpot_ms,100,0,,,,
gb300-retained-e2e-core-on,http-cohort,prefix-cold-control,average_tpot_ms,100,100,99.65445736707208,99.65487760428903,158.553604982,0.5472040000000001
gb300-retained-e2e-core-on,http-cohort,prefix-reuse-B,average_tpot_ms,100,0,,,,
gb300-retained-e2e-core-on,http-cohort,short,average_tpot_ms,100,100,99.65321226462544,99.65325590500312,157.38074171857141,0.5457084285714286
gb300-retained-e2e-core-on,http-cohort,overall,exact_itl_ms,1500,1300,99.58855613584952,99.58741167011065,160.36712407535828,0.6616560389140966
gb300-retained-e2e-core-on,http-cohort,boundary-127,exact_itl_ms,100,100,99.65514475551612,99.65554534166455,158.56745925266665,0.5461930000000002
gb300-retained-e2e-core-on,http-cohort,boundary-128,exact_itl_ms,100,100,99.65407875354684,99.65422764280947,157.96375524,0.5461950000000002
gb300-retained-e2e-core-on,http-cohort,boundary-129,exact_itl_ms,100,100,99.65465518667371,99.65486606217198,158.256609044,0.5461972666666668
gb300-retained-e2e-core-on,http-cohort,engram-distinct-text,exact_itl_ms,100,100,99.48399492080591,99.48456542984165,164.10950955451614,0.8458771451612903
gb300-retained-e2e-core-on,http-cohort,engram-repeated-text,exact_itl_ms,100,100,99.48904134633983,99.4891989074523,163.83013055048386,0.8368460967741934
gb300-retained-e2e-core-on,http-cohort,heldout-burst-192,exact_itl_ms,100,100,99.48756471980374,99.48798785408579,163.53880883451612,0.8373385645161289
gb300-retained-e2e-core-on,http-cohort,heldout-burst-384,exact_itl_ms,100,100,99.48325309436876,99.48358056301956,163.77904743919356,0.8457868346774193
gb300-retained-e2e-core-on,http-cohort,heldout-burst-768,exact_itl_ms,100,100,99.4728686806825,99.47330041088213,164.0119315382258,0.8638501695161283
gb300-retained-e2e-core-on,http-cohort,heldout-single-192,exact_itl_ms,100,100,99.65464826718272,99.65484420051475,158.2913872635484,0.5463519032258064
gb300-retained-e2e-core-on,http-cohort,heldout-single-384,exact_itl_ms,100,100,99.65432779108805,99.6544400941851,158.22735251451613,0.5467702903225807
gb300-retained-e2e-core-on,http-cohort,heldout-single-768,exact_itl_ms,100,100,99.65398261833803,99.65423863249302,158.26227504741937,0.547209806451613
gb300-retained-e2e-core-on,http-cohort,heterogeneous,exact_itl_ms,100,0,,,,
gb300-retained-e2e-core-on,http-cohort,prefix-cold-control,exact_itl_ms,100,100,99.65445736707208,99.65487760428903,158.553604982,0.5472040000000001
gb300-retained-e2e-core-on,http-cohort,prefix-reuse-B,exact_itl_ms,100,0,,,,
gb300-retained-e2e-core-on,http-cohort,short,exact_itl_ms,100,100,99.65321226462544,99.65325590500312,157.38074171857144,0.5457084285714286
gb300-retained-e2e-core-on,http-cohort,overall,last_token_latency_ms,1500,1300,99.34105658788967,99.33579208292453,4270.958664034615,28.36804558153846
gb300-retained-e2e-core-on,http-cohort,boundary-127,last_token_latency_ms,100,100,99.35423489021825,99.35483161928134,2725.21197961,17.582206
gb300-retained-e2e-core-on,http-cohort,boundary-128,last_token_latency_ms,100,100,99.35318972959841,99.35354366055806,2720.42486507,17.586359
gb300-retained-e2e-core-on,http-cohort,boundary-129,last_token_latency_ms,100,100,99.35321995189682,99.35354383258715,2720.7949876,17.588747
gb300-retained-e2e-core-on,http-cohort,engram-distinct-text,last_token_latency_ms,100,100,99.24862825010234,99.24952459172614,5490.10531801,41.2018903
gb300-retained-e2e-core-on,http-cohort,engram-repeated-text,last_token_latency_ms,100,100,99.25934863357992,99.25978183352647,5490.612266195,40.642509444999995
gb300-retained-e2e-core-on,http-cohort,heldout-burst-192,last_token_latency_ms,100,100,99.26250538513877,99.26319292173949,5458.80709574,40.22087706999999
gb300-retained-e2e-core-on,http-cohort,heldout-burst-384,last_token_latency_ms,100,100,99.24712857775891,99.24773106958234,5476.064709615,41.19473342
gb300-retained-e2e-core-on,http-cohort,heldout-burst-768,last_token_latency_ms,100,100,99.20957916090146,99.21042517905934,5491.65907714,43.36075732499998
gb300-retained-e2e-core-on,http-cohort,heldout-single-192,last_token_latency_ms,100,100,99.49647897215759,99.49681498099433,5262.98260078,26.48254
gb300-retained-e2e-core-on,http-cohort,heldout-single-384,last_token_latency_ms,100,100,99.48660960316117,99.48676198008452,5255.46256383,26.973032
gb300-retained-e2e-core-on,http-cohort,heldout-single-768,last_token_latency_ms,100,100,99.46592462113534,99.46628061545546,5257.24169152,28.058918000000006
gb300-retained-e2e-core-on,http-cohort,heterogeneous,last_token_latency_ms,100,0,,,,
gb300-retained-e2e-core-on,http-cohort,prefix-cold-control,last_token_latency_ms,100,100,99.29239807512191,99.29309476551958,2730.70180534,19.303474
gb300-retained-e2e-core-on,http-cohort,prefix-reuse-B,last_token_latency_ms,100,0,,,,
gb300-retained-e2e-core-on,http-cohort,short,last_token_latency_ms,100,100,99.40448979179477,99.40456276488712,1442.393672,8.588549
gb300-retained-e2e-core-on,http-cohort,overall,output_tokens_per_second,1500,1300,15178.28454227438,14580.261137929763,8.133763612917745,1194.0577387182354
gb300-retained-e2e-core-on,http-cohort,boundary-127,output_tokens_per_second,100,100,15157.053440633897,15143.052655146043,5.8757786232568545,895.6480294428577
gb300-retained-e2e-core-on,http-cohort,boundary-128,output_tokens_per_second,100,100,15119.682236219867,15111.458135833767,5.883906972996552,895.0280459487744
gb300-retained-e2e-core-on,http-cohort,boundary-129,output_tokens_per_second,100,100,15119.078979117206,15111.624335734203,5.882832427109039,894.8743691125816
gb300-retained-e2e-core-on,http-cohort,engram-distinct-text,output_tokens_per_second,100,100,13021.438243978095,13005.799812985122,11.669110420570354,1529.3302516761366
gb300-retained-e2e-core-on,http-cohort,engram-repeated-text,output_tokens_per_second,100,100,13200.287153471707,13192.607027371436,11.660847049528469,1550.0305743566562
gb300-retained-e2e-core-on,http-cohort,heldout-burst-192,output_tokens_per_second,100,100,13270.067669595099,13257.67173119956,11.733032482999034,1567.2599631940236
gb300-retained-e2e-core-on,http-cohort,heldout-burst-384,output_tokens_per_second,100,100,12985.654588917214,12975.233047131856,11.694463099644345,1529.0783038893376
gb300-retained-e2e-core-on,http-cohort,heldout-burst-768,output_tokens_per_second,100,100,12354.209591899682,12340.95817436731,11.664248554526495,1451.1442840228847
gb300-retained-e2e-core-on,http-cohort,heldout-single-192,output_tokens_per_second,100,100,19553.585123676887,19540.61440894633,6.083889999215247,1194.9133758103146
gb300-retained-e2e-core-on,http-cohort,heldout-single-384,output_tokens_per_second,100,100,19154.293598071305,19148.652724156353,6.090306275392151,1172.3019047877365
gb300-retained-e2e-core-on,http-cohort,heldout-single-768,output_tokens_per_second,100,100,18395.6601473308,18383.395609192885,6.090495963248174,1125.7304634490831
gb300-retained-e2e-core-on,http-cohort,heterogeneous,output_tokens_per_second,100,0,,,,
gb300-retained-e2e-core-on,http-cohort,prefix-cold-control,output_tokens_per_second,100,100,13782.847645384201,13769.404014696971,5.864293525823041,813.3425617041154
gb300-retained-e2e-core-on,http-cohort,prefix-reuse-B,output_tokens_per_second,100,0,,,,
gb300-retained-e2e-core-on,http-cohort,short,output_tokens_per_second,100,100,16203.840631270958,16202.0891680336,5.545721573620927,904.0684759425598
gb300-retained-e2e-core-on,http-cohort,overall,request_latency_ms,1500,1300,99.34113902567267,99.33586772079259,4271.445082505769,28.36804558153846
gb300-retained-e2e-core-on,http-cohort,boundary-127,request_latency_ms,100,100,99.35431781147189,99.35491443028133,2725.56182084,17.582206
gb300-retained-e2e-core-on,http-cohort,boundary-128,request_latency_ms,100,100,99.35327187281425,99.35362577624717,2720.77046914,17.586359
gb300-retained-e2e-core-on,http-cohort,boundary-129,request_latency_ms,100,100,99.35330217997614,99.35362603833578,2721.14101792,17.588747
gb300-retained-e2e-core-on,http-cohort,engram-distinct-text,request_latency_ms,100,100,99.248723044586,99.24961915671318,5490.797195665,41.2018903
gb300-retained-e2e-core-on,http-cohort,engram-repeated-text,request_latency_ms,100,100,99.25944488336994,99.25987797413164,5491.325487485,40.642509444999995
gb300-retained-e2e-core-on,http-cohort,heldout-burst-192,request_latency_ms,100,100,99.26259562230365,99.26328305858988,5459.4749773250005,40.22087706999999
gb300-retained-e2e-core-on,http-cohort,heldout-burst-384,request_latency_ms,100,100,99.24722422249735,99.24782660123107,5476.7602108,41.19473342
gb300-retained-e2e-core-on,http-cohort,heldout-burst-768,request_latency_ms,100,100,99.20969299121829,99.2105386767676,5492.44859108,43.36075732499998
gb300-retained-e2e-core-on,http-cohort,heldout-single-192,request_latency_ms,100,100,99.49650981168807,99.49684582995842,5263.30528033,26.48254
gb300-retained-e2e-core-on,http-cohort,heldout-single-384,request_latency_ms,100,100,99.48664366857514,99.48679604278654,5255.81138276,26.973032
gb300-retained-e2e-core-on,http-cohort,heldout-single-768,request_latency_ms,100,100,99.46596022871215,99.46631623927459,5257.59261662,28.058918000000006
gb300-retained-e2e-core-on,http-cohort,heterogeneous,request_latency_ms,100,0,,,,
gb300-retained-e2e-core-on,http-cohort,prefix-cold-control,request_latency_ms,100,100,99.29249226497441,99.29318892823535,2731.06559463,19.303474
gb300-retained-e2e-core-on,http-cohort,prefix-reuse-B,request_latency_ms,100,0,,,,
gb300-retained-e2e-core-on,http-cohort,short,request_latency_ms,100,100,99.4046287315575,99.40470216192455,1442.73142798,8.588549
gb300-retained-e2e-core-on,http-cohort,overall,ttft_ms,1500,1300,96.88544615002701,96.87402020100883,369.624022125,11.554372263846155
gb300-retained-e2e-core-on,http-cohort,boundary-127,ttft_ms,100,100,97.29133246814327,97.29180601660853,346.70009082,9.389311
gb300-retained-e2e-core-on,http-cohort,boundary-128,ttft_ms,100,100,97.30653974268454,97.32356806268787,350.96853647,9.393434000000001
gb300-retained-e2e-core-on,http-cohort,boundary-129,ttft_ms,100,100,97.29136703090825,97.29185751970746,346.94585194,9.395788
gb300-retained-e2e-core-on,http-cohort,engram-distinct-text,ttft_ms,100,100,96.22105685387189,96.28028124710994,402.71052182,14.979698800000001
gb300-retained-e2e-core-on,http-cohort,engram-repeated-text,ttft_ms,100,100,96.3610765561474,96.43091579932266,411.87821913,14.700280445
gb300-retained-e2e-core-on,http-cohort,heldout-burst-192,ttft_ms,100,100,96.28681108660918,96.3343011718431,389.10402187,14.26338157
gb300-retained-e2e-core-on,http-cohort,heldout-burst-384,ttft_ms,100,100,96.18876388197118,96.24597467803096,398.914239,14.975341545000001
gb300-retained-e2e-core-on,http-cohort,heldout-burst-768,ttft_ms,100,100,95.8520954725819,95.92883825738866,407.289199455,16.58140207
gb300-retained-e2e-core-on,http-cohort,heldout-single-192,ttft_ms,100,100,97.28212900563351,97.31826328285568,355.94959561,9.545631
gb300-retained-e2e-core-on,http-cohort,heldout-single-384,ttft_ms,100,100,97.13922757730136,97.13963060508911,350.41463588,10.023153
gb300-retained-e2e-core-on,http-cohort,heldout-single-768,ttft_ms,100,100,96.83952340685406,96.83991421964039,351.11116505,11.095414
gb300-retained-e2e-core-on,http-cohort,heterogeneous,ttft_ms,100,0,,,,
gb300-retained-e2e-core-on,http-cohort,prefix-cold-control,ttft_ms,100,100,96.85064472660015,96.85145134709187,352.39773061,11.095414
gb300-retained-e2e-core-on,http-cohort,prefix-reuse-B,ttft_ms,100,0,,,,
gb300-retained-e2e-core-on,http-cohort,short,ttft_ms,100,100,98.60023214104444,98.60047214121349,340.72847997,4.76859
gb300-retained-e2e-field-off,http-cohort,overall,average_tpot_ms,120,0,,,,
gb300-retained-e2e-field-off,http-cohort,boundary-129,average_tpot_ms,30,0,,,,
gb300-retained-e2e-field-off,http-cohort,engram-distinct-text,average_tpot_ms,30,0,,,,
gb300-retained-e2e-field-off,http-cohort,engram-repeated-text,average_tpot_ms,30,0,,,,
gb300-retained-e2e-field-off,http-cohort,heldout-single-192,average_tpot_ms,30,0,,,,
gb300-retained-e2e-field-off,http-cohort,overall,exact_itl_ms,120,0,,,,
gb300-retained-e2e-field-off,http-cohort,boundary-129,exact_itl_ms,30,0,,,,
gb300-retained-e2e-field-off,http-cohort,engram-distinct-text,exact_itl_ms,30,0,,,,
gb300-retained-e2e-field-off,http-cohort,engram-repeated-text,exact_itl_ms,30,0,,,,
gb300-retained-e2e-field-off,http-cohort,heldout-single-192,exact_itl_ms,30,0,,,,
gb300-retained-e2e-field-off,http-cohort,overall,last_token_latency_ms,120,0,,,,
gb300-retained-e2e-field-off,http-cohort,boundary-129,last_token_latency_ms,30,0,,,,
gb300-retained-e2e-field-off,http-cohort,engram-distinct-text,last_token_latency_ms,30,0,,,,
gb300-retained-e2e-field-off,http-cohort,engram-repeated-text,last_token_latency_ms,30,0,,,,
gb300-retained-e2e-field-off,http-cohort,heldout-single-192,last_token_latency_ms,30,0,,,,
gb300-retained-e2e-field-off,http-cohort,overall,output_tokens_per_second,120,0,,,,
gb300-retained-e2e-field-off,http-cohort,boundary-129,output_tokens_per_second,30,0,,,,
gb300-retained-e2e-field-off,http-cohort,engram-distinct-text,output_tokens_per_second,30,0,,,,
gb300-retained-e2e-field-off,http-cohort,engram-repeated-text,output_tokens_per_second,30,0,,,,
gb300-retained-e2e-field-off,http-cohort,heldout-single-192,output_tokens_per_second,30,0,,,,
gb300-retained-e2e-field-off,http-cohort,overall,request_latency_ms,120,0,,,,
gb300-retained-e2e-field-off,http-cohort,boundary-129,request_latency_ms,30,0,,,,
gb300-retained-e2e-field-off,http-cohort,engram-distinct-text,request_latency_ms,30,0,,,,
gb300-retained-e2e-field-off,http-cohort,engram-repeated-text,request_latency_ms,30,0,,,,
gb300-retained-e2e-field-off,http-cohort,heldout-single-192,request_latency_ms,30,0,,,,
gb300-retained-e2e-field-off,http-cohort,overall,ttft_ms,120,0,,,,
gb300-retained-e2e-field-off,http-cohort,boundary-129,ttft_ms,30,0,,,,
gb300-retained-e2e-field-off,http-cohort,engram-distinct-text,ttft_ms,30,0,,,,
gb300-retained-e2e-field-off,http-cohort,engram-repeated-text,ttft_ms,30,0,,,,
gb300-retained-e2e-field-off,http-cohort,heldout-single-192,ttft_ms,30,0,,,,
gb300-retained-e2e-field-on,http-cohort,overall,average_tpot_ms,120,0,,,,
gb300-retained-e2e-field-on,http-cohort,boundary-129,average_tpot_ms,30,0,,,,
gb300-retained-e2e-field-on,http-cohort,engram-distinct-text,average_tpot_ms,30,0,,,,
gb300-retained-e2e-field-on,http-cohort,engram-repeated-text,average_tpot_ms,30,0,,,,
gb300-retained-e2e-field-on,http-cohort,heldout-single-192,average_tpot_ms,30,0,,,,
gb300-retained-e2e-field-on,http-cohort,overall,exact_itl_ms,120,0,,,,
gb300-retained-e2e-field-on,http-cohort,boundary-129,exact_itl_ms,30,0,,,,
gb300-retained-e2e-field-on,http-cohort,engram-distinct-text,exact_itl_ms,30,0,,,,
gb300-retained-e2e-field-on,http-cohort,engram-repeated-text,exact_itl_ms,30,0,,,,
gb300-retained-e2e-field-on,http-cohort,heldout-single-192,exact_itl_ms,30,0,,,,
gb300-retained-e2e-field-on,http-cohort,overall,last_token_latency_ms,120,0,,,,
gb300-retained-e2e-field-on,http-cohort,boundary-129,last_token_latency_ms,30,0,,,,
gb300-retained-e2e-field-on,http-cohort,engram-distinct-text,last_token_latency_ms,30,0,,,,
gb300-retained-e2e-field-on,http-cohort,engram-repeated-text,last_token_latency_ms,30,0,,,,
gb300-retained-e2e-field-on,http-cohort,heldout-single-192,last_token_latency_ms,30,0,,,,
gb300-retained-e2e-field-on,http-cohort,overall,output_tokens_per_second,120,0,,,,
gb300-retained-e2e-field-on,http-cohort,boundary-129,output_tokens_per_second,30,0,,,,
gb300-retained-e2e-field-on,http-cohort,engram-distinct-text,output_tokens_per_second,30,0,,,,
gb300-retained-e2e-field-on,http-cohort,engram-repeated-text,output_tokens_per_second,30,0,,,,
gb300-retained-e2e-field-on,http-cohort,heldout-single-192,output_tokens_per_second,30,0,,,,
gb300-retained-e2e-field-on,http-cohort,overall,request_latency_ms,120,0,,,,
gb300-retained-e2e-field-on,http-cohort,boundary-129,request_latency_ms,30,0,,,,
gb300-retained-e2e-field-on,http-cohort,engram-distinct-text,request_latency_ms,30,0,,,,
gb300-retained-e2e-field-on,http-cohort,engram-repeated-text,request_latency_ms,30,0,,,,
gb300-retained-e2e-field-on,http-cohort,heldout-single-192,request_latency_ms,30,0,,,,
gb300-retained-e2e-field-on,http-cohort,overall,ttft_ms,120,0,,,,
gb300-retained-e2e-field-on,http-cohort,boundary-129,ttft_ms,30,0,,,,
gb300-retained-e2e-field-on,http-cohort,engram-distinct-text,ttft_ms,30,0,,,,
gb300-retained-e2e-field-on,http-cohort,engram-repeated-text,ttft_ms,30,0,,,,
gb300-retained-e2e-field-on,http-cohort,heldout-single-192,ttft_ms,30,0,,,,
gb300-retained-e2e-service-off,http-cohort,overall,average_tpot_ms,120,0,,,,
gb300-retained-e2e-service-off,http-cohort,boundary-129,average_tpot_ms,30,0,,,,
gb300-retained-e2e-service-off,http-cohort,engram-distinct-text,average_tpot_ms,30,0,,,,
gb300-retained-e2e-service-off,http-cohort,engram-repeated-text,average_tpot_ms,30,0,,,,
gb300-retained-e2e-service-off,http-cohort,heldout-single-192,average_tpot_ms,30,0,,,,
gb300-retained-e2e-service-off,http-cohort,overall,exact_itl_ms,120,0,,,,
gb300-retained-e2e-service-off,http-cohort,boundary-129,exact_itl_ms,30,0,,,,
gb300-retained-e2e-service-off,http-cohort,engram-distinct-text,exact_itl_ms,30,0,,,,
gb300-retained-e2e-service-off,http-cohort,engram-repeated-text,exact_itl_ms,30,0,,,,
gb300-retained-e2e-service-off,http-cohort,heldout-single-192,exact_itl_ms,30,0,,,,
gb300-retained-e2e-service-off,http-cohort,overall,last_token_latency_ms,120,0,,,,
gb300-retained-e2e-service-off,http-cohort,boundary-129,last_token_latency_ms,30,0,,,,
gb300-retained-e2e-service-off,http-cohort,engram-distinct-text,last_token_latency_ms,30,0,,,,
gb300-retained-e2e-service-off,http-cohort,engram-repeated-text,last_token_latency_ms,30,0,,,,
gb300-retained-e2e-service-off,http-cohort,heldout-single-192,last_token_latency_ms,30,0,,,,
gb300-retained-e2e-service-off,http-cohort,overall,output_tokens_per_second,120,0,,,,
gb300-retained-e2e-service-off,http-cohort,boundary-129,output_tokens_per_second,30,0,,,,
gb300-retained-e2e-service-off,http-cohort,engram-distinct-text,output_tokens_per_second,30,0,,,,
gb300-retained-e2e-service-off,http-cohort,engram-repeated-text,output_tokens_per_second,30,0,,,,
gb300-retained-e2e-service-off,http-cohort,heldout-single-192,output_tokens_per_second,30,0,,,,
gb300-retained-e2e-service-off,http-cohort,overall,request_latency_ms,120,0,,,,
gb300-retained-e2e-service-off,http-cohort,boundary-129,request_latency_ms,30,0,,,,
gb300-retained-e2e-service-off,http-cohort,engram-distinct-text,request_latency_ms,30,0,,,,
gb300-retained-e2e-service-off,http-cohort,engram-repeated-text,request_latency_ms,30,0,,,,
gb300-retained-e2e-service-off,http-cohort,heldout-single-192,request_latency_ms,30,0,,,,
gb300-retained-e2e-service-off,http-cohort,overall,ttft_ms,120,0,,,,
gb300-retained-e2e-service-off,http-cohort,boundary-129,ttft_ms,30,0,,,,
gb300-retained-e2e-service-off,http-cohort,engram-distinct-text,ttft_ms,30,0,,,,
gb300-retained-e2e-service-off,http-cohort,engram-repeated-text,ttft_ms,30,0,,,,
gb300-retained-e2e-service-off,http-cohort,heldout-single-192,ttft_ms,30,0,,,,
gb300-retained-e2e-service-on,http-cohort,overall,average_tpot_ms,120,0,,,,
gb300-retained-e2e-service-on,http-cohort,boundary-129,average_tpot_ms,30,0,,,,
gb300-retained-e2e-service-on,http-cohort,engram-distinct-text,average_tpot_ms,30,0,,,,
gb300-retained-e2e-service-on,http-cohort,engram-repeated-text,average_tpot_ms,30,0,,,,
gb300-retained-e2e-service-on,http-cohort,heldout-single-192,average_tpot_ms,30,0,,,,
gb300-retained-e2e-service-on,http-cohort,overall,exact_itl_ms,120,0,,,,
gb300-retained-e2e-service-on,http-cohort,boundary-129,exact_itl_ms,30,0,,,,
gb300-retained-e2e-service-on,http-cohort,engram-distinct-text,exact_itl_ms,30,0,,,,
gb300-retained-e2e-service-on,http-cohort,engram-repeated-text,exact_itl_ms,30,0,,,,
gb300-retained-e2e-service-on,http-cohort,heldout-single-192,exact_itl_ms,30,0,,,,
gb300-retained-e2e-service-on,http-cohort,overall,last_token_latency_ms,120,0,,,,
gb300-retained-e2e-service-on,http-cohort,boundary-129,last_token_latency_ms,30,0,,,,
gb300-retained-e2e-service-on,http-cohort,engram-distinct-text,last_token_latency_ms,30,0,,,,
gb300-retained-e2e-service-on,http-cohort,engram-repeated-text,last_token_latency_ms,30,0,,,,
gb300-retained-e2e-service-on,http-cohort,heldout-single-192,last_token_latency_ms,30,0,,,,
gb300-retained-e2e-service-on,http-cohort,overall,output_tokens_per_second,120,0,,,,
gb300-retained-e2e-service-on,http-cohort,boundary-129,output_tokens_per_second,30,0,,,,
gb300-retained-e2e-service-on,http-cohort,engram-distinct-text,output_tokens_per_second,30,0,,,,
gb300-retained-e2e-service-on,http-cohort,engram-repeated-text,output_tokens_per_second,30,0,,,,
gb300-retained-e2e-service-on,http-cohort,heldout-single-192,output_tokens_per_second,30,0,,,,
gb300-retained-e2e-service-on,http-cohort,overall,request_latency_ms,120,0,,,,
gb300-retained-e2e-service-on,http-cohort,boundary-129,request_latency_ms,30,0,,,,
gb300-retained-e2e-service-on,http-cohort,engram-distinct-text,request_latency_ms,30,0,,,,
gb300-retained-e2e-service-on,http-cohort,engram-repeated-text,request_latency_ms,30,0,,,,
gb300-retained-e2e-service-on,http-cohort,heldout-single-192,request_latency_ms,30,0,,,,
gb300-retained-e2e-service-on,http-cohort,overall,ttft_ms,120,0,,,,
gb300-retained-e2e-service-on,http-cohort,boundary-129,ttft_ms,30,0,,,,
gb300-retained-e2e-service-on,http-cohort,engram-distinct-text,ttft_ms,30,0,,,,
gb300-retained-e2e-service-on,http-cohort,engram-repeated-text,ttft_ms,30,0,,,,
gb300-retained-e2e-service-on,http-cohort,heldout-single-192,ttft_ms,30,0,,,,
gb300-retained-native-core-off,native-forward,overall,forward_ms,15756,15756,99.35046072101744,99.30667647432435,157.00117988034413,1.0885261156988029
gb300-retained-native-core-off,native-forward,boundary-127,forward_ms,680,680,99.36302007229125,99.31466828581189,155.6001770019531,1.0663773603272064
gb300-retained-native-core-off,native-forward,boundary-128,forward_ms,680,680,99.36214133917072,99.31160019031623,154.94221913954792,1.066621941676472
gb300-retained-native-core-off,native-forward,boundary-129,forward_ms,680,680,99.36169541278242,99.31624885544886,156.03140541525448,1.0668665203860304
gb300-retained-native-core-off,native-forward,engram-distinct-text,forward_ms,1334,1334,99.3366008566859,99.29734562863017,158.89285319498453,1.1164675787687932
gb300-retained-native-core-off,native-forward,engram-repeated-text,forward_ms,1337,1337,99.32589727561944,99.2853560242889,158.63178088260213,1.1336524656407374
gb300-retained-native-core-off,native-forward,heldout-burst-192,forward_ms,1337,1337,99.35428251292375,99.3219282024717,159.21477368739264,1.0795904778727303
gb300-retained-native-core-off,native-forward,heldout-burst-384,forward_ms,1333,1333,99.33887248233208,99.30074845415896,158.84442452318402,1.110722093960644
gb300-retained-native-core-off,native-forward,heldout-burst-768,forward_ms,1340,1340,99.25060517034404,99.19712941811873,158.72722404821596,1.2743741873198833
gb300-retained-native-core-off,native-forward,heldout-single-192,forward_ms,1320,1320,99.49583514649153,99.47000859837935,155.2052980596369,0.8225747345757584
gb300-retained-native-core-off,native-forward,heldout-single-384,forward_ms,1320,1320,99.48266648099877,99.45024284834145,154.43882507555412,0.849038485790304
gb300-retained-native-core-off,native-forward,heldout-single-768,forward_ms,1320,1320,99.44934828752,99.40817906415425,153.8383086349025,0.9104473178523661
gb300-retained-native-core-off,native-forward,heterogeneous,forward_ms,1355,1355,99.14825558850644,99.09323086153204,159.19083256457566,1.4434933409657777
gb300-retained-native-core-off,native-forward,prefix-cold-control,forward_ms,680,680,99.26849307703297,99.19070534412707,154.7411855361041,1.2523121449781216
gb300-retained-native-core-off,native-forward,prefix-reuse-B,forward_ms,680,680,99.33637180258495,99.28354020795236,155.37680758307962,1.1132123525000006
gb300-retained-native-core-off,native-forward,short,forward_ms,360,360,99.38857301159378,99.35562660516,157.50492782592772,1.014919850472223
gb300-retained-native-core-on,native-forward,overall,forward_ms,39393,38997,99.4241055909438,99.39848296680147,158.38833385821346,0.9527328067565102
gb300-retained-native-core-on,native-forward,boundary-127,forward_ms,1700,1700,99.36238774769527,99.32058456782654,156.95512786865234,1.0663773603272064
gb300-retained-native-core-on,native-forward,boundary-128,forward_ms,1700,1700,99.36459123297662,99.31914551166703,156.65930972828585,1.066621941676472
gb300-retained-native-core-on,native-forward,boundary-129,forward_ms,1700,1700,99.36254402717206,99.31913773001787,156.67815654081457,1.066762453189952
gb300-retained-native-core-on,native-forward,engram-distinct-text,forward_ms,3342,3284,99.44064695788703,99.42455257011169,160.41295780827735,0.9230922429155671
gb300-retained-native-core-on,native-forward,engram-repeated-text,forward_ms,3348,3296,99.42260495571006,99.40306261243576,160.18824608812054,0.9562235313833988
gb300-retained-native-core-on,native-forward,heldout-burst-192,forward_ms,3332,3264,99.47531816437787,99.46418057204491,159.96968389959898,0.8571486451723864
gb300-retained-native-core-on,native-forward,heldout-burst-384,forward_ms,3340,3280,99.4462243390769,99.43041719919367,160.11624767954757,0.9119946080791878
gb300-retained-native-core-on,native-forward,heldout-burst-768,forward_ms,3342,3284,99.42482693496675,99.40700800607468,160.43628513275777,0.9513743261884376
gb300-retained-native-core-on,native-forward,heldout-single-192,forward_ms,3300,3300,99.49867295835648,99.47573528092042,156.22993862267697,0.8190584488383852
gb300-retained-native-core-on,native-forward,heldout-single-384,forward_ms,3300,3300,99.49194471533637,99.46527753255701,155.95650062792228,0.8339344482953547
gb300-retained-native-core-on,native-forward,heldout-single-768,forward_ms,3300,3300,99.47403226696599,99.44436947518047,156.01243880763198,0.8668527325306025
gb300-retained-native-core-on,native-forward,heterogeneous,forward_ms,3389,3289,99.34523878179886,99.32845671693462,160.40656972939064,1.0771995446133065
gb300-retained-native-core-on,native-forward,prefix-cold-control,forward_ms,1700,1700,99.31326493751719,99.25708877592918,157.17724054673138,1.167687361706463
gb300-retained-native-core-on,native-forward,prefix-reuse-B,forward_ms,1700,1700,99.3470046236846,99.30385193951302,157.22598156199734,1.0945256212254908
gb300-retained-native-core-on,native-forward,short,forward_ms,900,900,99.38354076254807,99.35255419440541,156.75749872843426,1.014919850472223
gb300-retained-native-field-off,native-forward,overall,forward_ms,3503,3503,99.37809117283236,99.33933895043549,155.98927151186956,1.0305603583783316
gb300-retained-native-field-off,native-forward,boundary-129,forward_ms,510,510,99.35771148590001,99.30852428379285,154.28835682588465,1.0668665203860304
gb300-retained-native-field-off,native-forward,engram-distinct-text,forward_ms,1004,1004,99.31738471914133,99.27780109044171,158.2896800250171,1.1431663430839536
gb300-retained-native-field-off,native-forward,engram-repeated-text,forward_ms,999,999,99.33796238489421,99.29826826841123,157.46302077529188,1.1049679822984282
gb300-retained-native-field-off,native-forward,heldout-single-192,forward_ms,990,990,99.49064832332884,99.46252898773547,153.04541376287287,0.8225747345757584
gb300-retained-native-field-on,native-forward,overall,forward_ms,3503,3466,99.44715870697064,99.42495485654335,157.02501848400223,0.9029647428041618
gb300-retained-native-field-on,native-forward,boundary-129,forward_ms,510,510,99.3641106468725,99.31601548056233,155.96295279708562,1.066762453189952
gb300-retained-native-field-on,native-forward,engram-distinct-text,forward_ms,1003,986,99.43193070256632,99.4164009191925,159.43747853555737,0.9304756591961604
gb300-retained-native-field-on,native-forward,engram-repeated-text,forward_ms,1000,980,99.46027246139882,99.44654243898344,158.0620211698571,0.8748062072601368
gb300-retained-native-field-on,native-forward,heldout-single-192,forward_ms,990,990,99.49212622581217,99.46863693681851,154.14290258234197,0.8190584488383852
gb300-retained-native-service-off,native-forward,overall,forward_ms,3509,3509,99.37120481566036,99.33037033061998,155.87762566841235,1.0438028294008228
gb300-retained-native-service-off,native-forward,boundary-129,forward_ms,510,510,99.35877192796752,99.3083389148476,154.24700670429306,1.0668665203860304
gb300-retained-native-service-off,native-forward,engram-distinct-text,forward_ms,1005,1005,99.31261680916427,99.27038547977942,157.72169733000038,1.1507604052580311
gb300-retained-native-service-off,native-forward,engram-repeated-text,forward_ms,1004,1004,99.31797042754107,99.2750984783596,157.69953696566273,1.1431663430839536
gb300-retained-native-service-off,native-forward,heldout-single-192,forward_ms,990,990,99.49107253780551,99.46236226373573,152.99795365767045,0.8225747345757584
gb300-retained-native-service-on,native-forward,overall,forward_ms,3504,3468,99.44143870684886,99.41769845806404,155.97148580672143,0.9082243668329638
gb300-retained-native-service-on,native-forward,boundary-129,forward_ms,510,510,99.36047330437293,99.31370586393506,155.43808363372204,1.066762453189952
gb300-retained-native-service-on,native-forward,engram-distinct-text,forward_ms,1000,980,99.45822629179627,99.44469667543494,157.53664142842194,0.8748062072601368
gb300-retained-native-service-on,native-forward,engram-repeated-text,forward_ms,1004,988,99.41699196721329,99.39639691318153,157.2029548830349,0.9488818882438335
gb300-retained-native-service-on,native-forward,heldout-single-192,forward_ms,990,990,99.49092749550965,99.46629997069691,153.46794151537347,0.8190584488383852
