scope,configuration_ordinal,phase,status,observed_ms,predicted_ms,signed_error_percent,num_prefill_requests,sum_prefill_tokens,sum_prefill_kv_tokens,var_prefill_length,num_decode_requests,sum_decode_kv_tokens,var_decode_kv_tokens,failure
gb200/off/holdout38,0,prefill,predicted,806.1722801066935,827.467444119975,2.641515286343399,1,48,0,0.0,0,0,0.0,
gb200/off/holdout38,1,prefill,predicted,846.0818822495639,822.3760159434898,-2.801840673274425,1,96,0,0.0,0,0,0.0,
gb200/off/holdout38,2,prefill,predicted,777.0065222866833,788.2172521680418,1.442810267327732,1,192,0,0.0,0,0,0.0,
gb200/off/holdout38,3,prefill,predicted,752.7535152621567,778.5040310118347,3.4208429755004266,1,384,0,0.0,0,0,0.0,
gb200/off/holdout38,4,prefill,predicted,757.7066188678145,813.2806760258973,7.334508604547096,1,48,128,0.0,0,0,0.0,
gb200/off/holdout38,5,prefill,predicted,822.251180652529,808.9313705762228,-1.6199198480610022,1,96,128,0.0,0,0,0.0,
gb200/off/holdout38,6,prefill,predicted,770.0688042677939,816.9581948222196,6.088987152129821,1,192,128,0.0,0,0,0.0,
gb200/off/holdout38,7,prefill,predicted,760.9507259912789,818.6395140364766,7.581146331130362,1,384,128,0.0,0,0,0.0,
gb200/off/holdout38,8,prefill,predicted,943.5097509995103,824.8445771168917,-12.576994965543298,1,48,512,0.0,0,0,0.0,
gb200/off/holdout38,9,prefill,predicted,828.2519369386137,850.0995835629366,2.637802056349692,1,96,512,0.0,0,0,0.0,
gb200/off/holdout38,10,prefill,predicted,783.6911845952272,832.2176622652163,6.1920407711428815,1,192,512,0.0,0,0,0.0,
gb200/off/holdout38,11,prefill,predicted,777.3808930069208,829.7427899669856,6.735680980983227,1,384,512,0.0,0,0,0.0,
gb200/off/holdout38,12,prefill,predicted,800.735879689455,839.1442245338112,4.796630926448797,1,48,1536,0.0,0,0,0.0,
gb200/off/holdout38,13,prefill,predicted,852.6014238595963,842.8586341278066,-1.1427132842079413,1,96,1536,0.0,0,0,0.0,
gb200/off/holdout38,14,prefill,predicted,809.1107876971364,837.8435163868694,3.551148881788002,1,192,1536,0.0,0,0,0.0,
gb200/off/holdout38,15,prefill,predicted,782.7229257673025,828.7566774524748,5.881232064340702,1,384,1536,0.0,0,0,0.0,
gb200/off/holdout38,16,prefill,predicted,842.8040822036564,766.2329145241529,-9.085286758376288,2,96,0,0.0,0,0,0.0,
gb200/off/holdout38,17,prefill,predicted,797.0660128630698,807.609441823193,1.3227798940079305,2,192,0,0.0,0,0,0.0,
gb200/off/holdout38,18,prefill,predicted,813.0005286075175,785.5594641800354,-3.3752824828394923,2,384,0,0.0,0,0,0.0,
gb200/off/holdout38,19,prefill,predicted,773.2931040227413,794.7188010439277,2.770708404061528,2,96,256,0.0,0,0,0.0,
gb200/off/holdout38,20,prefill,predicted,779.0174097754061,778.7742222260151,-0.03121721624438356,2,192,256,0.0,0,0,0.0,
gb200/off/holdout38,21,prefill,predicted,821.4642689563334,762.0376937502012,-7.234225206366352,2,384,256,0.0,0,0,0.0,
gb200/off/holdout38,22,prefill,predicted,853.386515751481,806.3891020137817,-5.507166198462143,2,96,1024,0.0,0,0,0.0,
gb200/off/holdout38,23,prefill,predicted,869.2517201416194,799.9805240699696,-7.969060568596175,2,192,1024,0.0,0,0,0.0,
gb200/off/holdout38,24,prefill,predicted,832.9308032989502,784.5213512200716,-5.811941626740847,2,384,1024,0.0,0,0,0.0,
gb200/off/holdout38,25,prefill,predicted,801.2541243806481,829.5242635067552,3.5282363317579613,2,96,3072,0.0,0,0,0.0,
gb200/off/holdout38,26,prefill,predicted,859.4933222047985,805.8458922342176,-6.241750643619071,2,192,3072,0.0,0,0,0.0,
gb200/off/holdout38,27,prefill,predicted,811.9042082689703,828.2843873190774,2.017501434686575,2,384,3072,0.0,0,0,0.0,
gb200/off/holdout38,28,decode,predicted,748.5522571951151,751.2535497634893,0.3608689363246542,0,0,0,0.0,1,96,0.0,
gb200/off/holdout38,29,decode,predicted,702.4785671383142,749.1674704887853,6.646310013509393,0,0,0,0.0,1,192,0.0,
gb200/off/holdout38,30,decode,predicted,794.1398653201759,779.0639630984515,-1.8983938321300853,0,0,0,0.0,1,384,0.0,
gb200/off/holdout38,31,decode,predicted,742.3297399654984,785.0583216641098,5.75601102827934,0,0,0,0.0,1,768,0.0,
gb200/off/holdout38,32,decode,predicted,679.9596440978348,773.847830016166,13.807905621060979,0,0,0,0.0,1,1792,0.0,
gb200/off/holdout38,33,decode,predicted,708.7020128965378,795.476146700186,12.244093035519032,0,0,0,0.0,2,192,0.0,
gb200/off/holdout38,34,decode,predicted,742.6055818796158,771.1924174873848,3.849531474758461,0,0,0,0.0,2,384,0.0,
gb200/off/holdout38,35,decode,predicted,743.5985459014773,763.0377530585974,2.614207257970569,0,0,0,0.0,2,768,0.0,
gb200/off/holdout38,36,decode,predicted,732.4899639934301,759.1342772357166,3.6374987442866047,0,0,0,0.0,2,1536,0.0,
gb200/off/holdout38,37,decode,predicted,717.6857232116163,745.1372367795557,3.8250048287284955,0,0,0,0.0,2,3584,0.0,
gb300/off/forward-validation46,0,context,predicted,196.76326651824638,173.17571926116943,-11.987779870939285,1,31,0,0.0,0,0,0.0,
gb300/off/forward-validation46,1,context,predicted,201.59752940526232,178.39213247147816,-11.510754621965336,1,80,0,0.0,0,0,0.0,
gb300/off/forward-validation46,2,context,predicted,200.9781284723431,183.31681557307166,-8.787679054192122,1,126,0,0.0,0,0,0.0,
gb300/off/forward-validation46,3,context,predicted,197.91171594988555,174.36835220579277,-11.895891878404175,1,31,128,0.0,0,0,0.0,
gb300/off/forward-validation46,4,context,predicted,201.89279795158654,177.10526031613236,-12.277573983296907,1,80,128,0.0,0,0,0.0,
gb300/off/forward-validation46,5,context,predicted,197.60105496970937,180.25410545305243,-8.778773736464151,1,126,128,0.0,0,0,0.0,
gb300/off/forward-validation46,6,context,predicted,192.91017000796273,175.99493885040283,-8.768449665904965,1,31,512,0.0,0,0,0.0,
gb300/off/forward-validation46,7,context,predicted,197.57907098392025,177.50602625286768,-10.159499501182589,1,80,512,0.0,0,0,0.0,
gb300/off/forward-validation46,8,context,predicted,196.34990097256377,180.4973641047402,-8.073615922036382,1,126,512,0.0,0,0,0.0,
gb300/off/forward-validation46,9,context,predicted,186.56284554162994,176.33613872528076,-5.481641742040844,1,31,1536,0.0,0,0,0.0,
gb300/off/forward-validation46,10,context,predicted,183.4377910126932,175.89738391694567,-4.110607227725371,1,80,1536,0.0,0,0,0.0,
gb300/off/forward-validation46,11,context,predicted,182.20354901859537,181.50616745721726,-0.3827486155645321,1,126,1536,0.0,0,0,0.0,
gb300/off/forward-validation46,12,context,predicted,179.66418399009854,178.33743953704834,-0.7384579517102363,2,62,0,0.0,0,0,0.0,
gb300/off/forward-validation46,13,context,predicted,183.68509103311226,183.74999685136098,0.03533537636815076,2,160,0,0.0,0,0,0.0,
gb300/off/forward-validation46,14,context,predicted,183.45345504349098,184.31234474787635,0.4681785383555459,2,252,0,0.0,0,0,0.0,
gb300/off/forward-validation46,15,context,predicted,178.98086202330887,176.01843488278334,-1.6551641929960836,2,62,256,0.0,0,0,0.0,
gb300/off/forward-validation46,16,context,predicted,182.925303990487,180.15507617918365,-1.5144038308923191,2,160,256,0.0,0,0,0.0,
gb300/off/forward-validation46,17,context,predicted,182.8099259873852,180.41199791261175,-1.3117056209184907,2,252,256,0.0,0,0,0.0,
gb300/off/forward-validation46,18,context,predicted,178.65157750202343,175.61871814727783,-1.697639280409513,2,62,1024,0.0,0,0,0.0,
gb300/off/forward-validation46,19,context,predicted,183.00165695836768,183.5792001391214,0.3155945090077106,2,160,1024,0.0,0,0,0.0,
gb300/off/forward-validation46,20,context,predicted,183.16881044302136,183.87037900894407,0.38301748219353726,2,252,1024,0.0,0,0,0.0,
gb300/off/forward-validation46,21,context,predicted,178.9409889606759,176.54780769348145,-1.3374136809539916,2,62,3072,0.0,0,0,0.0,
gb300/off/forward-validation46,22,context,predicted,185.81257795449346,181.33292231484066,-2.410846288753332,2,160,3072,0.0,0,0,0.0,
gb300/off/forward-validation46,23,context,predicted,185.65641599707305,181.99523029630146,-1.9720221793085302,2,252,3072,0.0,0,0,0.0,
gb300/off/forward-validation46,24,context,predicted,185.70841691689566,183.07041656970978,-1.4205066151451673,1,257,0,0.0,0,0,0.0,
gb300/off/forward-validation46,25,context,predicted,185.99510844796896,183.1644515991211,-1.5218985447887357,1,320,0,0.0,0,0,0.0,
gb300/off/forward-validation46,26,context,predicted,178.06532850954682,176.47120666503906,-0.895245502227171,1,64,256,0.0,0,0,0.0,
gb300/off/forward-validation46,27,context,predicted,183.24122845660895,178.95635671464223,-2.3383775463944656,1,96,256,0.0,0,0,0.0,
gb300/off/forward-validation46,28,context,predicted,184.4597264425829,180.53857578067328,-2.1257489304204125,1,130,0,0.0,0,0,0.0,
gb300/off/forward-validation46,29,context,predicted,183.8493175455369,178.6103825225145,-2.8495808920937615,1,130,128,0.0,0,0,0.0,
gb300/off/forward-validation46,30,context,predicted,184.3853245372884,181.82966649813915,-1.3860419995803008,1,130,512,0.0,0,0,0.0,
gb300/off/forward-validation46,31,context,predicted,182.6837959815748,179.49652868556225,-1.744690753160183,1,130,1536,0.0,0,0,0.0,
gb300/off/forward-validation46,32,context,predicted,186.2279279739596,184.63671911044383,-0.8544415871599376,2,260,0,0.0,0,0,0.0,
gb300/off/forward-validation46,33,context,predicted,185.32121099997312,179.5920082348826,-3.0914986655744214,2,260,256,0.0,0,0,0.0,
gb300/off/forward-validation46,34,context,predicted,185.79179293010384,185.52281609482654,-0.14477325991384404,2,260,1024,0.0,0,0,0.0,
gb300/off/forward-validation46,35,context,predicted,187.7871030010283,183.03003322635317,-2.533224965214509,2,260,3072,0.0,0,0,0.0,
gb300/off/forward-validation46,36,generation,predicted,152.83011097926646,152.7514893062531,-0.05144383689156262,0,0,0,0.0,1,80,0.0,
gb300/off/forward-validation46,37,generation,predicted,152.8979199938476,152.7874250036525,-0.07226716373877062,0,0,0,0.0,1,160,0.0,
gb300/off/forward-validation46,38,generation,predicted,153.32437452161685,150.38745880126953,-1.915491734116448,0,0,0,0.0,1,320,0.0,
gb300/off/forward-validation46,39,generation,predicted,153.33967050537467,149.84185791015625,-2.2810878513631727,0,0,0,0.0,1,640,0.0,
gb300/off/forward-validation46,40,generation,predicted,153.34904653718695,154.14698791503906,0.5203432273435116,0,0,0,0.0,1,1920,0.0,
gb300/off/forward-validation46,41,generation,predicted,157.7350790030323,156.50622292170448,-0.7790632807203268,0,0,0,0.0,2,160,0.0,
gb300/off/forward-validation46,42,generation,predicted,157.9840739723295,155.9263269619679,-1.3025028147596762,0,0,0,0.0,2,320,0.0,
gb300/off/forward-validation46,43,generation,predicted,157.76995901251212,156.79215621948242,-0.6197648773884401,0,0,0,0.0,2,640,0.0,
gb300/off/forward-validation46,44,generation,predicted,158.00724300788715,155.7929573059082,-1.4013824048992651,0,0,0,0.0,2,1280,0.0,
gb300/off/forward-validation46,45,generation,prediction_unavailable,158.54499506531283,,,0,0,0,0.0,2,3840,0.0,"perf database error: FPM decode query total_kv_read_tokens=3840 is outside the collected domain [2, 3072] for model_path=""deepseek-ai/DeepSeek-V4.1-Flash"". FPM never extrapolates; collect a wider sweep or use forward_model='op_level'."
gb300/on/forward-validation46,0,context,predicted,198.33172153448686,173.19354343414307,-12.674814651862254,1,31,0,0.0,0,0,0.0,
gb300/on/forward-validation46,1,context,predicted,204.91194550413638,173.26444813561818,-15.444437507367947,1,80,0,0.0,0,0,0.0,
gb300/on/forward-validation46,2,context,predicted,203.53446947410703,178.4841538686601,-12.307652689086046,1,126,0,0.0,0,0,0.0,
gb300/on/forward-validation46,3,context,predicted,197.1967605059035,172.1543322355063,-12.699208752796686,1,31,128,0.0,0,0,0.0,
gb300/on/forward-validation46,4,context,predicted,200.6484915036708,171.19279479729101,-14.68024827180967,1,80,128,0.0,0,0,0.0,
gb300/on/forward-validation46,5,context,predicted,198.5816765227355,173.71761508041195,-12.520823611576715,1,126,128,0.0,0,0,0.0,
gb300/on/forward-validation46,6,context,predicted,192.7931445534341,173.3233118057251,-10.098820055457313,1,31,512,0.0,0,0,0.0,
gb300/on/forward-validation46,7,context,predicted,195.63577801454812,172.6850045824808,-11.731378414003924,1,80,512,0.0,0,0,0.0,
gb300/on/forward-validation46,8,context,predicted,196.442045038566,176.68013242691282,-10.059920017516344,1,126,512,0.0,0,0,0.0,
gb300/on/forward-validation46,9,context,predicted,177.2540524834767,171.83128261566162,-3.0593206710016307,1,31,1536,0.0,0,0,0.0,
gb300/on/forward-validation46,10,context,predicted,180.9256264823489,171.83902922130767,-5.022283154524665,1,80,1536,0.0,0,0,0.0,
gb300/on/forward-validation46,11,context,predicted,180.4641475318931,175.10462225051154,-2.9698559822994075,1,126,1536,0.0,0,0,0.0,
gb300/on/forward-validation46,12,context,prediction_unavailable,177.8407655074261,,,2,62,0,0.0,0,0,0.0,"invalid forward pass metrics: V4.1 Decoder replay requires per-request extend lengths; FPM v1 aggregates with multiple prefill requests cannot identify the tails, even when prompt-length variance is zero"
gb300/on/forward-validation46,13,context,prediction_unavailable,183.02965653128922,,,2,160,0,0.0,0,0,0.0,"invalid forward pass metrics: V4.1 Decoder replay requires per-request extend lengths; FPM v1 aggregates with multiple prefill requests cannot identify the tails, even when prompt-length variance is zero"
gb300/on/forward-validation46,14,context,prediction_unavailable,182.69107601372525,,,2,252,0,0.0,0,0,0.0,"invalid forward pass metrics: V4.1 Decoder replay requires per-request extend lengths; FPM v1 aggregates with multiple prefill requests cannot identify the tails, even when prompt-length variance is zero"
gb300/on/forward-validation46,15,context,prediction_unavailable,178.23614599183202,,,2,62,256,0.0,0,0,0.0,"invalid forward pass metrics: V4.1 Decoder replay requires per-request extend lengths; FPM v1 aggregates with multiple prefill requests cannot identify the tails, even when prompt-length variance is zero"
gb300/on/forward-validation46,16,context,prediction_unavailable,182.67978000221774,,,2,160,256,0.0,0,0,0.0,"invalid forward pass metrics: V4.1 Decoder replay requires per-request extend lengths; FPM v1 aggregates with multiple prefill requests cannot identify the tails, even when prompt-length variance is zero"
gb300/on/forward-validation46,17,context,prediction_unavailable,183.1471790210344,,,2,252,256,0.0,0,0,0.0,"invalid forward pass metrics: V4.1 Decoder replay requires per-request extend lengths; FPM v1 aggregates with multiple prefill requests cannot identify the tails, even when prompt-length variance is zero"
gb300/on/forward-validation46,18,context,prediction_unavailable,178.72597748646513,,,2,62,1024,0.0,0,0,0.0,"invalid forward pass metrics: V4.1 Decoder replay requires per-request extend lengths; FPM v1 aggregates with multiple prefill requests cannot identify the tails, even when prompt-length variance is zero"
gb300/on/forward-validation46,19,context,prediction_unavailable,182.68155545229092,,,2,160,1024,0.0,0,0,0.0,"invalid forward pass metrics: V4.1 Decoder replay requires per-request extend lengths; FPM v1 aggregates with multiple prefill requests cannot identify the tails, even when prompt-length variance is zero"
gb300/on/forward-validation46,20,context,prediction_unavailable,182.8913344652392,,,2,252,1024,0.0,0,0,0.0,"invalid forward pass metrics: V4.1 Decoder replay requires per-request extend lengths; FPM v1 aggregates with multiple prefill requests cannot identify the tails, even when prompt-length variance is zero"
gb300/on/forward-validation46,21,context,prediction_unavailable,179.291985463351,,,2,62,3072,0.0,0,0,0.0,"invalid forward pass metrics: V4.1 Decoder replay requires per-request extend lengths; FPM v1 aggregates with multiple prefill requests cannot identify the tails, even when prompt-length variance is zero"
gb300/on/forward-validation46,22,context,prediction_unavailable,183.52294398937374,,,2,160,3072,0.0,0,0,0.0,"invalid forward pass metrics: V4.1 Decoder replay requires per-request extend lengths; FPM v1 aggregates with multiple prefill requests cannot identify the tails, even when prompt-length variance is zero"
gb300/on/forward-validation46,23,context,prediction_unavailable,183.39564598863944,,,2,252,3072,0.0,0,0,0.0,"invalid forward pass metrics: V4.1 Decoder replay requires per-request extend lengths; FPM v1 aggregates with multiple prefill requests cannot identify the tails, even when prompt-length variance is zero"
gb300/on/forward-validation46,24,context,predicted,182.3173420270905,178.87295538187027,-1.8892260093987256,1,257,0,0.0,0,0,0.0,
gb300/on/forward-validation46,25,context,predicted,182.65633954433724,179.3343849182129,-1.8186911192961897,1,320,0,0.0,0,0,0.0,
gb300/on/forward-validation46,26,context,predicted,176.60756246186793,170.62582397460938,-3.3870228453835916,1,64,256,0.0,0,0,0.0,
gb300/on/forward-validation46,27,context,predicted,181.18278199108317,172.3846207876054,-4.855958776430958,1,96,256,0.0,0,0,0.0,
gb300/on/forward-validation46,28,context,predicted,183.25047648977488,180.09706872654712,-1.7208183158005097,1,130,0,0.0,0,0,0.0,
gb300/on/forward-validation46,29,context,predicted,182.12855549063534,174.96661537056994,-3.932354320151432,1,130,128,0.0,0,0,0.0,
gb300/on/forward-validation46,30,context,predicted,182.77520494302735,176.75463939276267,-3.293972807822232,1,130,512,0.0,0,0,0.0,
gb300/on/forward-validation46,31,context,predicted,182.26961354957893,176.64762734240435,-3.084434150975668,1,130,1536,0.0,0,0,0.0,
gb300/on/forward-validation46,32,context,prediction_unavailable,185.71103998692706,,,2,260,0,0.0,0,0,0.0,"invalid forward pass metrics: V4.1 Decoder replay requires per-request extend lengths; FPM v1 aggregates with multiple prefill requests cannot identify the tails, even when prompt-length variance is zero"
gb300/on/forward-validation46,33,context,prediction_unavailable,185.785569017753,,,2,260,256,0.0,0,0,0.0,"invalid forward pass metrics: V4.1 Decoder replay requires per-request extend lengths; FPM v1 aggregates with multiple prefill requests cannot identify the tails, even when prompt-length variance is zero"
gb300/on/forward-validation46,34,context,prediction_unavailable,191.86597800580785,,,2,260,1024,0.0,0,0,0.0,"invalid forward pass metrics: V4.1 Decoder replay requires per-request extend lengths; FPM v1 aggregates with multiple prefill requests cannot identify the tails, even when prompt-length variance is zero"
gb300/on/forward-validation46,35,context,prediction_unavailable,192.76103150332347,,,2,260,3072,0.0,0,0,0.0,"invalid forward pass metrics: V4.1 Decoder replay requires per-request extend lengths; FPM v1 aggregates with multiple prefill requests cannot identify the tails, even when prompt-length variance is zero"
gb300/on/forward-validation46,36,generation,predicted,161.34509904077277,152.55165075877355,-5.45008700870242,0,0,0,0.0,1,80,0.0,
gb300/on/forward-validation46,37,generation,predicted,162.09002246614546,150.33508817417416,-7.252102327536203,0,0,0,0.0,1,160,0.0,
gb300/on/forward-validation46,38,generation,predicted,162.35154547030106,151.2165184020996,-6.8585901267188,0,0,0,0.0,1,320,0.0,
gb300/on/forward-validation46,39,generation,predicted,162.76355198351666,151.1736717224121,-7.120685263908644,0,0,0,0.0,1,640,0.0,
gb300/on/forward-validation46,40,generation,predicted,162.64404589310288,150.2997283935547,-7.589775224640838,0,0,0,0.0,1,1920,0.0,
gb300/on/forward-validation46,41,generation,predicted,170.7748695043847,154.66172572544642,-9.435313184955806,0,0,0,0.0,2,160,0.0,
gb300/on/forward-validation46,42,generation,predicted,170.74422899167985,156.7816350741649,-8.177490975812319,0,0,0,0.0,2,320,0.0,
gb300/on/forward-validation46,43,generation,predicted,170.94797547906637,157.02869415283203,-8.142407821576592,0,0,0,0.0,2,640,0.0,
gb300/on/forward-validation46,44,generation,predicted,172.11832851171494,158.14738082885742,-8.117059817895345,0,0,0,0.0,2,1280,0.0,
gb300/on/forward-validation46,45,generation,prediction_unavailable,171.06351349502802,,,0,0,0,0.0,2,3840,0.0,"perf database error: FPM decode query total_kv_read_tokens=3840 is outside the collected domain [2, 3072] for model_path=""deepseek-ai/DeepSeek-V4.1-Flash"". FPM never extrapolates; collect a wider sweep or use forward_model='op_level'."
